stim1,stim2,outcome,train_trials.thisRepN,train_trials.thisTrialN,train_trials.thisN,train_trials.thisIndex,train_trials2.thisRepN,train_trials2.thisTrialN,train_trials2.thisN,train_trials2.thisIndex,test_trials.thisRepN,test_trials.thisTrialN,test_trials.thisN,test_trials.thisIndex,start_exp.keys,start_exp.rt,start_exp2.keys,start_exp2.rt,stim.A,stim.B,pressed,key_ans.keys,key_ans.rt,key_answ.keys,key_answ.rt,start.keys,start.rt,rating.response,rating.rt,rating.history,exit_exp.keys,exit_exp.rt,date,frameRate,expName,session,participant,
,,,,,,,,,,,,,,,space,405.565367861,,,,,,,,,,,,,,,,,2017_Sep_27_0935,60.0601353624,Exp13,001,001,
,,,,,,,,,,,,,,,,,space,4.34986934022,,,,,,,,,,,,,,,2017_Sep_27_0935,60.0601353624,Exp13,001,001,
G,J,Stomach Ache,0,0,0,6,,,,,,,,,,,,,peach,apple,stomach ache,m,10.6130703176,,,,,,,,,,2017_Sep_27_0935,60.0601353624,Exp13,001,001,
A,D,Stomach Ache,0,1,1,1,,,,,,,,,,,,,cherry,orange,stomach ache,m,6.2834052105,,,,,,,,,,2017_Sep_27_0935,60.0601353624,Exp13,001,001,
F, ,Stomach Ache,0,2,2,4,,,,,,,,,,,,,strawberry,,no stomach ache,z,6.41499764998,,,,,,,,,,2017_Sep_27_0935,60.0601353624,Exp13,001,001,
C,E,No Stomach Ache,0,3,3,3,,,,,,,,,,,,,kiwi,pear,stomach ache,m,3.81942597888,,,,,,,,,,2017_Sep_27_0935,60.0601353624,Exp13,001,001,
H,J,No Stomach Ache,0,4,4,7,,,,,,,,,,,,,plum,apple,stomach ache,m,7.616466387,,,,,,,,,,2017_Sep_27_0935,60.0601353624,Exp13,001,001,
F,I,Stomach Ache,0,5,5,5,,,,,,,,,,,,,strawberry,banana,stomach ache,m,4.41948246338,,,,,,,,,,2017_Sep_27_0935,60.0601353624,Exp13,001,001,
B,E,Stomach Ache,0,6,6,2,,,,,,,,,,,,,mango,pear,stomach ache,m,6.88843576078,,,,,,,,,,2017_Sep_27_0935,60.0601353624,Exp13,001,001,
A, ,Stomach Ache,0,7,7,0,,,,,,,,,,,,,cherry,,stomach ache,m,2.51924655135,,,,,,,,,,2017_Sep_27_0935,60.0601353624,Exp13,001,001,
A, ,Stomach Ache,1,0,8,0,,,,,,,,,,,,,cherry,,stomach ache,m,2.93826845957,,,,,,,,,,2017_Sep_27_0935,60.0601353624,Exp13,001,001,
H,J,No Stomach Ache,1,1,9,7,,,,,,,,,,,,,plum,apple,stomach ache,m,4.53110409702,,,,,,,,,,2017_Sep_27_0935,60.0601353624,Exp13,001,001,
B,E,Stomach Ache,1,2,10,2,,,,,,,,,,,,,mango,pear,stomach ache,m,4.0163770057,,,,,,,,,,2017_Sep_27_0935,60.0601353624,Exp13,001,001,
A,D,Stomach Ache,1,3,11,1,,,,,,,,,,,,,cherry,orange,stomach ache,m,2.15243221072,,,,,,,,,,2017_Sep_27_0935,60.0601353624,Exp13,001,001,
C,E,No Stomach Ache,1,4,12,3,,,,,,,,,,,,,kiwi,pear,no stomach ache,z,2.87029597669,,,,,,,,,,2017_Sep_27_0935,60.0601353624,Exp13,001,001,
G,J,Stomach Ache,1,5,13,6,,,,,,,,,,,,,peach,apple,stomach ache,m,1.75123651712,,,,,,,,,,2017_Sep_27_0935,60.0601353624,Exp13,001,001,
F, ,Stomach Ache,1,6,14,4,,,,,,,,,,,,,strawberry,,stomach ache,m,2.42021949163,,,,,,,,,,2017_Sep_27_0935,60.0601353624,Exp13,001,001,
F,I,Stomach Ache,1,7,15,5,,,,,,,,,,,,,strawberry,banana,stomach ache,m,1.13356624733,,,,,,,,,,2017_Sep_27_0935,60.0601353624,Exp13,001,001,
A, ,Stomach Ache,2,0,16,0,,,,,,,,,,,,,cherry,,stomach ache,m,1.15007379032,,,,,,,,,,2017_Sep_27_0935,60.0601353624,Exp13,001,001,
C,E,No Stomach Ache,2,1,17,3,,,,,,,,,,,,,kiwi,pear,no stomach ache,z,2.15370993634,,,,,,,,,,2017_Sep_27_0935,60.0601353624,Exp13,001,001,
F,I,Stomach Ache,2,2,18,5,,,,,,,,,,,,,strawberry,banana,no stomach ache,z,1.58459813937,,,,,,,,,,2017_Sep_27_0935,60.0601353624,Exp13,001,001,
A,D,Stomach Ache,2,3,19,1,,,,,,,,,,,,,cherry,orange,stomach ache,m,2.05165462142,,,,,,,,,,2017_Sep_27_0935,60.0601353624,Exp13,001,001,
H,J,No Stomach Ache,2,4,20,7,,,,,,,,,,,,,plum,apple,stomach ache,m,3.85174848229,,,,,,,,,,2017_Sep_27_0935,60.0601353624,Exp13,001,001,
G,J,Stomach Ache,2,5,21,6,,,,,,,,,,,,,peach,apple,stomach ache,m,1.20285110245,,,,,,,,,,2017_Sep_27_0935,60.0601353624,Exp13,001,001,
B,E,Stomach Ache,2,6,22,2,,,,,,,,,,,,,mango,pear,no stomach ache,z,3.34892338231,,,,,,,,,,2017_Sep_27_0935,60.0601353624,Exp13,001,001,
F, ,Stomach Ache,2,7,23,4,,,,,,,,,,,,,strawberry,,stomach ache,m,1.41933617762,,,,,,,,,,2017_Sep_27_0935,60.0601353624,Exp13,001,001,
G,J,Stomach Ache,3,0,24,6,,,,,,,,,,,,,peach,apple,no stomach ache,z,2.83325313281,,,,,,,,,,2017_Sep_27_0935,60.0601353624,Exp13,001,001,
B,E,Stomach Ache,3,1,25,2,,,,,,,,,,,,,mango,pear,stomach ache,m,2.13272772896,,,,,,,,,,2017_Sep_27_0935,60.0601353624,Exp13,001,001,
F, ,Stomach Ache,3,2,26,4,,,,,,,,,,,,,strawberry,,stomach ache,m,1.08361351022,,,,,,,,,,2017_Sep_27_0935,60.0601353624,Exp13,001,001,
A,D,Stomach Ache,3,3,27,1,,,,,,,,,,,,,cherry,orange,stomach ache,m,3.45337806365,,,,,,,,,,2017_Sep_27_0935,60.0601353624,Exp13,001,001,
F,I,Stomach Ache,3,4,28,5,,,,,,,,,,,,,strawberry,banana,stomach ache,m,3.44806348102,,,,,,,,,,2017_Sep_27_0935,60.0601353624,Exp13,001,001,
A, ,Stomach Ache,3,5,29,0,,,,,,,,,,,,,cherry,,stomach ache,m,2.31918782707,,,,,,,,,,2017_Sep_27_0935,60.0601353624,Exp13,001,001,
H,J,No Stomach Ache,3,6,30,7,,,,,,,,,,,,,plum,apple,no stomach ache,z,1.8498222698,,,,,,,,,,2017_Sep_27_0935,60.0601353624,Exp13,001,001,
C,E,No Stomach Ache,3,7,31,3,,,,,,,,,,,,,kiwi,pear,no stomach ache,z,3.39819228598,,,,,,,,,,2017_Sep_27_0935,60.0601353624,Exp13,001,001,
F, ,Stomach Ache,4,0,32,4,,,,,,,,,,,,,strawberry,,stomach ache,m,0.80032798807,,,,,,,,,,2017_Sep_27_0935,60.0601353624,Exp13,001,001,
H,J,No Stomach Ache,4,1,33,7,,,,,,,,,,,,,plum,apple,no stomach ache,z,2.74863102077,,,,,,,,,,2017_Sep_27_0935,60.0601353624,Exp13,001,001,
A,D,Stomach Ache,4,2,34,1,,,,,,,,,,,,,cherry,orange,stomach ache,m,1.5655120474,,,,,,,,,,2017_Sep_27_0935,60.0601353624,Exp13,001,001,
C,E,No Stomach Ache,4,3,35,3,,,,,,,,,,,,,kiwi,pear,no stomach ache,z,0.848189328769,,,,,,,,,,2017_Sep_27_0935,60.0601353624,Exp13,001,001,
B,E,Stomach Ache,4,4,36,2,,,,,,,,,,,,,mango,pear,no stomach ache,z,0.783966730839,,,,,,,,,,2017_Sep_27_0935,60.0601353624,Exp13,001,001,
F,I,Stomach Ache,4,5,37,5,,,,,,,,,,,,,strawberry,banana,no stomach ache,z,1.34938078778,,,,,,,,,,2017_Sep_27_0935,60.0601353624,Exp13,001,001,
G,J,Stomach Ache,4,6,38,6,,,,,,,,,,,,,peach,apple,no stomach ache,z,1.28182196463,,,,,,,,,,2017_Sep_27_0935,60.0601353624,Exp13,001,001,
A, ,Stomach Ache,4,7,39,0,,,,,,,,,,,,,cherry,,stomach ache,m,0.819306640499,,,,,,,,,,2017_Sep_27_0935,60.0601353624,Exp13,001,001,
H,J,No Stomach Ache,5,0,40,7,,,,,,,,,,,,,plum,apple,stomach ache,m,0.684219791203,,,,,,,,,,2017_Sep_27_0935,60.0601353624,Exp13,001,001,
G,J,Stomach Ache,5,1,41,6,,,,,,,,,,,,,peach,apple,stomach ache,m,1.5835839381,,,,,,,,,,2017_Sep_27_0935,60.0601353624,Exp13,001,001,
F,I,Stomach Ache,5,2,42,5,,,,,,,,,,,,,strawberry,banana,no stomach ache,z,2.24741786387,,,,,,,,,,2017_Sep_27_0935,60.0601353624,Exp13,001,001,
C,E,No Stomach Ache,5,3,43,3,,,,,,,,,,,,,kiwi,pear,no stomach ache,z,0.998444051472,,,,,,,,,,2017_Sep_27_0935,60.0601353624,Exp13,001,001,
F, ,Stomach Ache,5,4,44,4,,,,,,,,,,,,,strawberry,,stomach ache,m,0.950013316203,,,,,,,,,,2017_Sep_27_0935,60.0601353624,Exp13,001,001,
A,D,Stomach Ache,5,5,45,1,,,,,,,,,,,,,cherry,orange,stomach ache,m,1.70043091305,,,,,,,,,,2017_Sep_27_0935,60.0601353624,Exp13,001,001,
A, ,Stomach Ache,5,6,46,0,,,,,,,,,,,,,cherry,,stomach ache,m,0.619376703678,,,,,,,,,,2017_Sep_27_0935,60.0601353624,Exp13,001,001,
B,E,Stomach Ache,5,7,47,2,,,,,,,,,,,,,mango,pear,stomach ache,m,1.1680574896,,,,,,,,,,2017_Sep_27_0935,60.0601353624,Exp13,001,001,
G,J,Stomach Ache,6,0,48,6,,,,,,,,,,,,,peach,apple,stomach ache,m,1.0643779828,,,,,,,,,,2017_Sep_27_0935,60.0601353624,Exp13,001,001,
C,E,No Stomach Ache,6,1,49,3,,,,,,,,,,,,,kiwi,pear,no stomach ache,z,1.98226897612,,,,,,,,,,2017_Sep_27_0935,60.0601353624,Exp13,001,001,
F, ,Stomach Ache,6,2,50,4,,,,,,,,,,,,,strawberry,,stomach ache,m,0.750605528552,,,,,,,,,,2017_Sep_27_0935,60.0601353624,Exp13,001,001,
F,I,Stomach Ache,6,3,51,5,,,,,,,,,,,,,strawberry,banana,stomach ache,m,1.86664898172,,,,,,,,,,2017_Sep_27_0935,60.0601353624,Exp13,001,001,
H,J,No Stomach Ache,6,4,52,7,,,,,,,,,,,,,plum,apple,stomach ache,m,2.76595083469,,,,,,,,,,2017_Sep_27_0935,60.0601353624,Exp13,001,001,
B,E,Stomach Ache,6,5,53,2,,,,,,,,,,,,,mango,pear,stomach ache,m,1.83256020026,,,,,,,,,,2017_Sep_27_0935,60.0601353624,Exp13,001,001,
A,D,Stomach Ache,6,6,54,1,,,,,,,,,,,,,cherry,orange,stomach ache,m,2.9151360615,,,,,,,,,,2017_Sep_27_0935,60.0601353624,Exp13,001,001,
A, ,Stomach Ache,6,7,55,0,,,,,,,,,,,,,cherry,,stomach ache,m,0.816881726564,,,,,,,,,,2017_Sep_27_0935,60.0601353624,Exp13,001,001,
A,D,Stomach Ache,7,0,56,1,,,,,,,,,,,,,cherry,orange,stomach ache,m,0.717153685089,,,,,,,,,,2017_Sep_27_0935,60.0601353624,Exp13,001,001,
C,E,No Stomach Ache,7,1,57,3,,,,,,,,,,,,,kiwi,pear,no stomach ache,z,0.851468859507,,,,,,,,,,2017_Sep_27_0935,60.0601353624,Exp13,001,001,
F, ,Stomach Ache,7,2,58,4,,,,,,,,,,,,,strawberry,,stomach ache,m,0.850112041593,,,,,,,,,,2017_Sep_27_0935,60.0601353624,Exp13,001,001,
G,J,Stomach Ache,7,3,59,6,,,,,,,,,,,,,peach,apple,stomach ache,m,2.33159796894,,,,,,,,,,2017_Sep_27_0935,60.0601353624,Exp13,001,001,
F,I,Stomach Ache,7,4,60,5,,,,,,,,,,,,,strawberry,banana,stomach ache,m,1.16996970345,,,,,,,,,,2017_Sep_27_0935,60.0601353624,Exp13,001,001,
H,J,No Stomach Ache,7,5,61,7,,,,,,,,,,,,,plum,apple,no stomach ache,z,1.51587952913,,,,,,,,,,2017_Sep_27_0935,60.0601353624,Exp13,001,001,
A, ,Stomach Ache,7,6,62,0,,,,,,,,,,,,,cherry,,stomach ache,m,0.620107082575,,,,,,,,,,2017_Sep_27_0935,60.0601353624,Exp13,001,001,
B,E,Stomach Ache,7,7,63,2,,,,,,,,,,,,,mango,pear,stomach ache,m,1.66808041237,,,,,,,,,,2017_Sep_27_0935,60.0601353624,Exp13,001,001,
B,E,Stomach Ache,8,0,64,2,,,,,,,,,,,,,mango,pear,stomach ache,m,1.02191976611,,,,,,,,,,2017_Sep_27_0935,60.0601353624,Exp13,001,001,
H,J,No Stomach Ache,8,1,65,7,,,,,,,,,,,,,plum,apple,no stomach ache,z,1.49949937374,,,,,,,,,,2017_Sep_27_0935,60.0601353624,Exp13,001,001,
A, ,Stomach Ache,8,2,66,0,,,,,,,,,,,,,cherry,,stomach ache,m,0.619430948397,,,,,,,,,,2017_Sep_27_0935,60.0601353624,Exp13,001,001,
G,J,Stomach Ache,8,3,67,6,,,,,,,,,,,,,peach,apple,stomach ache,m,1.33408167715,,,,,,,,,,2017_Sep_27_0935,60.0601353624,Exp13,001,001,
F, ,Stomach Ache,8,4,68,4,,,,,,,,,,,,,strawberry,,stomach ache,m,0.600271013617,,,,,,,,,,2017_Sep_27_0935,60.0601353624,Exp13,001,001,
C,E,No Stomach Ache,8,5,69,3,,,,,,,,,,,,,kiwi,pear,no stomach ache,z,0.919665670547,,,,,,,,,,2017_Sep_27_0935,60.0601353624,Exp13,001,001,
A,D,Stomach Ache,8,6,70,1,,,,,,,,,,,,,cherry,orange,stomach ache,m,0.815278182669,,,,,,,,,,2017_Sep_27_0935,60.0601353624,Exp13,001,001,
F,I,Stomach Ache,8,7,71,5,,,,,,,,,,,,,strawberry,banana,stomach ache,m,0.950456373072,,,,,,,,,,2017_Sep_27_0935,60.0601353624,Exp13,001,001,
F,I,Stomach Ache,9,0,72,5,,,,,,,,,,,,,strawberry,banana,stomach ache,m,0.583222773263,,,,,,,,,,2017_Sep_27_0935,60.0601353624,Exp13,001,001,
A,D,Stomach Ache,9,1,73,1,,,,,,,,,,,,,cherry,orange,stomach ache,m,0.852822177761,,,,,,,,,,2017_Sep_27_0935,60.0601353624,Exp13,001,001,
G,J,Stomach Ache,9,2,74,6,,,,,,,,,,,,,peach,apple,stomach ache,m,1.01806244162,,,,,,,,,,2017_Sep_27_0935,60.0601353624,Exp13,001,001,
B,E,Stomach Ache,9,3,75,2,,,,,,,,,,,,,mango,pear,stomach ache,m,1.13110073734,,,,,,,,,,2017_Sep_27_0935,60.0601353624,Exp13,001,001,
H,J,No Stomach Ache,9,4,76,7,,,,,,,,,,,,,plum,apple,stomach ache,m,1.93241457944,,,,,,,,,,2017_Sep_27_0935,60.0601353624,Exp13,001,001,
C,E,No Stomach Ache,9,5,77,3,,,,,,,,,,,,,kiwi,pear,no stomach ache,z,0.768096475808,,,,,,,,,,2017_Sep_27_0935,60.0601353624,Exp13,001,001,
F, ,Stomach Ache,9,6,78,4,,,,,,,,,,,,,strawberry,,stomach ache,m,1.91931535465,,,,,,,,,,2017_Sep_27_0935,60.0601353624,Exp13,001,001,
A, ,Stomach Ache,9,7,79,0,,,,,,,,,,,,,cherry,,stomach ache,m,0.638276963738,,,,,,,,,,2017_Sep_27_0935,60.0601353624,Exp13,001,001,
H,J,No Stomach Ache,10,0,80,7,,,,,,,,,,,,,plum,apple,no stomach ache,z,0.937182865248,,,,,,,,,,2017_Sep_27_0935,60.0601353624,Exp13,001,001,
A,D,Stomach Ache,10,1,81,1,,,,,,,,,,,,,cherry,orange,stomach ache,m,0.99924232376,,,,,,,,,,2017_Sep_27_0935,60.0601353624,Exp13,001,001,
G,J,Stomach Ache,10,2,82,6,,,,,,,,,,,,,peach,apple,stomach ache,m,2.63234574114,,,,,,,,,,2017_Sep_27_0935,60.0601353624,Exp13,001,001,
F,I,Stomach Ache,10,3,83,5,,,,,,,,,,,,,strawberry,banana,stomach ache,m,1.03458853281,,,,,,,,,,2017_Sep_27_0935,60.0601353624,Exp13,001,001,
A, ,Stomach Ache,10,4,84,0,,,,,,,,,,,,,cherry,,stomach ache,m,1.08369260253,,,,,,,,,,2017_Sep_27_0935,60.0601353624,Exp13,001,001,
B,E,Stomach Ache,10,5,85,2,,,,,,,,,,,,,mango,pear,stomach ache,m,1.23230633498,,,,,,,,,,2017_Sep_27_0935,60.0601353624,Exp13,001,001,
F, ,Stomach Ache,10,6,86,4,,,,,,,,,,,,,strawberry,,stomach ache,m,0.605873618203,,,,,,,,,,2017_Sep_27_0935,60.0601353624,Exp13,001,001,
C,E,No Stomach Ache,10,7,87,3,,,,,,,,,,,,,kiwi,pear,no stomach ache,z,0.853488162927,,,,,,,,,,2017_Sep_27_0935,60.0601353624,Exp13,001,001,
F, ,Stomach Ache,11,0,88,4,,,,,,,,,,,,,strawberry,,stomach ache,m,0.63865772667,,,,,,,,,,2017_Sep_27_0935,60.0601353624,Exp13,001,001,
H,J,No Stomach Ache,11,1,89,7,,,,,,,,,,,,,plum,apple,no stomach ache,z,1.44909098099,,,,,,,,,,2017_Sep_27_0935,60.0601353624,Exp13,001,001,
A,D,Stomach Ache,11,2,90,1,,,,,,,,,,,,,cherry,orange,stomach ache,m,1.03224376107,,,,,,,,,,2017_Sep_27_0935,60.0601353624,Exp13,001,001,
F,I,Stomach Ache,11,3,91,5,,,,,,,,,,,,,strawberry,banana,stomach ache,m,0.58152018901,,,,,,,,,,2017_Sep_27_0935,60.0601353624,Exp13,001,001,
G,J,Stomach Ache,11,4,92,6,,,,,,,,,,,,,peach,apple,stomach ache,m,1.99900714665,,,,,,,,,,2017_Sep_27_0935,60.0601353624,Exp13,001,001,
A, ,Stomach Ache,11,5,93,0,,,,,,,,,,,,,cherry,,stomach ache,m,0.60034380653,,,,,,,,,,2017_Sep_27_0935,60.0601353624,Exp13,001,001,
B,E,Stomach Ache,11,6,94,2,,,,,,,,,,,,,mango,pear,stomach ache,m,1.2484016181,,,,,,,,,,2017_Sep_27_0935,60.0601353624,Exp13,001,001,
C,E,No Stomach Ache,11,7,95,3,,,,,,,,,,,,,kiwi,pear,no stomach ache,z,1.35288289685,,,,,,,,,,2017_Sep_27_0935,60.0601353624,Exp13,001,001,
D,C,Stomach Ache,,,,,0,0,0,0,,,,,,,,,orange,kiwi,no stomach ache,,,z,2.0027755798,,,,,,,,2017_Sep_27_0935,60.0601353624,Exp13,001,001,
D,C,Stomach Ache,,,,,1,0,1,0,,,,,,,,,orange,kiwi,no stomach ache,,,z,1.33351158265,,,,,,,,2017_Sep_27_0935,60.0601353624,Exp13,001,001,
D,C,Stomach Ache,,,,,2,0,2,0,,,,,,,,,orange,kiwi,stomach ache,,,m,0.952849790073,,,,,,,,2017_Sep_27_0935,60.0601353624,Exp13,001,001,
D,C,Stomach Ache,,,,,3,0,3,0,,,,,,,,,orange,kiwi,stomach ache,,,m,0.586207282721,,,,,,,,2017_Sep_27_0935,60.0601353624,Exp13,001,001,
D,C,Stomach Ache,,,,,4,0,4,0,,,,,,,,,orange,kiwi,stomach ache,,,m,3.93895544269,,,,,,,,2017_Sep_27_0935,60.0601353624,Exp13,001,001,
D,C,Stomach Ache,,,,,5,0,5,0,,,,,,,,,orange,kiwi,stomach ache,,,m,3.16680286174,,,,,,,,2017_Sep_27_0935,60.0601353624,Exp13,001,001,
,,,,,,,,,,,,,,,,,,,,,,,,,,space,12.3497968973,,,,,,2017_Sep_27_0935,60.0601353624,Exp13,001,001,
J, ,,,,,,,,,,0,0,0,9,,,,,apple,,,,,,,,,10,16.209,"[(None, 0.0), (u'10', 16.209)]",,,2017_Sep_27_0935,60.0601353624,Exp13,001,001,
I,C,,,,,,,,,,0,1,1,10,,,,,banana,kiwi,,,,,,,,7,3.777,"[(None, 0.0), (u'7', 3.777)]",,,2017_Sep_27_0935,60.0601353624,Exp13,001,001,
D,H,,,,,,,,,,0,2,2,11,,,,,orange,plum,,,,,,,,5,2.943,"[(None, 0.0), (u'5', 2.943)]",,,2017_Sep_27_0935,60.0601353624,Exp13,001,001,
H, ,,,,,,,,,,0,3,3,7,,,,,plum,,,,,,,,,1,1.638,"[(None, 0.0), (u'1', 1.638)]",,,2017_Sep_27_0935,60.0601353624,Exp13,001,001,
E, ,,,,,,,,,,0,4,4,4,,,,,pear,,,,,,,,,1,0.854,"[(None, 0.0), (u'1', 0.854)]",,,2017_Sep_27_0935,60.0601353624,Exp13,001,001,
B, ,,,,,,,,,,0,5,5,1,,,,,mango,,,,,,,,,8,2.903,"[(None, 0.0), (u'8', 2.903)]",,,2017_Sep_27_0935,60.0601353624,Exp13,001,001,
I, ,,,,,,,,,,0,6,6,8,,,,,banana,,,,,,,,,8,2.704,"[(None, 0.0), (u'8', 2.704)]",,,2017_Sep_27_0935,60.0601353624,Exp13,001,001,
C, ,,,,,,,,,,0,7,7,2,,,,,kiwi,,,,,,,,,2,1.538,"[(None, 0.0), (u'2', 1.538)]",,,2017_Sep_27_0935,60.0601353624,Exp13,001,001,
F, ,,,,,,,,,,0,8,8,5,,,,,strawberry,,,,,,,,,10,1.236,"[(None, 0.0), (u'10', 1.236)]",,,2017_Sep_27_0935,60.0601353624,Exp13,001,001,
A, ,,,,,,,,,,0,9,9,0,,,,,cherry,,,,,,,,,10,0.703,"[(None, 0.0), (u'10', 0.703)]",,,2017_Sep_27_0935,60.0601353624,Exp13,001,001,
G, ,,,,,,,,,,0,10,10,6,,,,,peach,,,,,,,,,8,2.043,"[(None, 0.0), (u'8', 2.043)]",,,2017_Sep_27_0935,60.0601353624,Exp13,001,001,
D, ,,,,,,,,,,0,11,11,3,,,,,orange,,,,,,,,,8,1.353,"[(None, 0.0), (u'8', 1.353)]",,,2017_Sep_27_0935,60.0601353624,Exp13,001,001,
I,C,,,,,,,,,,1,0,12,10,,,,,banana,kiwi,,,,,,,,2,3.137,"[(None, 0.0), (u'2', 3.137)]",,,2017_Sep_27_0935,60.0601353624,Exp13,001,001,
D, ,,,,,,,,,,1,1,13,3,,,,,orange,,,,,,,,,9,2.337,"[(None, 0.0), (u'9', 2.337)]",,,2017_Sep_27_0935,60.0601353624,Exp13,001,001,
F, ,,,,,,,,,,1,2,14,5,,,,,strawberry,,,,,,,,,10,1.538,"[(None, 0.0), (u'10', 1.538)]",,,2017_Sep_27_0935,60.0601353624,Exp13,001,001,
H, ,,,,,,,,,,1,3,15,7,,,,,plum,,,,,,,,,1,1.71,"[(None, 0.0), (u'1', 1.71)]",,,2017_Sep_27_0935,60.0601353624,Exp13,001,001,
I, ,,,,,,,,,,1,4,16,8,,,,,banana,,,,,,,,,10,1.304,"[(None, 0.0), (u'10', 1.304)]",,,2017_Sep_27_0935,60.0601353624,Exp13,001,001,
J, ,,,,,,,,,,1,5,17,9,,,,,apple,,,,,,,,,10,3.853,"[(None, 0.0), (u'10', 3.853)]",,,2017_Sep_27_0935,60.0601353624,Exp13,001,001,
E, ,,,,,,,,,,1,6,18,4,,,,,pear,,,,,,,,,0,1.343,"[(None, 0.0), (u'0', 1.343)]",,,2017_Sep_27_0935,60.0601353624,Exp13,001,001,
C, ,,,,,,,,,,1,7,19,2,,,,,kiwi,,,,,,,,,0,1.338,"[(None, 0.0), (u'0', 1.338)]",,,2017_Sep_27_0935,60.0601353624,Exp13,001,001,
D,H,,,,,,,,,,1,8,20,11,,,,,orange,plum,,,,,,,,1,1.91,"[(None, 0.0), (u'1', 1.909)]",,,2017_Sep_27_0935,60.0601353624,Exp13,001,001,
A, ,,,,,,,,,,1,9,21,0,,,,,cherry,,,,,,,,,10,1.337,"[(None, 0.0), (u'10', 1.337)]",,,2017_Sep_27_0935,60.0601353624,Exp13,001,001,
B, ,,,,,,,,,,1,10,22,1,,,,,mango,,,,,,,,,5,2.093,"[(None, 0.0), (u'5', 2.093)]",,,2017_Sep_27_0935,60.0601353624,Exp13,001,001,
G, ,,,,,,,,,,1,11,23,6,,,,,peach,,,,,,,,,8,1.971,"[(None, 0.0), (u'8', 1.971)]",,,2017_Sep_27_0935,60.0601353624,Exp13,001,001,
,,,,,,,,,,,,,,,,,,,,,,,,,,,,,,,space,1.99999090089,2017_Sep_27_0935,60.0601353624,Exp13,001,001,
