stim1,stim2,outcome,train_trials.thisRepN,train_trials.thisTrialN,train_trials.thisN,train_trials.thisIndex,train_trials2.thisRepN,train_trials2.thisTrialN,train_trials2.thisN,train_trials2.thisIndex,test_trials.thisRepN,test_trials.thisTrialN,test_trials.thisN,test_trials.thisIndex,start_exp.keys,start_exp.rt,start_exp2.keys,start_exp2.rt,stim.A,stim.B,pressed,key_ans.keys,key_ans.rt,key_answ.keys,key_answ.rt,start.keys,start.rt,rating.response,rating.rt,rating.history,exit_exp.keys,exit_exp.rt,date,frameRate,expName,session,participant,
,,,,,,,,,,,,,,,space,176.90457444,,,,,,,,,,,,,,,,,2017_Sep_27_0954,60.0108158966,Exp13,001,002,
,,,,,,,,,,,,,,,,,space,22.1823385493,,,,,,,,,,,,,,,2017_Sep_27_0954,60.0108158966,Exp13,001,002,
H,J,No Stomach Ache,0,0,0,7,,,,,,,,,,,,,plum,cherry,stomach ache,m,5.93478629855,,,,,,,,,,2017_Sep_27_0954,60.0108158966,Exp13,001,002,
C,E,No Stomach Ache,0,1,1,3,,,,,,,,,,,,,apple,peach,no stomach ache,z,4.08944359267,,,,,,,,,,2017_Sep_27_0954,60.0108158966,Exp13,001,002,
A, ,Stomach Ache,0,2,2,0,,,,,,,,,,,,,banana,,no stomach ache,z,2.62159898734,,,,,,,,,,2017_Sep_27_0954,60.0108158966,Exp13,001,002,
F,I,Stomach Ache,0,3,3,5,,,,,,,,,,,,,strawberry,orange,stomach ache,m,4.81701611348,,,,,,,,,,2017_Sep_27_0954,60.0108158966,Exp13,001,002,
A,D,Stomach Ache,0,4,4,1,,,,,,,,,,,,,banana,mango,stomach ache,m,2.9692901396,,,,,,,,,,2017_Sep_27_0954,60.0108158966,Exp13,001,002,
F, ,Stomach Ache,0,5,5,4,,,,,,,,,,,,,strawberry,,no stomach ache,z,1.05011477133,,,,,,,,,,2017_Sep_27_0954,60.0108158966,Exp13,001,002,
G,J,Stomach Ache,0,6,6,6,,,,,,,,,,,,,pear,cherry,no stomach ache,z,2.0325783285,,,,,,,,,,2017_Sep_27_0954,60.0108158966,Exp13,001,002,
B,E,Stomach Ache,0,7,7,2,,,,,,,,,,,,,kiwi,peach,no stomach ache,z,1.48580415697,,,,,,,,,,2017_Sep_27_0954,60.0108158966,Exp13,001,002,
G,J,Stomach Ache,1,0,8,6,,,,,,,,,,,,,pear,cherry,stomach ache,m,1.96672173964,,,,,,,,,,2017_Sep_27_0954,60.0108158966,Exp13,001,002,
A,D,Stomach Ache,1,1,9,1,,,,,,,,,,,,,banana,mango,stomach ache,m,1.68265054397,,,,,,,,,,2017_Sep_27_0954,60.0108158966,Exp13,001,002,
A, ,Stomach Ache,1,2,10,0,,,,,,,,,,,,,banana,,stomach ache,m,1.85043436022,,,,,,,,,,2017_Sep_27_0954,60.0108158966,Exp13,001,002,
C,E,No Stomach Ache,1,3,11,3,,,,,,,,,,,,,apple,peach,no stomach ache,z,1.50067910889,,,,,,,,,,2017_Sep_27_0954,60.0108158966,Exp13,001,002,
H,J,No Stomach Ache,1,4,12,7,,,,,,,,,,,,,plum,cherry,no stomach ache,z,1.77053993794,,,,,,,,,,2017_Sep_27_0954,60.0108158966,Exp13,001,002,
F,I,Stomach Ache,1,5,13,5,,,,,,,,,,,,,strawberry,orange,stomach ache,m,1.270313335,,,,,,,,,,2017_Sep_27_0954,60.0108158966,Exp13,001,002,
F, ,Stomach Ache,1,6,14,4,,,,,,,,,,,,,strawberry,,no stomach ache,z,1.53360285376,,,,,,,,,,2017_Sep_27_0954,60.0108158966,Exp13,001,002,
B,E,Stomach Ache,1,7,15,2,,,,,,,,,,,,,kiwi,peach,no stomach ache,z,2.04969341235,,,,,,,,,,2017_Sep_27_0954,60.0108158966,Exp13,001,002,
F, ,Stomach Ache,2,0,16,4,,,,,,,,,,,,,strawberry,,stomach ache,m,2.45268583103,,,,,,,,,,2017_Sep_27_0954,60.0108158966,Exp13,001,002,
B,E,Stomach Ache,2,1,17,2,,,,,,,,,,,,,kiwi,peach,stomach ache,m,1.38769190819,,,,,,,,,,2017_Sep_27_0954,60.0108158966,Exp13,001,002,
C,E,No Stomach Ache,2,2,18,3,,,,,,,,,,,,,apple,peach,stomach ache,m,1.60432186927,,,,,,,,,,2017_Sep_27_0954,60.0108158966,Exp13,001,002,
F,I,Stomach Ache,2,3,19,5,,,,,,,,,,,,,strawberry,orange,stomach ache,m,2.67836941074,,,,,,,,,,2017_Sep_27_0954,60.0108158966,Exp13,001,002,
H,J,No Stomach Ache,2,4,20,7,,,,,,,,,,,,,plum,cherry,stomach ache,m,1.68615370294,,,,,,,,,,2017_Sep_27_0954,60.0108158966,Exp13,001,002,
G,J,Stomach Ache,2,5,21,6,,,,,,,,,,,,,pear,cherry,no stomach ache,z,1.12260321458,,,,,,,,,,2017_Sep_27_0954,60.0108158966,Exp13,001,002,
A, ,Stomach Ache,2,6,22,0,,,,,,,,,,,,,banana,,stomach ache,m,1.10015709971,,,,,,,,,,2017_Sep_27_0954,60.0108158966,Exp13,001,002,
A,D,Stomach Ache,2,7,23,1,,,,,,,,,,,,,banana,mango,stomach ache,m,0.9507282966,,,,,,,,,,2017_Sep_27_0954,60.0108158966,Exp13,001,002,
A, ,Stomach Ache,3,0,24,0,,,,,,,,,,,,,banana,,stomach ache,m,0.869315372149,,,,,,,,,,2017_Sep_27_0954,60.0108158966,Exp13,001,002,
B,E,Stomach Ache,3,1,25,2,,,,,,,,,,,,,kiwi,peach,stomach ache,m,1.26383371579,,,,,,,,,,2017_Sep_27_0954,60.0108158966,Exp13,001,002,
F, ,Stomach Ache,3,2,26,4,,,,,,,,,,,,,strawberry,,stomach ache,m,0.688461378285,,,,,,,,,,2017_Sep_27_0954,60.0108158966,Exp13,001,002,
H,J,No Stomach Ache,3,3,27,7,,,,,,,,,,,,,plum,cherry,stomach ache,m,0.867809818714,,,,,,,,,,2017_Sep_27_0954,60.0108158966,Exp13,001,002,
G,J,Stomach Ache,3,4,28,6,,,,,,,,,,,,,pear,cherry,stomach ache,m,2.06619115629,,,,,,,,,,2017_Sep_27_0954,60.0108158966,Exp13,001,002,
F,I,Stomach Ache,3,5,29,5,,,,,,,,,,,,,strawberry,orange,stomach ache,m,1.23689228854,,,,,,,,,,2017_Sep_27_0954,60.0108158966,Exp13,001,002,
C,E,No Stomach Ache,3,6,30,3,,,,,,,,,,,,,apple,peach,stomach ache,m,0.816318981347,,,,,,,,,,2017_Sep_27_0954,60.0108158966,Exp13,001,002,
A,D,Stomach Ache,3,7,31,1,,,,,,,,,,,,,banana,mango,stomach ache,m,1.22115082097,,,,,,,,,,2017_Sep_27_0954,60.0108158966,Exp13,001,002,
F,I,Stomach Ache,4,0,32,5,,,,,,,,,,,,,strawberry,orange,stomach ache,m,0.93142907538,,,,,,,,,,2017_Sep_27_0954,60.0108158966,Exp13,001,002,
C,E,No Stomach Ache,4,1,33,3,,,,,,,,,,,,,apple,peach,stomach ache,m,1.47195635505,,,,,,,,,,2017_Sep_27_0954,60.0108158966,Exp13,001,002,
A,D,Stomach Ache,4,2,34,1,,,,,,,,,,,,,banana,mango,stomach ache,m,1.01862378697,,,,,,,,,,2017_Sep_27_0954,60.0108158966,Exp13,001,002,
A, ,Stomach Ache,4,3,35,0,,,,,,,,,,,,,banana,,stomach ache,m,0.933754948956,,,,,,,,,,2017_Sep_27_0954,60.0108158966,Exp13,001,002,
F, ,Stomach Ache,4,4,36,4,,,,,,,,,,,,,strawberry,,stomach ache,m,1.00503705964,,,,,,,,,,2017_Sep_27_0954,60.0108158966,Exp13,001,002,
B,E,Stomach Ache,4,5,37,2,,,,,,,,,,,,,kiwi,peach,no stomach ache,z,1.069327201,,,,,,,,,,2017_Sep_27_0954,60.0108158966,Exp13,001,002,
H,J,No Stomach Ache,4,6,38,7,,,,,,,,,,,,,plum,cherry,no stomach ache,z,0.987190197034,,,,,,,,,,2017_Sep_27_0954,60.0108158966,Exp13,001,002,
G,J,Stomach Ache,4,7,39,6,,,,,,,,,,,,,pear,cherry,stomach ache,m,1.46673661319,,,,,,,,,,2017_Sep_27_0954,60.0108158966,Exp13,001,002,
F, ,Stomach Ache,5,0,40,4,,,,,,,,,,,,,strawberry,,stomach ache,m,0.733936301301,,,,,,,,,,2017_Sep_27_0954,60.0108158966,Exp13,001,002,
H,J,No Stomach Ache,5,1,41,7,,,,,,,,,,,,,plum,cherry,no stomach ache,z,1.10401722392,,,,,,,,,,2017_Sep_27_0954,60.0108158966,Exp13,001,002,
G,J,Stomach Ache,5,2,42,6,,,,,,,,,,,,,pear,cherry,no stomach ache,z,1.23376114335,,,,,,,,,,2017_Sep_27_0954,60.0108158966,Exp13,001,002,
F,I,Stomach Ache,5,3,43,5,,,,,,,,,,,,,strawberry,orange,stomach ache,m,1.06953718056,,,,,,,,,,2017_Sep_27_0954,60.0108158966,Exp13,001,002,
C,E,No Stomach Ache,5,4,44,3,,,,,,,,,,,,,apple,peach,no stomach ache,z,1.18459757943,,,,,,,,,,2017_Sep_27_0954,60.0108158966,Exp13,001,002,
B,E,Stomach Ache,5,5,45,2,,,,,,,,,,,,,kiwi,peach,no stomach ache,z,1.61729685615,,,,,,,,,,2017_Sep_27_0954,60.0108158966,Exp13,001,002,
A,D,Stomach Ache,5,6,46,1,,,,,,,,,,,,,banana,mango,stomach ache,m,0.701884671527,,,,,,,,,,2017_Sep_27_0954,60.0108158966,Exp13,001,002,
A, ,Stomach Ache,5,7,47,0,,,,,,,,,,,,,banana,,stomach ache,m,0.566930109354,,,,,,,,,,2017_Sep_27_0954,60.0108158966,Exp13,001,002,
F,I,Stomach Ache,6,0,48,5,,,,,,,,,,,,,strawberry,orange,stomach ache,m,0.701362172392,,,,,,,,,,2017_Sep_27_0954,60.0108158966,Exp13,001,002,
A,D,Stomach Ache,6,1,49,1,,,,,,,,,,,,,banana,mango,stomach ache,m,1.497421626,,,,,,,,,,2017_Sep_27_0954,60.0108158966,Exp13,001,002,
A, ,Stomach Ache,6,2,50,0,,,,,,,,,,,,,banana,,stomach ache,m,0.566974205061,,,,,,,,,,2017_Sep_27_0954,60.0108158966,Exp13,001,002,
F, ,Stomach Ache,6,3,51,4,,,,,,,,,,,,,strawberry,,stomach ache,m,0.583625234083,,,,,,,,,,2017_Sep_27_0954,60.0108158966,Exp13,001,002,
G,J,Stomach Ache,6,4,52,6,,,,,,,,,,,,,pear,cherry,no stomach ache,z,0.98676743819,,,,,,,,,,2017_Sep_27_0954,60.0108158966,Exp13,001,002,
C,E,No Stomach Ache,6,5,53,3,,,,,,,,,,,,,apple,peach,stomach ache,m,1.06924215928,,,,,,,,,,2017_Sep_27_0954,60.0108158966,Exp13,001,002,
H,J,No Stomach Ache,6,6,54,7,,,,,,,,,,,,,plum,cherry,no stomach ache,z,0.968680848919,,,,,,,,,,2017_Sep_27_0954,60.0108158966,Exp13,001,002,
B,E,Stomach Ache,6,7,55,2,,,,,,,,,,,,,kiwi,peach,no stomach ache,z,0.832482507828,,,,,,,,,,2017_Sep_27_0954,60.0108158966,Exp13,001,002,
H,J,No Stomach Ache,7,0,56,7,,,,,,,,,,,,,plum,cherry,no stomach ache,z,0.821152360818,,,,,,,,,,2017_Sep_27_0954,60.0108158966,Exp13,001,002,
G,J,Stomach Ache,7,1,57,6,,,,,,,,,,,,,pear,cherry,stomach ache,m,1.38867041294,,,,,,,,,,2017_Sep_27_0954,60.0108158966,Exp13,001,002,
F, ,Stomach Ache,7,2,58,4,,,,,,,,,,,,,strawberry,,stomach ache,m,0.638651077318,,,,,,,,,,2017_Sep_27_0954,60.0108158966,Exp13,001,002,
A, ,Stomach Ache,7,3,59,0,,,,,,,,,,,,,banana,,stomach ache,m,0.650000122488,,,,,,,,,,2017_Sep_27_0954,60.0108158966,Exp13,001,002,
B,E,Stomach Ache,7,4,60,2,,,,,,,,,,,,,kiwi,peach,no stomach ache,z,1.28205119232,,,,,,,,,,2017_Sep_27_0954,60.0108158966,Exp13,001,002,
A,D,Stomach Ache,7,5,61,1,,,,,,,,,,,,,banana,mango,stomach ache,m,0.629134453761,,,,,,,,,,2017_Sep_27_0954,60.0108158966,Exp13,001,002,
C,E,No Stomach Ache,7,6,62,3,,,,,,,,,,,,,apple,peach,stomach ache,m,0.820697755074,,,,,,,,,,2017_Sep_27_0954,60.0108158966,Exp13,001,002,
F,I,Stomach Ache,7,7,63,5,,,,,,,,,,,,,strawberry,orange,stomach ache,m,0.697841865094,,,,,,,,,,2017_Sep_27_0954,60.0108158966,Exp13,001,002,
F, ,Stomach Ache,8,0,64,4,,,,,,,,,,,,,strawberry,,stomach ache,m,0.63850724132,,,,,,,,,,2017_Sep_27_0954,60.0108158966,Exp13,001,002,
A,D,Stomach Ache,8,1,65,1,,,,,,,,,,,,,banana,mango,stomach ache,m,0.616758958515,,,,,,,,,,2017_Sep_27_0954,60.0108158966,Exp13,001,002,
A, ,Stomach Ache,8,2,66,0,,,,,,,,,,,,,banana,,stomach ache,m,0.555421129753,,,,,,,,,,2017_Sep_27_0954,60.0108158966,Exp13,001,002,
B,E,Stomach Ache,8,3,67,2,,,,,,,,,,,,,kiwi,peach,stomach ache,m,0.470303815923,,,,,,,,,,2017_Sep_27_0954,60.0108158966,Exp13,001,002,
C,E,No Stomach Ache,8,4,68,3,,,,,,,,,,,,,apple,peach,stomach ache,m,0.800478473421,,,,,,,,,,2017_Sep_27_0954,60.0108158966,Exp13,001,002,
H,J,No Stomach Ache,8,5,69,7,,,,,,,,,,,,,plum,cherry,no stomach ache,z,1.05491945359,,,,,,,,,,2017_Sep_27_0954,60.0108158966,Exp13,001,002,
G,J,Stomach Ache,8,6,70,6,,,,,,,,,,,,,pear,cherry,no stomach ache,z,0.600145725814,,,,,,,,,,2017_Sep_27_0954,60.0108158966,Exp13,001,002,
F,I,Stomach Ache,8,7,71,5,,,,,,,,,,,,,strawberry,orange,stomach ache,m,0.63633220306,,,,,,,,,,2017_Sep_27_0954,60.0108158966,Exp13,001,002,
F, ,Stomach Ache,9,0,72,4,,,,,,,,,,,,,strawberry,,stomach ache,m,0.535984721887,,,,,,,,,,2017_Sep_27_0954,60.0108158966,Exp13,001,002,
A,D,Stomach Ache,9,1,73,1,,,,,,,,,,,,,banana,mango,stomach ache,m,1.01631051217,,,,,,,,,,2017_Sep_27_0954,60.0108158966,Exp13,001,002,
A, ,Stomach Ache,9,2,74,0,,,,,,,,,,,,,banana,,stomach ache,m,0.60026646406,,,,,,,,,,2017_Sep_27_0954,60.0108158966,Exp13,001,002,
C,E,No Stomach Ache,9,3,75,3,,,,,,,,,,,,,apple,peach,no stomach ache,z,0.936557826096,,,,,,,,,,2017_Sep_27_0954,60.0108158966,Exp13,001,002,
B,E,Stomach Ache,9,4,76,2,,,,,,,,,,,,,kiwi,peach,no stomach ache,z,0.936128767864,,,,,,,,,,2017_Sep_27_0954,60.0108158966,Exp13,001,002,
H,J,No Stomach Ache,9,5,77,7,,,,,,,,,,,,,plum,cherry,stomach ache,m,1.58721903423,,,,,,,,,,2017_Sep_27_0954,60.0108158966,Exp13,001,002,
F,I,Stomach Ache,9,6,78,5,,,,,,,,,,,,,strawberry,orange,stomach ache,m,1.22867823817,,,,,,,,,,2017_Sep_27_0954,60.0108158966,Exp13,001,002,
G,J,Stomach Ache,9,7,79,6,,,,,,,,,,,,,pear,cherry,no stomach ache,z,1.0524889402,,,,,,,,,,2017_Sep_27_0954,60.0108158966,Exp13,001,002,
F,I,Stomach Ache,10,0,80,5,,,,,,,,,,,,,strawberry,orange,stomach ache,m,0.616134619295,,,,,,,,,,2017_Sep_27_0954,60.0108158966,Exp13,001,002,
G,J,Stomach Ache,10,1,81,6,,,,,,,,,,,,,pear,cherry,stomach ache,m,1.79764829894,,,,,,,,,,2017_Sep_27_0954,60.0108158966,Exp13,001,002,
C,E,No Stomach Ache,10,2,82,3,,,,,,,,,,,,,apple,peach,no stomach ache,z,1.81590847131,,,,,,,,,,2017_Sep_27_0954,60.0108158966,Exp13,001,002,
H,J,No Stomach Ache,10,3,83,7,,,,,,,,,,,,,plum,cherry,stomach ache,m,1.18292509224,,,,,,,,,,2017_Sep_27_0954,60.0108158966,Exp13,001,002,
F, ,Stomach Ache,10,4,84,4,,,,,,,,,,,,,strawberry,,stomach ache,m,0.571649399931,,,,,,,,,,2017_Sep_27_0954,60.0108158966,Exp13,001,002,
A, ,Stomach Ache,10,5,85,0,,,,,,,,,,,,,banana,,stomach ache,m,0.571984317327,,,,,,,,,,2017_Sep_27_0954,60.0108158966,Exp13,001,002,
B,E,Stomach Ache,10,6,86,2,,,,,,,,,,,,,kiwi,peach,no stomach ache,z,1.10376664832,,,,,,,,,,2017_Sep_27_0954,60.0108158966,Exp13,001,002,
A,D,Stomach Ache,10,7,87,1,,,,,,,,,,,,,banana,mango,stomach ache,m,0.648164201215,,,,,,,,,,2017_Sep_27_0954,60.0108158966,Exp13,001,002,
H,J,No Stomach Ache,11,0,88,7,,,,,,,,,,,,,plum,cherry,no stomach ache,z,1.46885110734,,,,,,,,,,2017_Sep_27_0954,60.0108158966,Exp13,001,002,
C,E,No Stomach Ache,11,1,89,3,,,,,,,,,,,,,apple,peach,stomach ache,m,0.715398955912,,,,,,,,,,2017_Sep_27_0954,60.0108158966,Exp13,001,002,
A,D,Stomach Ache,11,2,90,1,,,,,,,,,,,,,banana,mango,stomach ache,m,0.535237544625,,,,,,,,,,2017_Sep_27_0954,60.0108158966,Exp13,001,002,
F,I,Stomach Ache,11,3,91,5,,,,,,,,,,,,,strawberry,orange,stomach ache,m,0.570053205321,,,,,,,,,,2017_Sep_27_0954,60.0108158966,Exp13,001,002,
A, ,Stomach Ache,11,4,92,0,,,,,,,,,,,,,banana,,stomach ache,m,0.55582219071,,,,,,,,,,2017_Sep_27_0954,60.0108158966,Exp13,001,002,
G,J,Stomach Ache,11,5,93,6,,,,,,,,,,,,,pear,cherry,stomach ache,m,1.58231426171,,,,,,,,,,2017_Sep_27_0954,60.0108158966,Exp13,001,002,
B,E,Stomach Ache,11,6,94,2,,,,,,,,,,,,,kiwi,peach,stomach ache,m,0.801893735645,,,,,,,,,,2017_Sep_27_0954,60.0108158966,Exp13,001,002,
F, ,Stomach Ache,11,7,95,4,,,,,,,,,,,,,strawberry,,stomach ache,m,0.466809056138,,,,,,,,,,2017_Sep_27_0954,60.0108158966,Exp13,001,002,
D,C,Stomach Ache,,,,,0,0,0,0,,,,,,,,,mango,apple,no stomach ache,,,z,1.11324022606,,,,,,,,2017_Sep_27_0954,60.0108158966,Exp13,001,002,
D,C,Stomach Ache,,,,,1,0,1,0,,,,,,,,,mango,apple,stomach ache,,,m,0.467057531949,,,,,,,,2017_Sep_27_0954,60.0108158966,Exp13,001,002,
D,C,Stomach Ache,,,,,2,0,2,0,,,,,,,,,mango,apple,stomach ache,,,m,0.650127160121,,,,,,,,2017_Sep_27_0954,60.0108158966,Exp13,001,002,
D,C,Stomach Ache,,,,,3,0,3,0,,,,,,,,,mango,apple,stomach ache,,,m,0.386458278286,,,,,,,,2017_Sep_27_0954,60.0108158966,Exp13,001,002,
D,C,Stomach Ache,,,,,4,0,4,0,,,,,,,,,mango,apple,stomach ache,,,m,0.333541329752,,,,,,,,2017_Sep_27_0954,60.0108158966,Exp13,001,002,
D,C,Stomach Ache,,,,,5,0,5,0,,,,,,,,,mango,apple,stomach ache,,,m,0.352698464804,,,,,,,,2017_Sep_27_0954,60.0108158966,Exp13,001,002,
,,,,,,,,,,,,,,,,,,,,,,,,,,space,4.16675421648,,,,,,2017_Sep_27_0954,60.0108158966,Exp13,001,002,
B, ,,,,,,,,,,0,0,0,1,,,,,kiwi,,,,,,,,,8,11.337,"[(None, 0.0), (u'8', 11.337)]",,,2017_Sep_27_0954,60.0108158966,Exp13,001,002,
D,H,,,,,,,,,,0,1,1,11,,,,,mango,plum,,,,,,,,7,3.804,"[(None, 0.0), (u'7', 3.804)]",,,2017_Sep_27_0954,60.0108158966,Exp13,001,002,
I, ,,,,,,,,,,0,2,2,8,,,,,orange,,,,,,,,,9,2.538,"[(None, 0.0), (u'9', 2.538)]",,,2017_Sep_27_0954,60.0108158966,Exp13,001,002,
G, ,,,,,,,,,,0,3,3,6,,,,,pear,,,,,,,,,9,2.203,"[(None, 0.0), (u'9', 2.203)]",,,2017_Sep_27_0954,60.0108158966,Exp13,001,002,
I,C,,,,,,,,,,0,4,4,10,,,,,orange,apple,,,,,,,,9,1.838,"[(None, 0.0), (u'9', 1.838)]",,,2017_Sep_27_0954,60.0108158966,Exp13,001,002,
C, ,,,,,,,,,,0,5,5,2,,,,,apple,,,,,,,,,9,1.143,"[(None, 0.0), (u'9', 1.143)]",,,2017_Sep_27_0954,60.0108158966,Exp13,001,002,
F, ,,,,,,,,,,0,6,6,5,,,,,strawberry,,,,,,,,,10,5.103,"[(None, 0.0), (u'10', 5.103)]",,,2017_Sep_27_0954,60.0108158966,Exp13,001,002,
J, ,,,,,,,,,,0,7,7,9,,,,,cherry,,,,,,,,,3,3.055,"[(None, 0.0), (u'3', 3.055)]",,,2017_Sep_27_0954,60.0108158966,Exp13,001,002,
D, ,,,,,,,,,,0,8,8,3,,,,,mango,,,,,,,,,9,1.527,"[(None, 0.0), (u'9', 1.527)]",,,2017_Sep_27_0954,60.0108158966,Exp13,001,002,
E, ,,,,,,,,,,0,9,9,4,,,,,peach,,,,,,,,,3,1.503,"[(None, 0.0), (u'3', 1.503)]",,,2017_Sep_27_0954,60.0108158966,Exp13,001,002,
H, ,,,,,,,,,,0,10,10,7,,,,,plum,,,,,,,,,6,1.303,"[(None, 0.0), (u'6', 1.303)]",,,2017_Sep_27_0954,60.0108158966,Exp13,001,002,
A, ,,,,,,,,,,0,11,11,0,,,,,banana,,,,,,,,,10,1.436,"[(None, 0.0), (u'10', 1.436)]",,,2017_Sep_27_0954,60.0108158966,Exp13,001,002,
C, ,,,,,,,,,,1,0,12,2,,,,,apple,,,,,,,,,2,1.66,"[(None, 0.0), (u'2', 1.66)]",,,2017_Sep_27_0954,60.0108158966,Exp13,001,002,
I, ,,,,,,,,,,1,1,13,8,,,,,orange,,,,,,,,,10,1.243,"[(None, 0.0), (u'10', 1.243)]",,,2017_Sep_27_0954,60.0108158966,Exp13,001,002,
E, ,,,,,,,,,,1,2,14,4,,,,,peach,,,,,,,,,8,2.31,"[(None, 0.0), (u'8', 2.309)]",,,2017_Sep_27_0954,60.0108158966,Exp13,001,002,
A, ,,,,,,,,,,1,3,15,0,,,,,banana,,,,,,,,,10,1.137,"[(None, 0.0), (u'10', 1.137)]",,,2017_Sep_27_0954,60.0108158966,Exp13,001,002,
H, ,,,,,,,,,,1,4,16,7,,,,,plum,,,,,,,,,7,1.876,"[(None, 0.0), (u'7', 1.876)]",,,2017_Sep_27_0954,60.0108158966,Exp13,001,002,
B, ,,,,,,,,,,1,5,17,1,,,,,kiwi,,,,,,,,,9,1.477,"[(None, 0.0), (u'9', 1.477)]",,,2017_Sep_27_0954,60.0108158966,Exp13,001,002,
D,H,,,,,,,,,,1,6,18,11,,,,,mango,plum,,,,,,,,10,1.57,"[(None, 0.0), (u'10', 1.57)]",,,2017_Sep_27_0954,60.0108158966,Exp13,001,002,
I,C,,,,,,,,,,1,7,19,10,,,,,orange,apple,,,,,,,,10,1.203,"[(None, 0.0), (u'10', 1.203)]",,,2017_Sep_27_0954,60.0108158966,Exp13,001,002,
D, ,,,,,,,,,,1,8,20,3,,,,,mango,,,,,,,,,9,1.272,"[(None, 0.0), (u'9', 1.272)]",,,2017_Sep_27_0954,60.0108158966,Exp13,001,002,
J, ,,,,,,,,,,1,9,21,9,,,,,cherry,,,,,,,,,5,1.637,"[(None, 0.0), (u'5', 1.637)]",,,2017_Sep_27_0954,60.0108158966,Exp13,001,002,
F, ,,,,,,,,,,1,10,22,5,,,,,strawberry,,,,,,,,,9,1.538,"[(None, 0.0), (u'9', 1.538)]",,,2017_Sep_27_0954,60.0108158966,Exp13,001,002,
G, ,,,,,,,,,,1,11,23,6,,,,,pear,,,,,,,,,9,2.67,"[(None, 0.0), (u'9', 2.67)]",,,2017_Sep_27_0954,60.0108158966,Exp13,001,002,
,,,,,,,,,,,,,,,,,,,,,,,,,,,,,,,space,2.65002007055,2017_Sep_27_0954,60.0108158966,Exp13,001,002,
