stim1,stim2,outcome,train_trials.thisRepN,train_trials.thisTrialN,train_trials.thisN,train_trials.thisIndex,train_trials2.thisRepN,train_trials2.thisTrialN,train_trials2.thisN,train_trials2.thisIndex,test_trials.thisRepN,test_trials.thisTrialN,test_trials.thisN,test_trials.thisIndex,start_exp.keys,start_exp.rt,start_exp2.keys,start_exp2.rt,stim.A,stim.B,pressed,key_ans.keys,key_ans.rt,key_answ.keys,key_answ.rt,start.keys,start.rt,rating.response,rating.rt,rating.history,exit_exp.keys,exit_exp.rt,date,frameRate,expName,session,participant,
,,,,,,,,,,,,,,,space,304.367679513,,,,,,,,,,,,,,,,,2017_Sep_27_1108,60.0099126552,Exp13,001,003,
,,,,,,,,,,,,,,,,,space,5.38399664593,,,,,,,,,,,,,,,2017_Sep_27_1108,60.0099126552,Exp13,001,003,
F,I,Stomach Ache,0,0,0,5,,,,,,,,,,,,,cherry,mango,no stomach ache,z,8.16743775692,,,,,,,,,,2017_Sep_27_1108,60.0099126552,Exp13,001,003,
F, ,Stomach Ache,0,1,1,4,,,,,,,,,,,,,cherry,,stomach ache,m,1.53376535385,,,,,,,,,,2017_Sep_27_1108,60.0099126552,Exp13,001,003,
A,D,Stomach Ache,0,2,2,1,,,,,,,,,,,,,apple,plum,no stomach ache,z,3.06714854558,,,,,,,,,,2017_Sep_27_1108,60.0099126552,Exp13,001,003,
B,E,Stomach Ache,0,3,3,2,,,,,,,,,,,,,orange,kiwi,no stomach ache,z,1.55037820752,,,,,,,,,,2017_Sep_27_1108,60.0099126552,Exp13,001,003,
C,E,No Stomach Ache,0,4,4,3,,,,,,,,,,,,,pear,kiwi,stomach ache,m,1.36704817553,,,,,,,,,,2017_Sep_27_1108,60.0099126552,Exp13,001,003,
H,J,No Stomach Ache,0,5,5,7,,,,,,,,,,,,,peach,strawberry,no stomach ache,z,4.18394667089,,,,,,,,,,2017_Sep_27_1108,60.0099126552,Exp13,001,003,
G,J,Stomach Ache,0,6,6,6,,,,,,,,,,,,,banana,strawberry,stomach ache,m,1.96701366895,,,,,,,,,,2017_Sep_27_1108,60.0099126552,Exp13,001,003,
A, ,Stomach Ache,0,7,7,0,,,,,,,,,,,,,apple,,no stomach ache,z,2.88375272011,,,,,,,,,,2017_Sep_27_1108,60.0099126552,Exp13,001,003,
A, ,Stomach Ache,1,0,8,0,,,,,,,,,,,,,apple,,stomach ache,m,1.80093902694,,,,,,,,,,2017_Sep_27_1108,60.0099126552,Exp13,001,003,
C,E,No Stomach Ache,1,1,9,3,,,,,,,,,,,,,pear,kiwi,stomach ache,m,1.20036179415,,,,,,,,,,2017_Sep_27_1108,60.0099126552,Exp13,001,003,
B,E,Stomach Ache,1,2,10,2,,,,,,,,,,,,,orange,kiwi,no stomach ache,z,2.1338697835,,,,,,,,,,2017_Sep_27_1108,60.0099126552,Exp13,001,003,
F, ,Stomach Ache,1,3,11,4,,,,,,,,,,,,,cherry,,stomach ache,m,1.20034149616,,,,,,,,,,2017_Sep_27_1108,60.0099126552,Exp13,001,003,
H,J,No Stomach Ache,1,4,12,7,,,,,,,,,,,,,peach,strawberry,stomach ache,m,1.55044330107,,,,,,,,,,2017_Sep_27_1108,60.0099126552,Exp13,001,003,
A,D,Stomach Ache,1,5,13,1,,,,,,,,,,,,,apple,plum,stomach ache,m,2.13369550078,,,,,,,,,,2017_Sep_27_1108,60.0099126552,Exp13,001,003,
G,J,Stomach Ache,1,6,14,6,,,,,,,,,,,,,banana,strawberry,stomach ache,m,1.56694836542,,,,,,,,,,2017_Sep_27_1108,60.0099126552,Exp13,001,003,
F,I,Stomach Ache,1,7,15,5,,,,,,,,,,,,,cherry,mango,stomach ache,m,1.08376769862,,,,,,,,,,2017_Sep_27_1108,60.0099126552,Exp13,001,003,
B,E,Stomach Ache,2,0,16,2,,,,,,,,,,,,,orange,kiwi,stomach ache,m,1.93367177313,,,,,,,,,,2017_Sep_27_1108,60.0099126552,Exp13,001,003,
H,J,No Stomach Ache,2,1,17,7,,,,,,,,,,,,,peach,strawberry,no stomach ache,z,1.85044547085,,,,,,,,,,2017_Sep_27_1108,60.0099126552,Exp13,001,003,
G,J,Stomach Ache,2,2,18,6,,,,,,,,,,,,,banana,strawberry,stomach ache,m,1.30036368396,,,,,,,,,,2017_Sep_27_1108,60.0099126552,Exp13,001,003,
A, ,Stomach Ache,2,3,19,0,,,,,,,,,,,,,apple,,stomach ache,m,0.967017868529,,,,,,,,,,2017_Sep_27_1108,60.0099126552,Exp13,001,003,
F,I,Stomach Ache,2,4,20,5,,,,,,,,,,,,,cherry,mango,stomach ache,m,2.450403615,,,,,,,,,,2017_Sep_27_1108,60.0099126552,Exp13,001,003,
A,D,Stomach Ache,2,5,21,1,,,,,,,,,,,,,apple,plum,stomach ache,m,0.917038971438,,,,,,,,,,2017_Sep_27_1108,60.0099126552,Exp13,001,003,
C,E,No Stomach Ache,2,6,22,3,,,,,,,,,,,,,pear,kiwi,no stomach ache,z,3.96723729678,,,,,,,,,,2017_Sep_27_1108,60.0099126552,Exp13,001,003,
F, ,Stomach Ache,2,7,23,4,,,,,,,,,,,,,cherry,,stomach ache,m,1.15033075222,,,,,,,,,,2017_Sep_27_1108,60.0099126552,Exp13,001,003,
A,D,Stomach Ache,3,0,24,1,,,,,,,,,,,,,apple,plum,stomach ache,m,5.10063392718,,,,,,,,,,2017_Sep_27_1108,60.0099126552,Exp13,001,003,
A, ,Stomach Ache,3,1,25,0,,,,,,,,,,,,,apple,,stomach ache,m,0.516955819678,,,,,,,,,,2017_Sep_27_1108,60.0099126552,Exp13,001,003,
C,E,No Stomach Ache,3,2,26,3,,,,,,,,,,,,,pear,kiwi,no stomach ache,z,0.700383491996,,,,,,,,,,2017_Sep_27_1108,60.0099126552,Exp13,001,003,
B,E,Stomach Ache,3,3,27,2,,,,,,,,,,,,,orange,kiwi,stomach ache,m,2.08378029737,,,,,,,,,,2017_Sep_27_1108,60.0099126552,Exp13,001,003,
H,J,No Stomach Ache,3,4,28,7,,,,,,,,,,,,,peach,strawberry,no stomach ache,z,2.90050485997,,,,,,,,,,2017_Sep_27_1108,60.0099126552,Exp13,001,003,
F, ,Stomach Ache,3,5,29,4,,,,,,,,,,,,,cherry,,stomach ache,m,0.733624947768,,,,,,,,,,2017_Sep_27_1108,60.0099126552,Exp13,001,003,
F,I,Stomach Ache,3,6,30,5,,,,,,,,,,,,,cherry,mango,stomach ache,m,0.833621238135,,,,,,,,,,2017_Sep_27_1108,60.0099126552,Exp13,001,003,
G,J,Stomach Ache,3,7,31,6,,,,,,,,,,,,,banana,strawberry,stomach ache,m,1.00040001036,,,,,,,,,,2017_Sep_27_1108,60.0099126552,Exp13,001,003,
B,E,Stomach Ache,4,0,32,2,,,,,,,,,,,,,orange,kiwi,stomach ache,m,3.48378085732,,,,,,,,,,2017_Sep_27_1108,60.0099126552,Exp13,001,003,
F,I,Stomach Ache,4,1,33,5,,,,,,,,,,,,,cherry,mango,stomach ache,m,0.533679612351,,,,,,,,,,2017_Sep_27_1108,60.0099126552,Exp13,001,003,
A, ,Stomach Ache,4,2,34,0,,,,,,,,,,,,,apple,,stomach ache,m,0.566976712608,,,,,,,,,,2017_Sep_27_1108,60.0099126552,Exp13,001,003,
A,D,Stomach Ache,4,3,35,1,,,,,,,,,,,,,apple,plum,stomach ache,m,2.00032581771,,,,,,,,,,2017_Sep_27_1108,60.0099126552,Exp13,001,003,
H,J,No Stomach Ache,4,4,36,7,,,,,,,,,,,,,peach,strawberry,stomach ache,m,0.850212393952,,,,,,,,,,2017_Sep_27_1108,60.0099126552,Exp13,001,003,
C,E,No Stomach Ache,4,5,37,3,,,,,,,,,,,,,pear,kiwi,no stomach ache,z,0.833617738482,,,,,,,,,,2017_Sep_27_1108,60.0099126552,Exp13,001,003,
G,J,Stomach Ache,4,6,38,6,,,,,,,,,,,,,banana,strawberry,stomach ache,m,1.35036742859,,,,,,,,,,2017_Sep_27_1108,60.0099126552,Exp13,001,003,
F, ,Stomach Ache,4,7,39,4,,,,,,,,,,,,,cherry,,stomach ache,m,0.900483862049,,,,,,,,,,2017_Sep_27_1108,60.0099126552,Exp13,001,003,
F,I,Stomach Ache,5,0,40,5,,,,,,,,,,,,,cherry,mango,stomach ache,m,1.28373193217,,,,,,,,,,2017_Sep_27_1108,60.0099126552,Exp13,001,003,
C,E,No Stomach Ache,5,1,41,3,,,,,,,,,,,,,pear,kiwi,no stomach ache,z,1.96884958701,,,,,,,,,,2017_Sep_27_1108,60.0099126552,Exp13,001,003,
F, ,Stomach Ache,5,2,42,4,,,,,,,,,,,,,cherry,,stomach ache,m,0.516895275679,,,,,,,,,,2017_Sep_27_1108,60.0099126552,Exp13,001,003,
B,E,Stomach Ache,5,3,43,2,,,,,,,,,,,,,orange,kiwi,stomach ache,m,1.61700950436,,,,,,,,,,2017_Sep_27_1108,60.0099126552,Exp13,001,003,
A,D,Stomach Ache,5,4,44,1,,,,,,,,,,,,,apple,plum,stomach ache,m,1.08365430986,,,,,,,,,,2017_Sep_27_1108,60.0099126552,Exp13,001,003,
G,J,Stomach Ache,5,5,45,6,,,,,,,,,,,,,banana,strawberry,stomach ache,m,1.1670020501,,,,,,,,,,2017_Sep_27_1108,60.0099126552,Exp13,001,003,
H,J,No Stomach Ache,5,6,46,7,,,,,,,,,,,,,peach,strawberry,no stomach ache,z,1.93377536286,,,,,,,,,,2017_Sep_27_1108,60.0099126552,Exp13,001,003,
A, ,Stomach Ache,5,7,47,0,,,,,,,,,,,,,apple,,stomach ache,m,0.650381147228,,,,,,,,,,2017_Sep_27_1108,60.0099126552,Exp13,001,003,
F,I,Stomach Ache,6,0,48,5,,,,,,,,,,,,,cherry,mango,stomach ache,m,0.800379782364,,,,,,,,,,2017_Sep_27_1108,60.0099126552,Exp13,001,003,
B,E,Stomach Ache,6,1,49,2,,,,,,,,,,,,,orange,kiwi,no stomach ache,z,1.06707190317,,,,,,,,,,2017_Sep_27_1108,60.0099126552,Exp13,001,003,
A,D,Stomach Ache,6,2,50,1,,,,,,,,,,,,,apple,plum,stomach ache,m,1.18361630362,,,,,,,,,,2017_Sep_27_1108,60.0099126552,Exp13,001,003,
G,J,Stomach Ache,6,3,51,6,,,,,,,,,,,,,banana,strawberry,stomach ache,m,0.916988926398,,,,,,,,,,2017_Sep_27_1108,60.0099126552,Exp13,001,003,
C,E,No Stomach Ache,6,4,52,3,,,,,,,,,,,,,pear,kiwi,no stomach ache,z,1.1003350568,,,,,,,,,,2017_Sep_27_1108,60.0099126552,Exp13,001,003,
F, ,Stomach Ache,6,5,53,4,,,,,,,,,,,,,cherry,,stomach ache,m,0.583502774875,,,,,,,,,,2017_Sep_27_1108,60.0099126552,Exp13,001,003,
H,J,No Stomach Ache,6,6,54,7,,,,,,,,,,,,,peach,strawberry,stomach ache,m,1.58375544983,,,,,,,,,,2017_Sep_27_1108,60.0099126552,Exp13,001,003,
A, ,Stomach Ache,6,7,55,0,,,,,,,,,,,,,apple,,stomach ache,m,0.583669008401,,,,,,,,,,2017_Sep_27_1108,60.0099126552,Exp13,001,003,
F, ,Stomach Ache,7,0,56,4,,,,,,,,,,,,,cherry,,stomach ache,m,0.550360359288,,,,,,,,,,2017_Sep_27_1108,60.0099126552,Exp13,001,003,
A,D,Stomach Ache,7,1,57,1,,,,,,,,,,,,,apple,plum,stomach ache,m,0.517007964511,,,,,,,,,,2017_Sep_27_1108,60.0099126552,Exp13,001,003,
G,J,Stomach Ache,7,2,58,6,,,,,,,,,,,,,banana,strawberry,stomach ache,m,1.15039829553,,,,,,,,,,2017_Sep_27_1108,60.0099126552,Exp13,001,003,
F,I,Stomach Ache,7,3,59,5,,,,,,,,,,,,,cherry,mango,stomach ache,m,0.850344680842,,,,,,,,,,2017_Sep_27_1108,60.0099126552,Exp13,001,003,
C,E,No Stomach Ache,7,4,60,3,,,,,,,,,,,,,pear,kiwi,no stomach ache,z,0.733701240207,,,,,,,,,,2017_Sep_27_1108,60.0099126552,Exp13,001,003,
B,E,Stomach Ache,7,5,61,2,,,,,,,,,,,,,orange,kiwi,stomach ache,m,1.35037547779,,,,,,,,,,2017_Sep_27_1108,60.0099126552,Exp13,001,003,
H,J,No Stomach Ache,7,6,62,7,,,,,,,,,,,,,peach,strawberry,no stomach ache,z,0.866977832497,,,,,,,,,,2017_Sep_27_1108,60.0099126552,Exp13,001,003,
A, ,Stomach Ache,7,7,63,0,,,,,,,,,,,,,apple,,stomach ache,m,0.516951270129,,,,,,,,,,2017_Sep_27_1108,60.0099126552,Exp13,001,003,
A, ,Stomach Ache,8,0,64,0,,,,,,,,,,,,,apple,,stomach ache,m,0.600767963895,,,,,,,,,,2017_Sep_27_1108,60.0099126552,Exp13,001,003,
B,E,Stomach Ache,8,1,65,2,,,,,,,,,,,,,orange,kiwi,stomach ache,m,5.45026677856,,,,,,,,,,2017_Sep_27_1108,60.0099126552,Exp13,001,003,
A,D,Stomach Ache,8,2,66,1,,,,,,,,,,,,,apple,plum,stomach ache,m,1.46710151024,,,,,,,,,,2017_Sep_27_1108,60.0099126552,Exp13,001,003,
F, ,Stomach Ache,8,3,67,4,,,,,,,,,,,,,cherry,,stomach ache,m,0.600288861374,,,,,,,,,,2017_Sep_27_1108,60.0099126552,Exp13,001,003,
G,J,Stomach Ache,8,4,68,6,,,,,,,,,,,,,banana,strawberry,stomach ache,m,1.01679938518,,,,,,,,,,2017_Sep_27_1108,60.0099126552,Exp13,001,003,
F,I,Stomach Ache,8,5,69,5,,,,,,,,,,,,,cherry,mango,stomach ache,m,2.33376402399,,,,,,,,,,2017_Sep_27_1108,60.0099126552,Exp13,001,003,
C,E,No Stomach Ache,8,6,70,3,,,,,,,,,,,,,pear,kiwi,no stomach ache,z,1.01676368872,,,,,,,,,,2017_Sep_27_1108,60.0099126552,Exp13,001,003,
H,J,No Stomach Ache,8,7,71,7,,,,,,,,,,,,,peach,strawberry,no stomach ache,z,0.933644825798,,,,,,,,,,2017_Sep_27_1108,60.0099126552,Exp13,001,003,
F, ,Stomach Ache,9,0,72,4,,,,,,,,,,,,,cherry,,stomach ache,m,0.767061334222,,,,,,,,,,2017_Sep_27_1108,60.0099126552,Exp13,001,003,
H,J,No Stomach Ache,9,1,73,7,,,,,,,,,,,,,peach,strawberry,no stomach ache,z,2.05048844659,,,,,,,,,,2017_Sep_27_1108,60.0099126552,Exp13,001,003,
A,D,Stomach Ache,9,2,74,1,,,,,,,,,,,,,apple,plum,stomach ache,m,4.53389589092,,,,,,,,,,2017_Sep_27_1108,60.0099126552,Exp13,001,003,
A, ,Stomach Ache,9,3,75,0,,,,,,,,,,,,,apple,,stomach ache,m,0.733806579768,,,,,,,,,,2017_Sep_27_1108,60.0099126552,Exp13,001,003,
C,E,No Stomach Ache,9,4,76,3,,,,,,,,,,,,,pear,kiwi,no stomach ache,z,1.16704404593,,,,,,,,,,2017_Sep_27_1108,60.0099126552,Exp13,001,003,
F,I,Stomach Ache,9,5,77,5,,,,,,,,,,,,,cherry,mango,stomach ache,m,0.717006844622,,,,,,,,,,2017_Sep_27_1108,60.0099126552,Exp13,001,003,
B,E,Stomach Ache,9,6,78,2,,,,,,,,,,,,,orange,kiwi,no stomach ache,z,0.73367184312,,,,,,,,,,2017_Sep_27_1108,60.0099126552,Exp13,001,003,
G,J,Stomach Ache,9,7,79,6,,,,,,,,,,,,,banana,strawberry,stomach ache,m,2.95051420404,,,,,,,,,,2017_Sep_27_1108,60.0099126552,Exp13,001,003,
A,D,Stomach Ache,10,0,80,1,,,,,,,,,,,,,apple,plum,stomach ache,m,2.06716254419,,,,,,,,,,2017_Sep_27_1108,60.0099126552,Exp13,001,003,
F,I,Stomach Ache,10,1,81,5,,,,,,,,,,,,,cherry,mango,stomach ache,m,0.683619103347,,,,,,,,,,2017_Sep_27_1108,60.0099126552,Exp13,001,003,
C,E,No Stomach Ache,10,2,82,3,,,,,,,,,,,,,pear,kiwi,no stomach ache,z,0.700108419255,,,,,,,,,,2017_Sep_27_1108,60.0099126552,Exp13,001,003,
A, ,Stomach Ache,10,3,83,0,,,,,,,,,,,,,apple,,stomach ache,m,0.63366750355,,,,,,,,,,2017_Sep_27_1108,60.0099126552,Exp13,001,003,
G,J,Stomach Ache,10,4,84,6,,,,,,,,,,,,,banana,strawberry,stomach ache,m,1.30033253705,,,,,,,,,,2017_Sep_27_1108,60.0099126552,Exp13,001,003,
F, ,Stomach Ache,10,5,85,4,,,,,,,,,,,,,cherry,,stomach ache,m,0.600373552981,,,,,,,,,,2017_Sep_27_1108,60.0099126552,Exp13,001,003,
H,J,No Stomach Ache,10,6,86,7,,,,,,,,,,,,,peach,strawberry,no stomach ache,z,1.76705468488,,,,,,,,,,2017_Sep_27_1108,60.0099126552,Exp13,001,003,
B,E,Stomach Ache,10,7,87,2,,,,,,,,,,,,,orange,kiwi,no stomach ache,z,0.850363578969,,,,,,,,,,2017_Sep_27_1108,60.0099126552,Exp13,001,003,
F, ,Stomach Ache,11,0,88,4,,,,,,,,,,,,,cherry,,stomach ache,m,0.583726752679,,,,,,,,,,2017_Sep_27_1108,60.0099126552,Exp13,001,003,
A,D,Stomach Ache,11,1,89,1,,,,,,,,,,,,,apple,plum,stomach ache,m,0.800076712398,,,,,,,,,,2017_Sep_27_1108,60.0099126552,Exp13,001,003,
C,E,No Stomach Ache,11,2,90,3,,,,,,,,,,,,,pear,kiwi,no stomach ache,z,0.966797740344,,,,,,,,,,2017_Sep_27_1108,60.0099126552,Exp13,001,003,
B,E,Stomach Ache,11,3,91,2,,,,,,,,,,,,,orange,kiwi,stomach ache,m,0.733725037849,,,,,,,,,,2017_Sep_27_1108,60.0099126552,Exp13,001,003,
H,J,No Stomach Ache,11,4,92,7,,,,,,,,,,,,,peach,strawberry,no stomach ache,z,0.700390841268,,,,,,,,,,2017_Sep_27_1108,60.0099126552,Exp13,001,003,
A, ,Stomach Ache,11,5,93,0,,,,,,,,,,,,,apple,,stomach ache,m,0.733718388507,,,,,,,,,,2017_Sep_27_1108,60.0099126552,Exp13,001,003,
G,J,Stomach Ache,11,6,94,6,,,,,,,,,,,,,banana,strawberry,stomach ache,m,0.633713349007,,,,,,,,,,2017_Sep_27_1108,60.0099126552,Exp13,001,003,
F,I,Stomach Ache,11,7,95,5,,,,,,,,,,,,,cherry,mango,stomach ache,m,1.05040655471,,,,,,,,,,2017_Sep_27_1108,60.0099126552,Exp13,001,003,
D,C,Stomach Ache,,,,,0,0,0,0,,,,,,,,,plum,pear,no stomach ache,,,z,4.33384066639,,,,,,,,2017_Sep_27_1108,60.0099126552,Exp13,001,003,
D,C,Stomach Ache,,,,,1,0,1,0,,,,,,,,,plum,pear,stomach ache,,,m,1.28369378595,,,,,,,,2017_Sep_27_1108,60.0099126552,Exp13,001,003,
D,C,Stomach Ache,,,,,2,0,2,0,,,,,,,,,plum,pear,stomach ache,,,m,0.466994770818,,,,,,,,2017_Sep_27_1108,60.0099126552,Exp13,001,003,
D,C,Stomach Ache,,,,,3,0,3,0,,,,,,,,,plum,pear,stomach ache,,,m,0.55030716456,,,,,,,,2017_Sep_27_1108,60.0099126552,Exp13,001,003,
D,C,Stomach Ache,,,,,4,0,4,0,,,,,,,,,plum,pear,stomach ache,,,m,0.86707477289,,,,,,,,2017_Sep_27_1108,60.0099126552,Exp13,001,003,
D,C,Stomach Ache,,,,,5,0,5,0,,,,,,,,,plum,pear,stomach ache,,,m,0.333603739869,,,,,,,,2017_Sep_27_1108,60.0099126552,Exp13,001,003,
,,,,,,,,,,,,,,,,,,,,,,,,,,space,9.01739817584,,,,,,2017_Sep_27_1108,60.0099126552,Exp13,001,003,
D,H,,,,,,,,,,0,0,0,11,,,,,plum,peach,,,,,,,,7,11.303,"[(None, 0.0), (u'7', 11.303)]",,,2017_Sep_27_1108,60.0099126552,Exp13,001,003,
J, ,,,,,,,,,,0,1,1,9,,,,,strawberry,,,,,,,,,0,2.936,"[(None, 0.0), (u'0', 2.936)]",,,2017_Sep_27_1108,60.0099126552,Exp13,001,003,
E, ,,,,,,,,,,0,2,2,4,,,,,kiwi,,,,,,,,,0,2.737,"[(None, 0.0), (u'0', 2.736)]",,,2017_Sep_27_1108,60.0099126552,Exp13,001,003,
H, ,,,,,,,,,,0,3,3,7,,,,,peach,,,,,,,,,1,1.453,"[(None, 0.0), (u'1', 1.453)]",,,2017_Sep_27_1108,60.0099126552,Exp13,001,003,
D, ,,,,,,,,,,0,4,4,3,,,,,plum,,,,,,,,,6,1.986,"[(None, 0.0), (u'6', 1.986)]",,,2017_Sep_27_1108,60.0099126552,Exp13,001,003,
I, ,,,,,,,,,,0,5,5,8,,,,,mango,,,,,,,,,7,1.47,"[(None, 0.0), (u'7', 1.47)]",,,2017_Sep_27_1108,60.0099126552,Exp13,001,003,
G, ,,,,,,,,,,0,6,6,6,,,,,banana,,,,,,,,,8,1.153,"[(None, 0.0), (u'8', 1.153)]",,,2017_Sep_27_1108,60.0099126552,Exp13,001,003,
C, ,,,,,,,,,,0,7,7,2,,,,,pear,,,,,,,,,3,1.253,"[(None, 0.0), (u'3', 1.253)]",,,2017_Sep_27_1108,60.0099126552,Exp13,001,003,
B, ,,,,,,,,,,0,8,8,1,,,,,orange,,,,,,,,,7,4.437,"[(None, 0.0), (u'7', 4.437)]",,,2017_Sep_27_1108,60.0099126552,Exp13,001,003,
I,C,,,,,,,,,,0,9,9,10,,,,,mango,pear,,,,,,,,5,3.137,"[(None, 0.0), (u'5', 3.137)]",,,2017_Sep_27_1108,60.0099126552,Exp13,001,003,
F, ,,,,,,,,,,0,10,10,5,,,,,cherry,,,,,,,,,10,1.72,"[(None, 0.0), (u'10', 1.72)]",,,2017_Sep_27_1108,60.0099126552,Exp13,001,003,
A, ,,,,,,,,,,0,11,11,0,,,,,apple,,,,,,,,,10,2.253,"[(None, 0.0), (u'10', 2.253)]",,,2017_Sep_27_1108,60.0099126552,Exp13,001,003,
C, ,,,,,,,,,,1,0,12,2,,,,,pear,,,,,,,,,2,3.603,"[(None, 0.0), (u'2', 3.603)]",,,2017_Sep_27_1108,60.0099126552,Exp13,001,003,
D,H,,,,,,,,,,1,1,13,11,,,,,plum,peach,,,,,,,,6,3.653,"[(None, 0.0), (u'6', 3.653)]",,,2017_Sep_27_1108,60.0099126552,Exp13,001,003,
A, ,,,,,,,,,,1,2,14,0,,,,,apple,,,,,,,,,10,2.653,"[(None, 0.0), (u'10', 2.653)]",,,2017_Sep_27_1108,60.0099126552,Exp13,001,003,
H, ,,,,,,,,,,1,3,15,7,,,,,peach,,,,,,,,,3,1.42,"[(None, 0.0), (u'3', 1.42)]",,,2017_Sep_27_1108,60.0099126552,Exp13,001,003,
I, ,,,,,,,,,,1,4,16,8,,,,,mango,,,,,,,,,4,2.486,"[(None, 0.0), (u'4', 2.486)]",,,2017_Sep_27_1108,60.0099126552,Exp13,001,003,
D, ,,,,,,,,,,1,5,17,3,,,,,plum,,,,,,,,,8,2.636,"[(None, 0.0), (u'8', 2.636)]",,,2017_Sep_27_1108,60.0099126552,Exp13,001,003,
G, ,,,,,,,,,,1,6,18,6,,,,,banana,,,,,,,,,9,0.986,"[(None, 0.0), (u'9', 0.986)]",,,2017_Sep_27_1108,60.0099126552,Exp13,001,003,
I,C,,,,,,,,,,1,7,19,10,,,,,mango,pear,,,,,,,,1,2.27,"[(None, 0.0), (u'1', 2.27)]",,,2017_Sep_27_1108,60.0099126552,Exp13,001,003,
E, ,,,,,,,,,,1,8,20,4,,,,,kiwi,,,,,,,,,1,1.37,"[(None, 0.0), (u'1', 1.37)]",,,2017_Sep_27_1108,60.0099126552,Exp13,001,003,
B, ,,,,,,,,,,1,9,21,1,,,,,orange,,,,,,,,,8,1.687,"[(None, 0.0), (u'8', 1.687)]",,,2017_Sep_27_1108,60.0099126552,Exp13,001,003,
F, ,,,,,,,,,,1,10,22,5,,,,,cherry,,,,,,,,,10,1.036,"[(None, 0.0), (u'10', 1.036)]",,,2017_Sep_27_1108,60.0099126552,Exp13,001,003,
J, ,,,,,,,,,,1,11,23,9,,,,,strawberry,,,,,,,,,0,1.336,"[(None, 0.0), (u'0', 1.336)]",,,2017_Sep_27_1108,60.0099126552,Exp13,001,003,
,,,,,,,,,,,,,,,,,,,,,,,,,,,,,,,space,5.63432788811,2017_Sep_27_1108,60.0099126552,Exp13,001,003,
