stim1,stim2,outcome,train_trials.thisRepN,train_trials.thisTrialN,train_trials.thisN,train_trials.thisIndex,train_trials2.thisRepN,train_trials2.thisTrialN,train_trials2.thisN,train_trials2.thisIndex,test_trials.thisRepN,test_trials.thisTrialN,test_trials.thisN,test_trials.thisIndex,start_exp.keys,start_exp.rt,start_exp2.keys,start_exp2.rt,stim.A,stim.B,pressed,key_ans.keys,key_ans.rt,key_answ.keys,key_answ.rt,start.keys,start.rt,rating.response,rating.rt,rating.history,exit_exp.keys,exit_exp.rt,date,frameRate,expName,session,participant,
,,,,,,,,,,,,,,,space,828.737319772,,,,,,,,,,,,,,,,,2017_Sep_27_1406,59.9770580098,Exp13,001,004,
,,,,,,,,,,,,,,,,,space,18.3159338438,,,,,,,,,,,,,,,2017_Sep_27_1406,59.9770580098,Exp13,001,004,
B,E,Stomach Ache,0,0,0,2,,,,,,,,,,,,,cherry,banana,stomach ache,m,7.10081503566,,,,,,,,,,2017_Sep_27_1406,59.9770580098,Exp13,001,004,
F,I,Stomach Ache,0,1,1,5,,,,,,,,,,,,,kiwi,mango,no stomach ache,z,5.38177013468,,,,,,,,,,2017_Sep_27_1406,59.9770580098,Exp13,001,004,
A,D,Stomach Ache,0,2,2,1,,,,,,,,,,,,,pear,plum,no stomach ache,z,3.63606377919,,,,,,,,,,2017_Sep_27_1406,59.9770580098,Exp13,001,004,
F, ,Stomach Ache,0,3,3,4,,,,,,,,,,,,,kiwi,,stomach ache,m,3.00000349966,,,,,,,,,,2017_Sep_27_1406,59.9770580098,Exp13,001,004,
C,E,No Stomach Ache,0,4,4,3,,,,,,,,,,,,,apple,banana,stomach ache,m,2.11777123497,,,,,,,,,,2017_Sep_27_1406,59.9770580098,Exp13,001,004,
A, ,Stomach Ache,0,5,5,0,,,,,,,,,,,,,pear,,stomach ache,m,1.63891775136,,,,,,,,,,2017_Sep_27_1406,59.9770580098,Exp13,001,004,
G,J,Stomach Ache,0,6,6,6,,,,,,,,,,,,,orange,strawberry,stomach ache,m,2.43108173419,,,,,,,,,,2017_Sep_27_1406,59.9770580098,Exp13,001,004,
H,J,No Stomach Ache,0,7,7,7,,,,,,,,,,,,,peach,strawberry,stomach ache,m,1.87224948651,,,,,,,,,,2017_Sep_27_1406,59.9770580098,Exp13,001,004,
F,I,Stomach Ache,1,0,8,5,,,,,,,,,,,,,kiwi,mango,stomach ache,m,1.73555559366,,,,,,,,,,2017_Sep_27_1406,59.9770580098,Exp13,001,004,
B,E,Stomach Ache,1,1,9,2,,,,,,,,,,,,,cherry,banana,stomach ache,m,1.46868942308,,,,,,,,,,2017_Sep_27_1406,59.9770580098,Exp13,001,004,
F, ,Stomach Ache,1,2,10,4,,,,,,,,,,,,,kiwi,,stomach ache,m,2.6667970873,,,,,,,,,,2017_Sep_27_1406,59.9770580098,Exp13,001,004,
G,J,Stomach Ache,1,3,11,6,,,,,,,,,,,,,orange,strawberry,stomach ache,m,2.43060963016,,,,,,,,,,2017_Sep_27_1406,59.9770580098,Exp13,001,004,
A,D,Stomach Ache,1,4,12,1,,,,,,,,,,,,,pear,plum,stomach ache,m,1.72130008144,,,,,,,,,,2017_Sep_27_1406,59.9770580098,Exp13,001,004,
C,E,No Stomach Ache,1,5,13,3,,,,,,,,,,,,,apple,banana,stomach ache,m,2.32110739019,,,,,,,,,,2017_Sep_27_1406,59.9770580098,Exp13,001,004,
H,J,No Stomach Ache,1,6,14,7,,,,,,,,,,,,,peach,strawberry,stomach ache,m,1.49843407744,,,,,,,,,,2017_Sep_27_1406,59.9770580098,Exp13,001,004,
A, ,Stomach Ache,1,7,15,0,,,,,,,,,,,,,pear,,stomach ache,m,0.785834149046,,,,,,,,,,2017_Sep_27_1406,59.9770580098,Exp13,001,004,
F,I,Stomach Ache,2,0,16,5,,,,,,,,,,,,,kiwi,mango,stomach ache,m,1.76843069327,,,,,,,,,,2017_Sep_27_1406,59.9770580098,Exp13,001,004,
F, ,Stomach Ache,2,1,17,4,,,,,,,,,,,,,kiwi,,stomach ache,m,1.40498652456,,,,,,,,,,2017_Sep_27_1406,59.9770580098,Exp13,001,004,
G,J,Stomach Ache,2,2,18,6,,,,,,,,,,,,,orange,strawberry,stomach ache,m,2.26450495044,,,,,,,,,,2017_Sep_27_1406,59.9770580098,Exp13,001,004,
C,E,No Stomach Ache,2,3,19,3,,,,,,,,,,,,,apple,banana,stomach ache,m,2.33489639784,,,,,,,,,,2017_Sep_27_1406,59.9770580098,Exp13,001,004,
A,D,Stomach Ache,2,4,20,1,,,,,,,,,,,,,pear,plum,no stomach ache,z,1.85016558638,,,,,,,,,,2017_Sep_27_1406,59.9770580098,Exp13,001,004,
H,J,No Stomach Ache,2,5,21,7,,,,,,,,,,,,,peach,strawberry,no stomach ache,z,1.531730886,,,,,,,,,,2017_Sep_27_1406,59.9770580098,Exp13,001,004,
A, ,Stomach Ache,2,6,22,0,,,,,,,,,,,,,pear,,stomach ache,m,1.85497376831,,,,,,,,,,2017_Sep_27_1406,59.9770580098,Exp13,001,004,
B,E,Stomach Ache,2,7,23,2,,,,,,,,,,,,,cherry,banana,stomach ache,m,2.25386213652,,,,,,,,,,2017_Sep_27_1406,59.9770580098,Exp13,001,004,
F,I,Stomach Ache,3,0,24,5,,,,,,,,,,,,,kiwi,mango,no stomach ache,z,3.51572659401,,,,,,,,,,2017_Sep_27_1406,59.9770580098,Exp13,001,004,
A,D,Stomach Ache,3,1,25,1,,,,,,,,,,,,,pear,plum,stomach ache,m,1.75459024064,,,,,,,,,,2017_Sep_27_1406,59.9770580098,Exp13,001,004,
C,E,No Stomach Ache,3,2,26,3,,,,,,,,,,,,,apple,banana,no stomach ache,z,1.98209994257,,,,,,,,,,2017_Sep_27_1406,59.9770580098,Exp13,001,004,
A, ,Stomach Ache,3,3,27,0,,,,,,,,,,,,,pear,,no stomach ache,z,2.40035367557,,,,,,,,,,2017_Sep_27_1406,59.9770580098,Exp13,001,004,
G,J,Stomach Ache,3,4,28,6,,,,,,,,,,,,,orange,strawberry,stomach ache,m,1.41474672441,,,,,,,,,,2017_Sep_27_1406,59.9770580098,Exp13,001,004,
F, ,Stomach Ache,3,5,29,4,,,,,,,,,,,,,kiwi,,stomach ache,m,1.05013961891,,,,,,,,,,2017_Sep_27_1406,59.9770580098,Exp13,001,004,
B,E,Stomach Ache,3,6,30,2,,,,,,,,,,,,,cherry,banana,stomach ache,m,0.932414229475,,,,,,,,,,2017_Sep_27_1406,59.9770580098,Exp13,001,004,
H,J,No Stomach Ache,3,7,31,7,,,,,,,,,,,,,peach,strawberry,stomach ache,m,1.6206348312,,,,,,,,,,2017_Sep_27_1406,59.9770580098,Exp13,001,004,
F,I,Stomach Ache,4,0,32,5,,,,,,,,,,,,,kiwi,mango,stomach ache,m,1.98773894362,,,,,,,,,,2017_Sep_27_1406,59.9770580098,Exp13,001,004,
A,D,Stomach Ache,4,1,33,1,,,,,,,,,,,,,pear,plum,no stomach ache,z,2.19977700171,,,,,,,,,,2017_Sep_27_1406,59.9770580098,Exp13,001,004,
H,J,No Stomach Ache,4,2,34,7,,,,,,,,,,,,,peach,strawberry,no stomach ache,z,1.54827272565,,,,,,,,,,2017_Sep_27_1406,59.9770580098,Exp13,001,004,
F, ,Stomach Ache,4,3,35,4,,,,,,,,,,,,,kiwi,,stomach ache,m,0.866921955145,,,,,,,,,,2017_Sep_27_1406,59.9770580098,Exp13,001,004,
B,E,Stomach Ache,4,4,36,2,,,,,,,,,,,,,cherry,banana,stomach ache,m,0.949209444461,,,,,,,,,,2017_Sep_27_1406,59.9770580098,Exp13,001,004,
G,J,Stomach Ache,4,5,37,6,,,,,,,,,,,,,orange,strawberry,stomach ache,m,1.71474416966,,,,,,,,,,2017_Sep_27_1406,59.9770580098,Exp13,001,004,
C,E,No Stomach Ache,4,6,38,3,,,,,,,,,,,,,apple,banana,no stomach ache,z,1.50182979687,,,,,,,,,,2017_Sep_27_1406,59.9770580098,Exp13,001,004,
A, ,Stomach Ache,4,7,39,0,,,,,,,,,,,,,pear,,no stomach ache,z,1.95481554871,,,,,,,,,,2017_Sep_27_1406,59.9770580098,Exp13,001,004,
A, ,Stomach Ache,5,0,40,0,,,,,,,,,,,,,pear,,stomach ache,m,1.38353641273,,,,,,,,,,2017_Sep_27_1406,59.9770580098,Exp13,001,004,
F,I,Stomach Ache,5,1,41,5,,,,,,,,,,,,,kiwi,mango,stomach ache,m,2.50153372569,,,,,,,,,,2017_Sep_27_1406,59.9770580098,Exp13,001,004,
C,E,No Stomach Ache,5,2,42,3,,,,,,,,,,,,,apple,banana,no stomach ache,z,1.15427373145,,,,,,,,,,2017_Sep_27_1406,59.9770580098,Exp13,001,004,
H,J,No Stomach Ache,5,3,43,7,,,,,,,,,,,,,peach,strawberry,no stomach ache,z,1.58159683155,,,,,,,,,,2017_Sep_27_1406,59.9770580098,Exp13,001,004,
F, ,Stomach Ache,5,4,44,4,,,,,,,,,,,,,kiwi,,stomach ache,m,1.0028238751,,,,,,,,,,2017_Sep_27_1406,59.9770580098,Exp13,001,004,
G,J,Stomach Ache,5,5,45,6,,,,,,,,,,,,,orange,strawberry,stomach ache,m,1.29749938843,,,,,,,,,,2017_Sep_27_1406,59.9770580098,Exp13,001,004,
A,D,Stomach Ache,5,6,46,1,,,,,,,,,,,,,pear,plum,stomach ache,m,1.86579646471,,,,,,,,,,2017_Sep_27_1406,59.9770580098,Exp13,001,004,
B,E,Stomach Ache,5,7,47,2,,,,,,,,,,,,,cherry,banana,stomach ache,m,0.783531023255,,,,,,,,,,2017_Sep_27_1406,59.9770580098,Exp13,001,004,
G,J,Stomach Ache,6,0,48,6,,,,,,,,,,,,,orange,strawberry,stomach ache,m,0.886481900987,,,,,,,,,,2017_Sep_27_1406,59.9770580098,Exp13,001,004,
A,D,Stomach Ache,6,1,49,1,,,,,,,,,,,,,pear,plum,stomach ache,m,1.16845085131,,,,,,,,,,2017_Sep_27_1406,59.9770580098,Exp13,001,004,
F,I,Stomach Ache,6,2,50,5,,,,,,,,,,,,,kiwi,mango,stomach ache,m,1.46837865334,,,,,,,,,,2017_Sep_27_1406,59.9770580098,Exp13,001,004,
A, ,Stomach Ache,6,3,51,0,,,,,,,,,,,,,pear,,stomach ache,m,2.52168196426,,,,,,,,,,2017_Sep_27_1406,59.9770580098,Exp13,001,004,
B,E,Stomach Ache,6,4,52,2,,,,,,,,,,,,,cherry,banana,stomach ache,m,0.620316362201,,,,,,,,,,2017_Sep_27_1406,59.9770580098,Exp13,001,004,
H,J,No Stomach Ache,6,5,53,7,,,,,,,,,,,,,peach,strawberry,no stomach ache,z,1.09743156504,,,,,,,,,,2017_Sep_27_1406,59.9770580098,Exp13,001,004,
C,E,No Stomach Ache,6,6,54,3,,,,,,,,,,,,,apple,banana,no stomach ache,z,1.89947648597,,,,,,,,,,2017_Sep_27_1406,59.9770580098,Exp13,001,004,
F, ,Stomach Ache,6,7,55,4,,,,,,,,,,,,,kiwi,,stomach ache,m,0.91933075315,,,,,,,,,,2017_Sep_27_1406,59.9770580098,Exp13,001,004,
C,E,No Stomach Ache,7,0,56,3,,,,,,,,,,,,,apple,banana,no stomach ache,z,4.83187076738,,,,,,,,,,2017_Sep_27_1406,59.9770580098,Exp13,001,004,
A, ,Stomach Ache,7,1,57,0,,,,,,,,,,,,,pear,,stomach ache,m,0.938435393313,,,,,,,,,,2017_Sep_27_1406,59.9770580098,Exp13,001,004,
F, ,Stomach Ache,7,2,58,4,,,,,,,,,,,,,kiwi,,stomach ache,m,0.900224713125,,,,,,,,,,2017_Sep_27_1406,59.9770580098,Exp13,001,004,
F,I,Stomach Ache,7,3,59,5,,,,,,,,,,,,,kiwi,mango,stomach ache,m,1.98862855701,,,,,,,,,,2017_Sep_27_1406,59.9770580098,Exp13,001,004,
G,J,Stomach Ache,7,4,60,6,,,,,,,,,,,,,orange,strawberry,stomach ache,m,2.28062963071,,,,,,,,,,2017_Sep_27_1406,59.9770580098,Exp13,001,004,
A,D,Stomach Ache,7,5,61,1,,,,,,,,,,,,,pear,plum,stomach ache,m,1.74907407764,,,,,,,,,,2017_Sep_27_1406,59.9770580098,Exp13,001,004,
H,J,No Stomach Ache,7,6,62,7,,,,,,,,,,,,,peach,strawberry,stomach ache,m,0.835408223011,,,,,,,,,,2017_Sep_27_1406,59.9770580098,Exp13,001,004,
B,E,Stomach Ache,7,7,63,2,,,,,,,,,,,,,cherry,banana,stomach ache,m,0.615709760652,,,,,,,,,,2017_Sep_27_1406,59.9770580098,Exp13,001,004,
A,D,Stomach Ache,8,0,64,1,,,,,,,,,,,,,pear,plum,stomach ache,m,0.818686500872,,,,,,,,,,2017_Sep_27_1406,59.9770580098,Exp13,001,004,
A, ,Stomach Ache,8,1,65,0,,,,,,,,,,,,,pear,,stomach ache,m,0.734016793467,,,,,,,,,,2017_Sep_27_1406,59.9770580098,Exp13,001,004,
C,E,No Stomach Ache,8,2,66,3,,,,,,,,,,,,,apple,banana,no stomach ache,z,0.81777378972,,,,,,,,,,2017_Sep_27_1406,59.9770580098,Exp13,001,004,
F, ,Stomach Ache,8,3,67,4,,,,,,,,,,,,,kiwi,,stomach ache,m,0.755043796486,,,,,,,,,,2017_Sep_27_1406,59.9770580098,Exp13,001,004,
B,E,Stomach Ache,8,4,68,2,,,,,,,,,,,,,cherry,banana,stomach ache,m,0.615608270535,,,,,,,,,,2017_Sep_27_1406,59.9770580098,Exp13,001,004,
F,I,Stomach Ache,8,5,69,5,,,,,,,,,,,,,kiwi,mango,stomach ache,m,1.78801723652,,,,,,,,,,2017_Sep_27_1406,59.9770580098,Exp13,001,004,
G,J,Stomach Ache,8,6,70,6,,,,,,,,,,,,,orange,strawberry,stomach ache,m,1.60346970223,,,,,,,,,,2017_Sep_27_1406,59.9770580098,Exp13,001,004,
H,J,No Stomach Ache,8,7,71,7,,,,,,,,,,,,,peach,strawberry,no stomach ache,z,1.80340383864,,,,,,,,,,2017_Sep_27_1406,59.9770580098,Exp13,001,004,
A, ,Stomach Ache,9,0,72,0,,,,,,,,,,,,,pear,,stomach ache,m,0.702674544631,,,,,,,,,,2017_Sep_27_1406,59.9770580098,Exp13,001,004,
H,J,No Stomach Ache,9,1,73,7,,,,,,,,,,,,,peach,strawberry,no stomach ache,z,1.04764226202,,,,,,,,,,2017_Sep_27_1406,59.9770580098,Exp13,001,004,
C,E,No Stomach Ache,9,2,74,3,,,,,,,,,,,,,apple,banana,no stomach ache,z,1.23464655716,,,,,,,,,,2017_Sep_27_1406,59.9770580098,Exp13,001,004,
A,D,Stomach Ache,9,3,75,1,,,,,,,,,,,,,pear,plum,stomach ache,m,0.682950464772,,,,,,,,,,2017_Sep_27_1406,59.9770580098,Exp13,001,004,
F, ,Stomach Ache,9,4,76,4,,,,,,,,,,,,,kiwi,,stomach ache,m,0.655908247332,,,,,,,,,,2017_Sep_27_1406,59.9770580098,Exp13,001,004,
B,E,Stomach Ache,9,5,77,2,,,,,,,,,,,,,cherry,banana,stomach ache,m,0.734328263145,,,,,,,,,,2017_Sep_27_1406,59.9770580098,Exp13,001,004,
G,J,Stomach Ache,9,6,78,6,,,,,,,,,,,,,orange,strawberry,stomach ache,m,0.81986553609,,,,,,,,,,2017_Sep_27_1406,59.9770580098,Exp13,001,004,
F,I,Stomach Ache,9,7,79,5,,,,,,,,,,,,,kiwi,mango,stomach ache,m,2.2876723451,,,,,,,,,,2017_Sep_27_1406,59.9770580098,Exp13,001,004,
A, ,Stomach Ache,10,0,80,0,,,,,,,,,,,,,pear,,stomach ache,m,0.771643730481,,,,,,,,,,2017_Sep_27_1406,59.9770580098,Exp13,001,004,
H,J,No Stomach Ache,10,1,81,7,,,,,,,,,,,,,peach,strawberry,no stomach ache,z,1.21705691951,,,,,,,,,,2017_Sep_27_1406,59.9770580098,Exp13,001,004,
C,E,No Stomach Ache,10,2,82,3,,,,,,,,,,,,,apple,banana,no stomach ache,z,0.934903187172,,,,,,,,,,2017_Sep_27_1406,59.9770580098,Exp13,001,004,
F, ,Stomach Ache,10,3,83,4,,,,,,,,,,,,,kiwi,,stomach ache,m,0.75079486012,,,,,,,,,,2017_Sep_27_1406,59.9770580098,Exp13,001,004,
G,J,Stomach Ache,10,4,84,6,,,,,,,,,,,,,orange,strawberry,stomach ache,m,0.869323771331,,,,,,,,,,2017_Sep_27_1406,59.9770580098,Exp13,001,004,
F,I,Stomach Ache,10,5,85,5,,,,,,,,,,,,,kiwi,mango,stomach ache,m,2.91552102403,,,,,,,,,,2017_Sep_27_1406,59.9770580098,Exp13,001,004,
A,D,Stomach Ache,10,6,86,1,,,,,,,,,,,,,pear,plum,stomach ache,m,2.74906882815,,,,,,,,,,2017_Sep_27_1406,59.9770580098,Exp13,001,004,
B,E,Stomach Ache,10,7,87,2,,,,,,,,,,,,,cherry,banana,stomach ache,m,1.11849111489,,,,,,,,,,2017_Sep_27_1406,59.9770580098,Exp13,001,004,
G,J,Stomach Ache,11,0,88,6,,,,,,,,,,,,,orange,strawberry,stomach ache,m,1.00021592898,,,,,,,,,,2017_Sep_27_1406,59.9770580098,Exp13,001,004,
C,E,No Stomach Ache,11,1,89,3,,,,,,,,,,,,,apple,banana,no stomach ache,z,0.752737171035,,,,,,,,,,2017_Sep_27_1406,59.9770580098,Exp13,001,004,
A, ,Stomach Ache,11,2,90,0,,,,,,,,,,,,,pear,,stomach ache,m,0.939070231514,,,,,,,,,,2017_Sep_27_1406,59.9770580098,Exp13,001,004,
H,J,No Stomach Ache,11,3,91,7,,,,,,,,,,,,,peach,strawberry,stomach ache,m,1.66686463073,,,,,,,,,,2017_Sep_27_1406,59.9770580098,Exp13,001,004,
F,I,Stomach Ache,11,4,92,5,,,,,,,,,,,,,kiwi,mango,stomach ache,m,0.854600004688,,,,,,,,,,2017_Sep_27_1406,59.9770580098,Exp13,001,004,
F, ,Stomach Ache,11,5,93,4,,,,,,,,,,,,,kiwi,,stomach ache,m,0.488780967171,,,,,,,,,,2017_Sep_27_1406,59.9770580098,Exp13,001,004,
A,D,Stomach Ache,11,6,94,1,,,,,,,,,,,,,pear,plum,stomach ache,m,0.604901062881,,,,,,,,,,2017_Sep_27_1406,59.9770580098,Exp13,001,004,
B,E,Stomach Ache,11,7,95,2,,,,,,,,,,,,,cherry,banana,stomach ache,m,0.999097087897,,,,,,,,,,2017_Sep_27_1406,59.9770580098,Exp13,001,004,
D,C,Stomach Ache,,,,,0,0,0,0,,,,,,,,,plum,apple,no stomach ache,,,z,2.64602695928,,,,,,,,2017_Sep_27_1406,59.9770580098,Exp13,001,004,
D,C,Stomach Ache,,,,,1,0,1,0,,,,,,,,,plum,apple,stomach ache,,,m,0.919543882403,,,,,,,,2017_Sep_27_1406,59.9770580098,Exp13,001,004,
D,C,Stomach Ache,,,,,2,0,2,0,,,,,,,,,plum,apple,stomach ache,,,m,0.752912153999,,,,,,,,2017_Sep_27_1406,59.9770580098,Exp13,001,004,
D,C,Stomach Ache,,,,,3,0,3,0,,,,,,,,,plum,apple,stomach ache,,,m,0.972367390033,,,,,,,,2017_Sep_27_1406,59.9770580098,Exp13,001,004,
D,C,Stomach Ache,,,,,4,0,4,0,,,,,,,,,plum,apple,stomach ache,,,m,1.683348726,,,,,,,,2017_Sep_27_1406,59.9770580098,Exp13,001,004,
D,C,Stomach Ache,,,,,5,0,5,0,,,,,,,,,plum,apple,stomach ache,,,m,1.63612712302,,,,,,,,2017_Sep_27_1406,59.9770580098,Exp13,001,004,
,,,,,,,,,,,,,,,,,,,,,,,,,,space,9.08316310407,,,,,,2017_Sep_27_1406,59.9770580098,Exp13,001,004,
C, ,,,,,,,,,,0,0,0,2,,,,,apple,,,,,,,,,4,4.753,"[(None, 0.0), (u'4', 4.753)]",,,2017_Sep_27_1406,59.9770580098,Exp13,001,004,
H, ,,,,,,,,,,0,1,1,7,,,,,peach,,,,,,,,,4,4.459,"[(None, 0.0), (u'4', 4.459)]",,,2017_Sep_27_1406,59.9770580098,Exp13,001,004,
G, ,,,,,,,,,,0,2,2,6,,,,,orange,,,,,,,,,8,2.405,"[(None, 0.0), (u'8', 2.405)]",,,2017_Sep_27_1406,59.9770580098,Exp13,001,004,
D,H,,,,,,,,,,0,3,3,11,,,,,plum,peach,,,,,,,,7,3.505,"[(None, 0.0), (u'7', 3.505)]",,,2017_Sep_27_1406,59.9770580098,Exp13,001,004,
E, ,,,,,,,,,,0,4,4,4,,,,,banana,,,,,,,,,7,2.01,"[(None, 0.0), (u'7', 2.01)]",,,2017_Sep_27_1406,59.9770580098,Exp13,001,004,
F, ,,,,,,,,,,0,5,5,5,,,,,kiwi,,,,,,,,,10,1.543,"[(None, 0.0), (u'10', 1.543)]",,,2017_Sep_27_1406,59.9770580098,Exp13,001,004,
D, ,,,,,,,,,,0,6,6,3,,,,,plum,,,,,,,,,10,0.87,"[(None, 0.0), (u'10', 0.87)]",,,2017_Sep_27_1406,59.9770580098,Exp13,001,004,
I, ,,,,,,,,,,0,7,7,8,,,,,mango,,,,,,,,,7,2.005,"[(None, 0.0), (u'7', 2.005)]",,,2017_Sep_27_1406,59.9770580098,Exp13,001,004,
B, ,,,,,,,,,,0,8,8,1,,,,,cherry,,,,,,,,,8,2.093,"[(None, 0.0), (u'8', 2.093)]",,,2017_Sep_27_1406,59.9770580098,Exp13,001,004,
J, ,,,,,,,,,,0,9,9,9,,,,,strawberry,,,,,,,,,3,5.843,"[(None, 0.0), (u'3', 5.843)]",,,2017_Sep_27_1406,59.9770580098,Exp13,001,004,
A, ,,,,,,,,,,0,10,10,0,,,,,pear,,,,,,,,,7,1.776,"[(None, 0.0), (u'7', 1.776)]",,,2017_Sep_27_1406,59.9770580098,Exp13,001,004,
I,C,,,,,,,,,,0,11,11,10,,,,,mango,apple,,,,,,,,5,2.302,"[(None, 0.0), (u'5', 2.302)]",,,2017_Sep_27_1406,59.9770580098,Exp13,001,004,
B, ,,,,,,,,,,1,0,12,1,,,,,cherry,,,,,,,,,7,1.51,"[(None, 0.0), (u'7', 1.51)]",,,2017_Sep_27_1406,59.9770580098,Exp13,001,004,
I,C,,,,,,,,,,1,1,13,10,,,,,mango,apple,,,,,,,,2,4.036,"[(None, 0.0), (u'2', 4.036)]",,,2017_Sep_27_1406,59.9770580098,Exp13,001,004,
A, ,,,,,,,,,,1,2,14,0,,,,,pear,,,,,,,,,7,1.32,"[(None, 0.0), (u'7', 1.32)]",,,2017_Sep_27_1406,59.9770580098,Exp13,001,004,
E, ,,,,,,,,,,1,3,15,4,,,,,banana,,,,,,,,,5,3.087,"[(None, 0.0), (u'5', 3.087)]",,,2017_Sep_27_1406,59.9770580098,Exp13,001,004,
G, ,,,,,,,,,,1,4,16,6,,,,,orange,,,,,,,,,7,1.27,"[(None, 0.0), (u'7', 1.27)]",,,2017_Sep_27_1406,59.9770580098,Exp13,001,004,
D,H,,,,,,,,,,1,5,17,11,,,,,plum,peach,,,,,,,,10,3.843,"[(None, 0.0), (u'10', 3.843)]",,,2017_Sep_27_1406,59.9770580098,Exp13,001,004,
C, ,,,,,,,,,,1,6,18,2,,,,,apple,,,,,,,,,5,2.61,"[(None, 0.0), (u'5', 2.609)]",,,2017_Sep_27_1406,59.9770580098,Exp13,001,004,
J, ,,,,,,,,,,1,7,19,9,,,,,strawberry,,,,,,,,,5,2.138,"[(None, 0.0), (u'5', 2.138)]",,,2017_Sep_27_1406,59.9770580098,Exp13,001,004,
I, ,,,,,,,,,,1,8,20,8,,,,,mango,,,,,,,,,0,2.643,"[(None, 0.0), (u'0', 2.643)]",,,2017_Sep_27_1406,59.9770580098,Exp13,001,004,
F, ,,,,,,,,,,1,9,21,5,,,,,kiwi,,,,,,,,,6,1.606,"[(None, 0.0), (u'6', 1.606)]",,,2017_Sep_27_1406,59.9770580098,Exp13,001,004,
H, ,,,,,,,,,,1,10,22,7,,,,,peach,,,,,,,,,7,2.07,"[(None, 0.0), (u'7', 2.07)]",,,2017_Sep_27_1406,59.9770580098,Exp13,001,004,
D, ,,,,,,,,,,1,11,23,3,,,,,plum,,,,,,,,,10,2.604,"[(None, 0.0), (u'10', 2.604)]",,,2017_Sep_27_1406,59.9770580098,Exp13,001,004,
,,,,,,,,,,,,,,,,,,,,,,,,,,,,,,,space,2.41704215095,2017_Sep_27_1406,59.9770580098,Exp13,001,004,
