stim1,stim2,outcome,train_trials.thisRepN,train_trials.thisTrialN,train_trials.thisN,train_trials.thisIndex,train_trials2.thisRepN,train_trials2.thisTrialN,train_trials2.thisN,train_trials2.thisIndex,test_trials.thisRepN,test_trials.thisTrialN,test_trials.thisN,test_trials.thisIndex,start_exp.keys,start_exp.rt,start_exp2.keys,start_exp2.rt,stim.A,stim.B,pressed,key_ans.keys,key_ans.rt,key_answ.keys,key_answ.rt,start.keys,start.rt,rating.response,rating.rt,rating.history,exit_exp.keys,exit_exp.rt,date,frameRate,expName,session,participant,
,,,,,,,,,,,,,,,space,261.56723143,,,,,,,,,,,,,,,,,2017_Sep_28_0834,59.9151833335,Exp13,001,005,
,,,,,,,,,,,,,,,,,space,10.3998913706,,,,,,,,,,,,,,,2017_Sep_28_0834,59.9151833335,Exp13,001,005,
F, ,Stomach Ache,0,0,0,4,,,,,,,,,,,,,cherry,,no stomach ache,z,4.90045044114,,,,,,,,,,2017_Sep_28_0834,59.9151833335,Exp13,001,005,
A, ,Stomach Ache,0,1,1,0,,,,,,,,,,,,,kiwi,,no stomach ache,z,3.88358663284,,,,,,,,,,2017_Sep_28_0834,59.9151833335,Exp13,001,005,
F,I,Stomach Ache,0,2,2,5,,,,,,,,,,,,,cherry,plum,stomach ache,m,6.58680397463,,,,,,,,,,2017_Sep_28_0834,59.9151833335,Exp13,001,005,
G,J,Stomach Ache,0,3,3,6,,,,,,,,,,,,,banana,apple,no stomach ache,z,3.98161174011,,,,,,,,,,2017_Sep_28_0834,59.9151833335,Exp13,001,005,
C,E,No Stomach Ache,0,4,4,3,,,,,,,,,,,,,orange,peach,stomach ache,m,6.48341493955,,,,,,,,,,2017_Sep_28_0834,59.9151833335,Exp13,001,005,
B,E,Stomach Ache,0,5,5,2,,,,,,,,,,,,,strawberry,peach,no stomach ache,z,4.03725667307,,,,,,,,,,2017_Sep_28_0834,59.9151833335,Exp13,001,005,
H,J,No Stomach Ache,0,6,6,7,,,,,,,,,,,,,mango,apple,stomach ache,m,4.49792382712,,,,,,,,,,2017_Sep_28_0834,59.9151833335,Exp13,001,005,
A,D,Stomach Ache,0,7,7,1,,,,,,,,,,,,,kiwi,pear,stomach ache,m,5.75155183644,,,,,,,,,,2017_Sep_28_0834,59.9151833335,Exp13,001,005,
F,I,Stomach Ache,1,0,8,5,,,,,,,,,,,,,cherry,plum,stomach ache,m,3.00059179238,,,,,,,,,,2017_Sep_28_0834,59.9151833335,Exp13,001,005,
H,J,No Stomach Ache,1,1,9,7,,,,,,,,,,,,,mango,apple,no stomach ache,z,5.00189996503,,,,,,,,,,2017_Sep_28_0834,59.9151833335,Exp13,001,005,
C,E,No Stomach Ache,1,2,10,3,,,,,,,,,,,,,orange,peach,no stomach ache,z,5.7690210858,,,,,,,,,,2017_Sep_28_0834,59.9151833335,Exp13,001,005,
F, ,Stomach Ache,1,3,11,4,,,,,,,,,,,,,cherry,,stomach ache,m,3.45012408042,,,,,,,,,,2017_Sep_28_0834,59.9151833335,Exp13,001,005,
A,D,Stomach Ache,1,4,12,1,,,,,,,,,,,,,kiwi,pear,stomach ache,m,2.31632265598,,,,,,,,,,2017_Sep_28_0834,59.9151833335,Exp13,001,005,
A, ,Stomach Ache,1,5,13,0,,,,,,,,,,,,,kiwi,,stomach ache,m,2.0501242204,,,,,,,,,,2017_Sep_28_0834,59.9151833335,Exp13,001,005,
B,E,Stomach Ache,1,6,14,2,,,,,,,,,,,,,strawberry,peach,stomach ache,m,3.0151710231,,,,,,,,,,2017_Sep_28_0834,59.9151833335,Exp13,001,005,
G,J,Stomach Ache,1,7,15,6,,,,,,,,,,,,,banana,apple,no stomach ache,z,2.6328269443,,,,,,,,,,2017_Sep_28_0834,59.9151833335,Exp13,001,005,
H,J,No Stomach Ache,2,0,16,7,,,,,,,,,,,,,mango,apple,no stomach ache,z,3.30525953299,,,,,,,,,,2017_Sep_28_0834,59.9151833335,Exp13,001,005,
F, ,Stomach Ache,2,1,17,4,,,,,,,,,,,,,cherry,,stomach ache,m,1.48598508936,,,,,,,,,,2017_Sep_28_0834,59.9151833335,Exp13,001,005,
G,J,Stomach Ache,2,2,18,6,,,,,,,,,,,,,banana,apple,no stomach ache,z,6.6866440052,,,,,,,,,,2017_Sep_28_0834,59.9151833335,Exp13,001,005,
A,D,Stomach Ache,2,3,19,1,,,,,,,,,,,,,kiwi,pear,stomach ache,m,2.83226692882,,,,,,,,,,2017_Sep_28_0834,59.9151833335,Exp13,001,005,
C,E,No Stomach Ache,2,4,20,3,,,,,,,,,,,,,orange,peach,no stomach ache,z,2.1849212979,,,,,,,,,,2017_Sep_28_0834,59.9151833335,Exp13,001,005,
A, ,Stomach Ache,2,5,21,0,,,,,,,,,,,,,kiwi,,stomach ache,m,2.08582599483,,,,,,,,,,2017_Sep_28_0834,59.9151833335,Exp13,001,005,
F,I,Stomach Ache,2,6,22,5,,,,,,,,,,,,,cherry,plum,stomach ache,m,1.61647268638,,,,,,,,,,2017_Sep_28_0834,59.9151833335,Exp13,001,005,
B,E,Stomach Ache,2,7,23,2,,,,,,,,,,,,,strawberry,peach,no stomach ache,z,3.09799326035,,,,,,,,,,2017_Sep_28_0834,59.9151833335,Exp13,001,005,
F, ,Stomach Ache,3,0,24,4,,,,,,,,,,,,,cherry,,stomach ache,m,2.25521405491,,,,,,,,,,2017_Sep_28_0834,59.9151833335,Exp13,001,005,
F,I,Stomach Ache,3,1,25,5,,,,,,,,,,,,,cherry,plum,stomach ache,m,3.30065433131,,,,,,,,,,2017_Sep_28_0834,59.9151833335,Exp13,001,005,
G,J,Stomach Ache,3,2,26,6,,,,,,,,,,,,,banana,apple,no stomach ache,z,2.5158735797,,,,,,,,,,2017_Sep_28_0834,59.9151833335,Exp13,001,005,
A,D,Stomach Ache,3,3,27,1,,,,,,,,,,,,,kiwi,pear,stomach ache,m,3.39914209352,,,,,,,,,,2017_Sep_28_0834,59.9151833335,Exp13,001,005,
C,E,No Stomach Ache,3,4,28,3,,,,,,,,,,,,,orange,peach,no stomach ache,z,3.48294388541,,,,,,,,,,2017_Sep_28_0834,59.9151833335,Exp13,001,005,
H,J,No Stomach Ache,3,5,29,7,,,,,,,,,,,,,mango,apple,no stomach ache,z,2.53219319099,,,,,,,,,,2017_Sep_28_0834,59.9151833335,Exp13,001,005,
B,E,Stomach Ache,3,6,30,2,,,,,,,,,,,,,strawberry,peach,stomach ache,m,4.40410601029,,,,,,,,,,2017_Sep_28_0834,59.9151833335,Exp13,001,005,
A, ,Stomach Ache,3,7,31,0,,,,,,,,,,,,,kiwi,,stomach ache,m,2.85563975347,,,,,,,,,,2017_Sep_28_0834,59.9151833335,Exp13,001,005,
F, ,Stomach Ache,4,0,32,4,,,,,,,,,,,,,cherry,,stomach ache,m,3.88632931584,,,,,,,,,,2017_Sep_28_0834,59.9151833335,Exp13,001,005,
A, ,Stomach Ache,4,1,33,0,,,,,,,,,,,,,kiwi,,stomach ache,m,1.72127873352,,,,,,,,,,2017_Sep_28_0834,59.9151833335,Exp13,001,005,
G,J,Stomach Ache,4,2,34,6,,,,,,,,,,,,,banana,apple,stomach ache,m,2.44887925161,,,,,,,,,,2017_Sep_28_0834,59.9151833335,Exp13,001,005,
B,E,Stomach Ache,4,3,35,2,,,,,,,,,,,,,strawberry,peach,stomach ache,m,3.83184242014,,,,,,,,,,2017_Sep_28_0834,59.9151833335,Exp13,001,005,
F,I,Stomach Ache,4,4,36,5,,,,,,,,,,,,,cherry,plum,stomach ache,m,3.55375284216,,,,,,,,,,2017_Sep_28_0834,59.9151833335,Exp13,001,005,
H,J,No Stomach Ache,4,5,37,7,,,,,,,,,,,,,mango,apple,stomach ache,m,3.31549078698,,,,,,,,,,2017_Sep_28_0834,59.9151833335,Exp13,001,005,
A,D,Stomach Ache,4,6,38,1,,,,,,,,,,,,,kiwi,pear,stomach ache,m,3.53758686592,,,,,,,,,,2017_Sep_28_0834,59.9151833335,Exp13,001,005,
C,E,No Stomach Ache,4,7,39,3,,,,,,,,,,,,,orange,peach,no stomach ache,z,2.06590453419,,,,,,,,,,2017_Sep_28_0834,59.9151833335,Exp13,001,005,
B,E,Stomach Ache,5,0,40,2,,,,,,,,,,,,,strawberry,peach,stomach ache,m,2.54778977267,,,,,,,,,,2017_Sep_28_0834,59.9151833335,Exp13,001,005,
F, ,Stomach Ache,5,1,41,4,,,,,,,,,,,,,cherry,,stomach ache,m,2.86673577328,,,,,,,,,,2017_Sep_28_0834,59.9151833335,Exp13,001,005,
C,E,No Stomach Ache,5,2,42,3,,,,,,,,,,,,,orange,peach,no stomach ache,z,2.01768307856,,,,,,,,,,2017_Sep_28_0834,59.9151833335,Exp13,001,005,
G,J,Stomach Ache,5,3,43,6,,,,,,,,,,,,,banana,apple,stomach ache,m,2.43477072507,,,,,,,,,,2017_Sep_28_0834,59.9151833335,Exp13,001,005,
A, ,Stomach Ache,5,4,44,0,,,,,,,,,,,,,kiwi,,stomach ache,m,3.20016616384,,,,,,,,,,2017_Sep_28_0834,59.9151833335,Exp13,001,005,
A,D,Stomach Ache,5,5,45,1,,,,,,,,,,,,,kiwi,pear,stomach ache,m,3.00444701708,,,,,,,,,,2017_Sep_28_0834,59.9151833335,Exp13,001,005,
F,I,Stomach Ache,5,6,46,5,,,,,,,,,,,,,cherry,plum,stomach ache,m,2.21674894949,,,,,,,,,,2017_Sep_28_0834,59.9151833335,Exp13,001,005,
H,J,No Stomach Ache,5,7,47,7,,,,,,,,,,,,,mango,apple,no stomach ache,z,6.26829158181,,,,,,,,,,2017_Sep_28_0834,59.9151833335,Exp13,001,005,
A,D,Stomach Ache,6,0,48,1,,,,,,,,,,,,,kiwi,pear,stomach ache,m,1.84875767343,,,,,,,,,,2017_Sep_28_0834,59.9151833335,Exp13,001,005,
C,E,No Stomach Ache,6,1,49,3,,,,,,,,,,,,,orange,peach,no stomach ache,z,2.41616863599,,,,,,,,,,2017_Sep_28_0834,59.9151833335,Exp13,001,005,
B,E,Stomach Ache,6,2,50,2,,,,,,,,,,,,,strawberry,peach,stomach ache,m,2.40065184655,,,,,,,,,,2017_Sep_28_0834,59.9151833335,Exp13,001,005,
F, ,Stomach Ache,6,3,51,4,,,,,,,,,,,,,cherry,,stomach ache,m,2.1334854052,,,,,,,,,,2017_Sep_28_0834,59.9151833335,Exp13,001,005,
A, ,Stomach Ache,6,4,52,0,,,,,,,,,,,,,kiwi,,stomach ache,m,2.46680905613,,,,,,,,,,2017_Sep_28_0834,59.9151833335,Exp13,001,005,
F,I,Stomach Ache,6,5,53,5,,,,,,,,,,,,,cherry,plum,stomach ache,m,2.80202252312,,,,,,,,,,2017_Sep_28_0834,59.9151833335,Exp13,001,005,
H,J,No Stomach Ache,6,6,54,7,,,,,,,,,,,,,mango,apple,no stomach ache,z,3.71788301409,,,,,,,,,,2017_Sep_28_0834,59.9151833335,Exp13,001,005,
G,J,Stomach Ache,6,7,55,6,,,,,,,,,,,,,banana,apple,stomach ache,m,3.86669552719,,,,,,,,,,2017_Sep_28_0834,59.9151833335,Exp13,001,005,
A, ,Stomach Ache,7,0,56,0,,,,,,,,,,,,,kiwi,,stomach ache,m,3.41681572299,,,,,,,,,,2017_Sep_28_0834,59.9151833335,Exp13,001,005,
C,E,No Stomach Ache,7,1,57,3,,,,,,,,,,,,,orange,peach,no stomach ache,z,2.48183344351,,,,,,,,,,2017_Sep_28_0834,59.9151833335,Exp13,001,005,
A,D,Stomach Ache,7,2,58,1,,,,,,,,,,,,,kiwi,pear,stomach ache,m,2.51821100216,,,,,,,,,,2017_Sep_28_0834,59.9151833335,Exp13,001,005,
B,E,Stomach Ache,7,3,59,2,,,,,,,,,,,,,strawberry,peach,stomach ache,m,2.01479690953,,,,,,,,,,2017_Sep_28_0834,59.9151833335,Exp13,001,005,
G,J,Stomach Ache,7,4,60,6,,,,,,,,,,,,,banana,apple,stomach ache,m,1.99881081577,,,,,,,,,,2017_Sep_28_0834,59.9151833335,Exp13,001,005,
F,I,Stomach Ache,7,5,61,5,,,,,,,,,,,,,cherry,plum,stomach ache,m,3.2496219493,,,,,,,,,,2017_Sep_28_0834,59.9151833335,Exp13,001,005,
H,J,No Stomach Ache,7,6,62,7,,,,,,,,,,,,,mango,apple,no stomach ache,z,2.01942975851,,,,,,,,,,2017_Sep_28_0834,59.9151833335,Exp13,001,005,
F, ,Stomach Ache,7,7,63,4,,,,,,,,,,,,,cherry,,stomach ache,m,2.15263799069,,,,,,,,,,2017_Sep_28_0834,59.9151833335,Exp13,001,005,
G,J,Stomach Ache,8,0,64,6,,,,,,,,,,,,,banana,apple,stomach ache,m,1.65049182462,,,,,,,,,,2017_Sep_28_0834,59.9151833335,Exp13,001,005,
B,E,Stomach Ache,8,1,65,2,,,,,,,,,,,,,strawberry,peach,stomach ache,m,1.69844100677,,,,,,,,,,2017_Sep_28_0834,59.9151833335,Exp13,001,005,
C,E,No Stomach Ache,8,2,66,3,,,,,,,,,,,,,orange,peach,no stomach ache,z,2.1336064934,,,,,,,,,,2017_Sep_28_0834,59.9151833335,Exp13,001,005,
A, ,Stomach Ache,8,3,67,0,,,,,,,,,,,,,kiwi,,stomach ache,m,2.67205917503,,,,,,,,,,2017_Sep_28_0834,59.9151833335,Exp13,001,005,
F, ,Stomach Ache,8,4,68,4,,,,,,,,,,,,,cherry,,stomach ache,m,2.50506698173,,,,,,,,,,2017_Sep_28_0834,59.9151833335,Exp13,001,005,
F,I,Stomach Ache,8,5,69,5,,,,,,,,,,,,,cherry,plum,stomach ache,m,4.08354421698,,,,,,,,,,2017_Sep_28_0834,59.9151833335,Exp13,001,005,
H,J,No Stomach Ache,8,6,70,7,,,,,,,,,,,,,mango,apple,no stomach ache,z,3.13694551836,,,,,,,,,,2017_Sep_28_0834,59.9151833335,Exp13,001,005,
A,D,Stomach Ache,8,7,71,1,,,,,,,,,,,,,kiwi,pear,stomach ache,m,2.17078547404,,,,,,,,,,2017_Sep_28_0834,59.9151833335,Exp13,001,005,
F, ,Stomach Ache,9,0,72,4,,,,,,,,,,,,,cherry,,stomach ache,m,3.13801396434,,,,,,,,,,2017_Sep_28_0834,59.9151833335,Exp13,001,005,
C,E,No Stomach Ache,9,1,73,3,,,,,,,,,,,,,orange,peach,no stomach ache,z,1.68391707067,,,,,,,,,,2017_Sep_28_0834,59.9151833335,Exp13,001,005,
G,J,Stomach Ache,9,2,74,6,,,,,,,,,,,,,banana,apple,stomach ache,m,1.26588556603,,,,,,,,,,2017_Sep_28_0834,59.9151833335,Exp13,001,005,
A, ,Stomach Ache,9,3,75,0,,,,,,,,,,,,,kiwi,,stomach ache,m,2.41708134714,,,,,,,,,,2017_Sep_28_0834,59.9151833335,Exp13,001,005,
B,E,Stomach Ache,9,4,76,2,,,,,,,,,,,,,strawberry,peach,stomach ache,m,1.848495199,,,,,,,,,,2017_Sep_28_0834,59.9151833335,Exp13,001,005,
A,D,Stomach Ache,9,5,77,1,,,,,,,,,,,,,kiwi,pear,stomach ache,m,2.73487351005,,,,,,,,,,2017_Sep_28_0834,59.9151833335,Exp13,001,005,
H,J,No Stomach Ache,9,6,78,7,,,,,,,,,,,,,mango,apple,no stomach ache,z,1.63469051289,,,,,,,,,,2017_Sep_28_0834,59.9151833335,Exp13,001,005,
F,I,Stomach Ache,9,7,79,5,,,,,,,,,,,,,cherry,plum,stomach ache,m,1.54987067009,,,,,,,,,,2017_Sep_28_0834,59.9151833335,Exp13,001,005,
H,J,No Stomach Ache,10,0,80,7,,,,,,,,,,,,,mango,apple,no stomach ache,z,4.8011525078,,,,,,,,,,2017_Sep_28_0834,59.9151833335,Exp13,001,005,
A,D,Stomach Ache,10,1,81,1,,,,,,,,,,,,,kiwi,pear,stomach ache,m,2.73655754612,,,,,,,,,,2017_Sep_28_0834,59.9151833335,Exp13,001,005,
F, ,Stomach Ache,10,2,82,4,,,,,,,,,,,,,cherry,,stomach ache,m,1.90029225656,,,,,,,,,,2017_Sep_28_0834,59.9151833335,Exp13,001,005,
C,E,No Stomach Ache,10,3,83,3,,,,,,,,,,,,,orange,peach,no stomach ache,z,1.51791913057,,,,,,,,,,2017_Sep_28_0834,59.9151833335,Exp13,001,005,
G,J,Stomach Ache,10,4,84,6,,,,,,,,,,,,,banana,apple,stomach ache,m,3.06515175747,,,,,,,,,,2017_Sep_28_0834,59.9151833335,Exp13,001,005,
B,E,Stomach Ache,10,5,85,2,,,,,,,,,,,,,strawberry,peach,stomach ache,m,1.41475407369,,,,,,,,,,2017_Sep_28_0834,59.9151833335,Exp13,001,005,
A, ,Stomach Ache,10,6,86,0,,,,,,,,,,,,,kiwi,,stomach ache,m,1.60407934288,,,,,,,,,,2017_Sep_28_0834,59.9151833335,Exp13,001,005,
F,I,Stomach Ache,10,7,87,5,,,,,,,,,,,,,cherry,plum,stomach ache,m,1.90141424732,,,,,,,,,,2017_Sep_28_0834,59.9151833335,Exp13,001,005,
A, ,Stomach Ache,11,0,88,0,,,,,,,,,,,,,kiwi,,stomach ache,m,1.96741432222,,,,,,,,,,2017_Sep_28_0834,59.9151833335,Exp13,001,005,
C,E,No Stomach Ache,11,1,89,3,,,,,,,,,,,,,orange,peach,no stomach ache,z,1.3818807239,,,,,,,,,,2017_Sep_28_0834,59.9151833335,Exp13,001,005,
F, ,Stomach Ache,11,2,90,4,,,,,,,,,,,,,cherry,,stomach ache,m,1.75034165423,,,,,,,,,,2017_Sep_28_0834,59.9151833335,Exp13,001,005,
G,J,Stomach Ache,11,3,91,6,,,,,,,,,,,,,banana,apple,stomach ache,m,2.24890941867,,,,,,,,,,2017_Sep_28_0834,59.9151833335,Exp13,001,005,
A,D,Stomach Ache,11,4,92,1,,,,,,,,,,,,,kiwi,pear,stomach ache,m,2.53235872489,,,,,,,,,,2017_Sep_28_0834,59.9151833335,Exp13,001,005,
B,E,Stomach Ache,11,5,93,2,,,,,,,,,,,,,strawberry,peach,stomach ache,m,3.21733864208,,,,,,,,,,2017_Sep_28_0834,59.9151833335,Exp13,001,005,
F,I,Stomach Ache,11,6,94,5,,,,,,,,,,,,,cherry,plum,stomach ache,m,2.08362575904,,,,,,,,,,2017_Sep_28_0834,59.9151833335,Exp13,001,005,
H,J,No Stomach Ache,11,7,95,7,,,,,,,,,,,,,mango,apple,no stomach ache,z,1.88250488816,,,,,,,,,,2017_Sep_28_0834,59.9151833335,Exp13,001,005,
D,C,Stomach Ache,,,,,0,0,0,0,,,,,,,,,pear,orange,no stomach ache,,,z,2.47921464845,,,,,,,,2017_Sep_28_0834,59.9151833335,Exp13,001,005,
D,C,Stomach Ache,,,,,1,0,1,0,,,,,,,,,pear,orange,stomach ache,,,m,2.03341719684,,,,,,,,2017_Sep_28_0834,59.9151833335,Exp13,001,005,
D,C,Stomach Ache,,,,,2,0,2,0,,,,,,,,,pear,orange,stomach ache,,,m,2.03819738148,,,,,,,,2017_Sep_28_0834,59.9151833335,Exp13,001,005,
D,C,Stomach Ache,,,,,3,0,3,0,,,,,,,,,pear,orange,stomach ache,,,m,2.61675545885,,,,,,,,2017_Sep_28_0834,59.9151833335,Exp13,001,005,
D,C,Stomach Ache,,,,,4,0,4,0,,,,,,,,,pear,orange,stomach ache,,,m,2.7502156665,,,,,,,,2017_Sep_28_0834,59.9151833335,Exp13,001,005,
D,C,Stomach Ache,,,,,5,0,5,0,,,,,,,,,pear,orange,stomach ache,,,m,3.10467166021,,,,,,,,2017_Sep_28_0834,59.9151833335,Exp13,001,005,
,,,,,,,,,,,,,,,,,,,,,,,,,,space,12.0652256003,,,,,,2017_Sep_28_0834,59.9151833335,Exp13,001,005,
F, ,,,,,,,,,,0,0,0,5,,,,,cherry,,,,,,,,,10,5.902,"[(None, 0.0), (u'10', 5.902)]",,,2017_Sep_28_0834,59.9151833335,Exp13,001,005,
A, ,,,,,,,,,,0,1,1,0,,,,,kiwi,,,,,,,,,10,3.703,"[(None, 0.0), (u'10', 3.703)]",,,2017_Sep_28_0834,59.9151833335,Exp13,001,005,
I,C,,,,,,,,,,0,2,2,10,,,,,plum,orange,,,,,,,,2,9.336,"[(None, 0.0), (u'2', 9.336)]",,,2017_Sep_28_0834,59.9151833335,Exp13,001,005,
C, ,,,,,,,,,,0,3,3,2,,,,,orange,,,,,,,,,3,6.403,"[(None, 0.0), (u'3', 6.403)]",,,2017_Sep_28_0834,59.9151833335,Exp13,001,005,
D, ,,,,,,,,,,0,4,4,3,,,,,pear,,,,,,,,,6,3.07,"[(None, 0.0), (u'6', 3.07)]",,,2017_Sep_28_0834,59.9151833335,Exp13,001,005,
I, ,,,,,,,,,,0,5,5,8,,,,,plum,,,,,,,,,0,3.437,"[(None, 0.0), (u'0', 3.437)]",,,2017_Sep_28_0834,59.9151833335,Exp13,001,005,
B, ,,,,,,,,,,0,6,6,1,,,,,strawberry,,,,,,,,,8,2.31,"[(None, 0.0), (u'8', 2.31)]",,,2017_Sep_28_0834,59.9151833335,Exp13,001,005,
J, ,,,,,,,,,,0,7,7,9,,,,,apple,,,,,,,,,0,3.441,"[(None, 0.0), (u'0', 3.441)]",,,2017_Sep_28_0834,59.9151833335,Exp13,001,005,
D,H,,,,,,,,,,0,8,8,11,,,,,pear,mango,,,,,,,,3,6.843,"[(None, 0.0), (u'3', 6.843)]",,,2017_Sep_28_0834,59.9151833335,Exp13,001,005,
G, ,,,,,,,,,,0,9,9,6,,,,,banana,,,,,,,,,7,4.737,"[(None, 0.0), (u'7', 4.737)]",,,2017_Sep_28_0834,59.9151833335,Exp13,001,005,
H, ,,,,,,,,,,0,10,10,7,,,,,mango,,,,,,,,,1,3.259,"[(None, 0.0), (u'1', 3.259)]",,,2017_Sep_28_0834,59.9151833335,Exp13,001,005,
E, ,,,,,,,,,,0,11,11,4,,,,,peach,,,,,,,,,0,6.372,"[(None, 0.0), (u'0', 6.372)]",,,2017_Sep_28_0834,59.9151833335,Exp13,001,005,
C, ,,,,,,,,,,1,0,12,2,,,,,orange,,,,,,,,,6,3.17,"[(None, 0.0), (u'6', 3.17)]",,,2017_Sep_28_0834,59.9151833335,Exp13,001,005,
B, ,,,,,,,,,,1,1,13,1,,,,,strawberry,,,,,,,,,9,4.276,"[(None, 0.0), (u'9', 4.276)]",,,2017_Sep_28_0834,59.9151833335,Exp13,001,005,
E, ,,,,,,,,,,1,2,14,4,,,,,peach,,,,,,,,,2,4.37,"[(None, 0.0), (u'2', 4.37)]",,,2017_Sep_28_0834,59.9151833335,Exp13,001,005,
I,C,,,,,,,,,,1,3,15,10,,,,,plum,orange,,,,,,,,4,5.11,"[(None, 0.0), (u'4', 5.109)]",,,2017_Sep_28_0834,59.9151833335,Exp13,001,005,
I, ,,,,,,,,,,1,4,16,8,,,,,plum,,,,,,,,,1,4.47,"[(None, 0.0), (u'1', 4.47)]",,,2017_Sep_28_0834,59.9151833335,Exp13,001,005,
J, ,,,,,,,,,,1,5,17,9,,,,,apple,,,,,,,,,0,4.772,"[(None, 0.0), (u'0', 4.772)]",,,2017_Sep_28_0834,59.9151833335,Exp13,001,005,
H, ,,,,,,,,,,1,6,18,7,,,,,mango,,,,,,,,,0,3.739,"[(None, 0.0), (u'0', 3.739)]",,,2017_Sep_28_0834,59.9151833335,Exp13,001,005,
D,H,,,,,,,,,,1,7,19,11,,,,,pear,mango,,,,,,,,3,3.236,"[(None, 0.0), (u'3', 3.236)]",,,2017_Sep_28_0834,59.9151833335,Exp13,001,005,
A, ,,,,,,,,,,1,8,20,0,,,,,kiwi,,,,,,,,,9,3.11,"[(None, 0.0), (u'9', 3.11)]",,,2017_Sep_28_0834,59.9151833335,Exp13,001,005,
G, ,,,,,,,,,,1,9,21,6,,,,,banana,,,,,,,,,9,5.57,"[(None, 0.0), (u'9', 5.57)]",,,2017_Sep_28_0834,59.9151833335,Exp13,001,005,
F, ,,,,,,,,,,1,10,22,5,,,,,cherry,,,,,,,,,10,1.537,"[(None, 0.0), (u'10', 1.537)]",,,2017_Sep_28_0834,59.9151833335,Exp13,001,005,
D, ,,,,,,,,,,1,11,23,3,,,,,pear,,,,,,,,,7,7.692,"[(None, 0.0), (u'7', 7.692)]",,,2017_Sep_28_0834,59.9151833335,Exp13,001,005,
,,,,,,,,,,,,,,,,,,,,,,,,,,,,,,,space,2.11610189748,2017_Sep_28_0834,59.9151833335,Exp13,001,005,
