stim1,stim2,outcome,train_trials.thisRepN,train_trials.thisTrialN,train_trials.thisN,train_trials.thisIndex,train_trials2.thisRepN,train_trials2.thisTrialN,train_trials2.thisN,train_trials2.thisIndex,test_trials.thisRepN,test_trials.thisTrialN,test_trials.thisN,test_trials.thisIndex,start_exp.keys,start_exp.rt,start_exp2.keys,start_exp2.rt,stim.A,stim.B,pressed,key_ans.keys,key_ans.rt,key_answ.keys,key_answ.rt,start.keys,start.rt,rating.response,rating.rt,rating.history,exit_exp.keys,exit_exp.rt,date,frameRate,expName,session,participant,
,,,,,,,,,,,,,,,space,154.492383355,,,,,,,,,,,,,,,,,2017_Sep_28_0949,60.0002099761,Exp13,001,006,
,,,,,,,,,,,,,,,,,space,16.7512621499,,,,,,,,,,,,,,,2017_Sep_28_0949,60.0002099761,Exp13,001,006,
A,D,Stomach Ache,0,0,0,1,,,,,,,,,,,,,apple,strawberry,stomach ache,m,11.7843433216,,,,,,,,,,2017_Sep_28_0949,60.0002099761,Exp13,001,006,
A, ,Stomach Ache,0,1,1,0,,,,,,,,,,,,,apple,,no stomach ache,z,3.31713962146,,,,,,,,,,2017_Sep_28_0949,60.0002099761,Exp13,001,006,
H,J,No Stomach Ache,0,2,2,7,,,,,,,,,,,,,pear,orange,stomach ache,m,12.784308675,,,,,,,,,,2017_Sep_28_0949,60.0002099761,Exp13,001,006,
B,E,Stomach Ache,0,3,3,2,,,,,,,,,,,,,cherry,mango,no stomach ache,z,5.95051385408,,,,,,,,,,2017_Sep_28_0949,60.0002099761,Exp13,001,006,
G,J,Stomach Ache,0,4,4,6,,,,,,,,,,,,,kiwi,orange,no stomach ache,z,7.40080932979,,,,,,,,,,2017_Sep_28_0949,60.0002099761,Exp13,001,006,
C,E,No Stomach Ache,0,5,5,3,,,,,,,,,,,,,peach,mango,no stomach ache,z,5.35061800377,,,,,,,,,,2017_Sep_28_0949,60.0002099761,Exp13,001,006,
F, ,Stomach Ache,0,6,6,4,,,,,,,,,,,,,plum,,no stomach ache,z,5.933884902,,,,,,,,,,2017_Sep_28_0949,60.0002099761,Exp13,001,006,
F,I,Stomach Ache,0,7,7,5,,,,,,,,,,,,,plum,banana,stomach ache,m,3.33386621386,,,,,,,,,,2017_Sep_28_0949,60.0002099761,Exp13,001,006,
C,E,No Stomach Ache,1,0,8,3,,,,,,,,,,,,,peach,mango,no stomach ache,z,2.91725559997,,,,,,,,,,2017_Sep_28_0949,60.0002099761,Exp13,001,006,
G,J,Stomach Ache,1,1,9,6,,,,,,,,,,,,,kiwi,orange,stomach ache,m,2.66721307917,,,,,,,,,,2017_Sep_28_0949,60.0002099761,Exp13,001,006,
A, ,Stomach Ache,1,2,10,0,,,,,,,,,,,,,apple,,stomach ache,m,1.43366792351,,,,,,,,,,2017_Sep_28_0949,60.0002099761,Exp13,001,006,
A,D,Stomach Ache,1,3,11,1,,,,,,,,,,,,,apple,strawberry,stomach ache,m,3.56720349014,,,,,,,,,,2017_Sep_28_0949,60.0002099761,Exp13,001,006,
F, ,Stomach Ache,1,4,12,4,,,,,,,,,,,,,plum,,stomach ache,m,2.53386194428,,,,,,,,,,2017_Sep_28_0949,60.0002099761,Exp13,001,006,
F,I,Stomach Ache,1,5,13,5,,,,,,,,,,,,,plum,banana,stomach ache,m,2.45050580488,,,,,,,,,,2017_Sep_28_0949,60.0002099761,Exp13,001,006,
H,J,No Stomach Ache,1,6,14,7,,,,,,,,,,,,,pear,orange,no stomach ache,z,2.70042198818,,,,,,,,,,2017_Sep_28_0949,60.0002099761,Exp13,001,006,
B,E,Stomach Ache,1,7,15,2,,,,,,,,,,,,,cherry,mango,no stomach ache,z,1.60044774563,,,,,,,,,,2017_Sep_28_0949,60.0002099761,Exp13,001,006,
A, ,Stomach Ache,2,0,16,0,,,,,,,,,,,,,apple,,stomach ache,m,1.78372283308,,,,,,,,,,2017_Sep_28_0949,60.0002099761,Exp13,001,006,
H,J,No Stomach Ache,2,1,17,7,,,,,,,,,,,,,pear,orange,no stomach ache,z,2.51714830061,,,,,,,,,,2017_Sep_28_0949,60.0002099761,Exp13,001,006,
F,I,Stomach Ache,2,2,18,5,,,,,,,,,,,,,plum,banana,stomach ache,m,1.90025183505,,,,,,,,,,2017_Sep_28_0949,60.0002099761,Exp13,001,006,
G,J,Stomach Ache,2,3,19,6,,,,,,,,,,,,,kiwi,orange,stomach ache,m,1.31706682868,,,,,,,,,,2017_Sep_28_0949,60.0002099761,Exp13,001,006,
C,E,No Stomach Ache,2,4,20,3,,,,,,,,,,,,,peach,mango,stomach ache,m,1.73376318408,,,,,,,,,,2017_Sep_28_0949,60.0002099761,Exp13,001,006,
B,E,Stomach Ache,2,5,21,2,,,,,,,,,,,,,cherry,mango,stomach ache,m,3.83391310921,,,,,,,,,,2017_Sep_28_0949,60.0002099761,Exp13,001,006,
A,D,Stomach Ache,2,6,22,1,,,,,,,,,,,,,apple,strawberry,stomach ache,m,1.86710731966,,,,,,,,,,2017_Sep_28_0949,60.0002099761,Exp13,001,006,
F, ,Stomach Ache,2,7,23,4,,,,,,,,,,,,,plum,,stomach ache,m,2.65054353113,,,,,,,,,,2017_Sep_28_0949,60.0002099761,Exp13,001,006,
A, ,Stomach Ache,3,0,24,0,,,,,,,,,,,,,apple,,stomach ache,m,1.65033460184,,,,,,,,,,2017_Sep_28_0949,60.0002099761,Exp13,001,006,
F,I,Stomach Ache,3,1,25,5,,,,,,,,,,,,,plum,banana,stomach ache,m,1.2337617842,,,,,,,,,,2017_Sep_28_0949,60.0002099761,Exp13,001,006,
F, ,Stomach Ache,3,2,26,4,,,,,,,,,,,,,plum,,stomach ache,m,1.06705685466,,,,,,,,,,2017_Sep_28_0949,60.0002099761,Exp13,001,006,
A,D,Stomach Ache,3,3,27,1,,,,,,,,,,,,,apple,strawberry,stomach ache,m,2.86708002236,,,,,,,,,,2017_Sep_28_0949,60.0002099761,Exp13,001,006,
H,J,No Stomach Ache,3,4,28,7,,,,,,,,,,,,,pear,orange,no stomach ache,z,1.73379398101,,,,,,,,,,2017_Sep_28_0949,60.0002099761,Exp13,001,006,
G,J,Stomach Ache,3,5,29,6,,,,,,,,,,,,,kiwi,orange,stomach ache,m,2.40015944421,,,,,,,,,,2017_Sep_28_0949,60.0002099761,Exp13,001,006,
B,E,Stomach Ache,3,6,30,2,,,,,,,,,,,,,cherry,mango,stomach ache,m,3.16720502998,,,,,,,,,,2017_Sep_28_0949,60.0002099761,Exp13,001,006,
C,E,No Stomach Ache,3,7,31,3,,,,,,,,,,,,,peach,mango,stomach ache,m,1.01705171017,,,,,,,,,,2017_Sep_28_0949,60.0002099761,Exp13,001,006,
F,I,Stomach Ache,4,0,32,5,,,,,,,,,,,,,plum,banana,stomach ache,m,0.80030663962,,,,,,,,,,2017_Sep_28_0949,60.0002099761,Exp13,001,006,
B,E,Stomach Ache,4,1,33,2,,,,,,,,,,,,,cherry,mango,stomach ache,m,1.16691490872,,,,,,,,,,2017_Sep_28_0949,60.0002099761,Exp13,001,006,
G,J,Stomach Ache,4,2,34,6,,,,,,,,,,,,,kiwi,orange,stomach ache,m,0.750417333635,,,,,,,,,,2017_Sep_28_0949,60.0002099761,Exp13,001,006,
H,J,No Stomach Ache,4,3,35,7,,,,,,,,,,,,,pear,orange,no stomach ache,z,1.60032840745,,,,,,,,,,2017_Sep_28_0949,60.0002099761,Exp13,001,006,
A,D,Stomach Ache,4,4,36,1,,,,,,,,,,,,,apple,strawberry,stomach ache,m,1.73372153818,,,,,,,,,,2017_Sep_28_0949,60.0002099761,Exp13,001,006,
F, ,Stomach Ache,4,5,37,4,,,,,,,,,,,,,plum,,stomach ache,m,0.733730987267,,,,,,,,,,2017_Sep_28_0949,60.0002099761,Exp13,001,006,
A, ,Stomach Ache,4,6,38,0,,,,,,,,,,,,,apple,,stomach ache,m,0.900303629911,,,,,,,,,,2017_Sep_28_0949,60.0002099761,Exp13,001,006,
C,E,No Stomach Ache,4,7,39,3,,,,,,,,,,,,,peach,mango,stomach ache,m,1.11708614675,,,,,,,,,,2017_Sep_28_0949,60.0002099761,Exp13,001,006,
H,J,No Stomach Ache,5,0,40,7,,,,,,,,,,,,,pear,orange,no stomach ache,z,1.46709066132,,,,,,,,,,2017_Sep_28_0949,60.0002099761,Exp13,001,006,
C,E,No Stomach Ache,5,1,41,3,,,,,,,,,,,,,peach,mango,stomach ache,m,1.13371579876,,,,,,,,,,2017_Sep_28_0949,60.0002099761,Exp13,001,006,
F, ,Stomach Ache,5,2,42,4,,,,,,,,,,,,,plum,,stomach ache,m,0.66695900436,,,,,,,,,,2017_Sep_28_0949,60.0002099761,Exp13,001,006,
G,J,Stomach Ache,5,3,43,6,,,,,,,,,,,,,kiwi,orange,stomach ache,m,0.717054789871,,,,,,,,,,2017_Sep_28_0949,60.0002099761,Exp13,001,006,
A,D,Stomach Ache,5,4,44,1,,,,,,,,,,,,,apple,strawberry,stomach ache,m,0.983664318876,,,,,,,,,,2017_Sep_28_0949,60.0002099761,Exp13,001,006,
F,I,Stomach Ache,5,5,45,5,,,,,,,,,,,,,plum,banana,stomach ache,m,1.16704474587,,,,,,,,,,2017_Sep_28_0949,60.0002099761,Exp13,001,006,
A, ,Stomach Ache,5,6,46,0,,,,,,,,,,,,,apple,,stomach ache,m,1.01697926736,,,,,,,,,,2017_Sep_28_0949,60.0002099761,Exp13,001,006,
B,E,Stomach Ache,5,7,47,2,,,,,,,,,,,,,cherry,mango,stomach ache,m,0.900384821856,,,,,,,,,,2017_Sep_28_0949,60.0002099761,Exp13,001,006,
G,J,Stomach Ache,6,0,48,6,,,,,,,,,,,,,kiwi,orange,stomach ache,m,0.800387131647,,,,,,,,,,2017_Sep_28_0949,60.0002099761,Exp13,001,006,
F, ,Stomach Ache,6,1,49,4,,,,,,,,,,,,,plum,,stomach ache,m,0.750374987838,,,,,,,,,,2017_Sep_28_0949,60.0002099761,Exp13,001,006,
A,D,Stomach Ache,6,2,50,1,,,,,,,,,,,,,apple,strawberry,stomach ache,m,2.00037726262,,,,,,,,,,2017_Sep_28_0949,60.0002099761,Exp13,001,006,
B,E,Stomach Ache,6,3,51,2,,,,,,,,,,,,,cherry,mango,stomach ache,m,0.750383037041,,,,,,,,,,2017_Sep_28_0949,60.0002099761,Exp13,001,006,
A, ,Stomach Ache,6,4,52,0,,,,,,,,,,,,,apple,,stomach ache,m,0.766974192869,,,,,,,,,,2017_Sep_28_0949,60.0002099761,Exp13,001,006,
H,J,No Stomach Ache,6,5,53,7,,,,,,,,,,,,,pear,orange,no stomach ache,z,1.40022523768,,,,,,,,,,2017_Sep_28_0949,60.0002099761,Exp13,001,006,
F,I,Stomach Ache,6,6,54,5,,,,,,,,,,,,,plum,banana,stomach ache,m,1.4004257678,,,,,,,,,,2017_Sep_28_0949,60.0002099761,Exp13,001,006,
C,E,No Stomach Ache,6,7,55,3,,,,,,,,,,,,,peach,mango,stomach ache,m,0.783741381238,,,,,,,,,,2017_Sep_28_0949,60.0002099761,Exp13,001,006,
C,E,No Stomach Ache,7,0,56,3,,,,,,,,,,,,,peach,mango,stomach ache,m,0.850368128507,,,,,,,,,,2017_Sep_28_0949,60.0002099761,Exp13,001,006,
F,I,Stomach Ache,7,1,57,5,,,,,,,,,,,,,plum,banana,stomach ache,m,0.700399590394,,,,,,,,,,2017_Sep_28_0949,60.0002099761,Exp13,001,006,
F, ,Stomach Ache,7,2,58,4,,,,,,,,,,,,,plum,,stomach ache,m,0.933728117539,,,,,,,,,,2017_Sep_28_0949,60.0002099761,Exp13,001,006,
A, ,Stomach Ache,7,3,59,0,,,,,,,,,,,,,apple,,stomach ache,m,0.68364745054,,,,,,,,,,2017_Sep_28_0949,60.0002099761,Exp13,001,006,
A,D,Stomach Ache,7,4,60,1,,,,,,,,,,,,,apple,strawberry,stomach ache,m,1.01712065334,,,,,,,,,,2017_Sep_28_0949,60.0002099761,Exp13,001,006,
G,J,Stomach Ache,7,5,61,6,,,,,,,,,,,,,kiwi,orange,stomach ache,m,1.31709272611,,,,,,,,,,2017_Sep_28_0949,60.0002099761,Exp13,001,006,
H,J,No Stomach Ache,7,6,62,7,,,,,,,,,,,,,pear,orange,no stomach ache,z,1.60041449893,,,,,,,,,,2017_Sep_28_0949,60.0002099761,Exp13,001,006,
B,E,Stomach Ache,7,7,63,2,,,,,,,,,,,,,cherry,mango,stomach ache,m,1.33356174403,,,,,,,,,,2017_Sep_28_0949,60.0002099761,Exp13,001,006,
C,E,No Stomach Ache,8,0,64,3,,,,,,,,,,,,,peach,mango,stomach ache,m,1.08379254615,,,,,,,,,,2017_Sep_28_0949,60.0002099761,Exp13,001,006,
A, ,Stomach Ache,8,1,65,0,,,,,,,,,,,,,apple,,stomach ache,m,2.75040788458,,,,,,,,,,2017_Sep_28_0949,60.0002099761,Exp13,001,006,
H,J,No Stomach Ache,8,2,66,7,,,,,,,,,,,,,pear,orange,no stomach ache,z,1.28369833549,,,,,,,,,,2017_Sep_28_0949,60.0002099761,Exp13,001,006,
G,J,Stomach Ache,8,3,67,6,,,,,,,,,,,,,kiwi,orange,stomach ache,m,1.13347502262,,,,,,,,,,2017_Sep_28_0949,60.0002099761,Exp13,001,006,
A,D,Stomach Ache,8,4,68,1,,,,,,,,,,,,,apple,strawberry,stomach ache,m,1.18373809155,,,,,,,,,,2017_Sep_28_0949,60.0002099761,Exp13,001,006,
F,I,Stomach Ache,8,5,69,5,,,,,,,,,,,,,plum,banana,stomach ache,m,1.18373284208,,,,,,,,,,2017_Sep_28_0949,60.0002099761,Exp13,001,006,
B,E,Stomach Ache,8,6,70,2,,,,,,,,,,,,,cherry,mango,stomach ache,m,1.20036249407,,,,,,,,,,2017_Sep_28_0949,60.0002099761,Exp13,001,006,
F, ,Stomach Ache,8,7,71,4,,,,,,,,,,,,,plum,,stomach ache,m,0.75029309596,,,,,,,,,,2017_Sep_28_0949,60.0002099761,Exp13,001,006,
C,E,No Stomach Ache,9,0,72,3,,,,,,,,,,,,,peach,mango,stomach ache,m,1.15032410288,,,,,,,,,,2017_Sep_28_0949,60.0002099761,Exp13,001,006,
A,D,Stomach Ache,9,1,73,1,,,,,,,,,,,,,apple,strawberry,stomach ache,m,5.10052928755,,,,,,,,,,2017_Sep_28_0949,60.0002099761,Exp13,001,006,
F, ,Stomach Ache,9,2,74,4,,,,,,,,,,,,,plum,,stomach ache,m,0.700423738002,,,,,,,,,,2017_Sep_28_0949,60.0002099761,Exp13,001,006,
H,J,No Stomach Ache,9,3,75,7,,,,,,,,,,,,,pear,orange,no stomach ache,z,1.13368570174,,,,,,,,,,2017_Sep_28_0949,60.0002099761,Exp13,001,006,
A, ,Stomach Ache,9,4,76,0,,,,,,,,,,,,,apple,,stomach ache,m,0.968993772723,,,,,,,,,,2017_Sep_28_0949,60.0002099761,Exp13,001,006,
B,E,Stomach Ache,9,5,77,2,,,,,,,,,,,,,cherry,mango,no stomach ache,z,2.60049254118,,,,,,,,,,2017_Sep_28_0949,60.0002099761,Exp13,001,006,
G,J,Stomach Ache,9,6,78,6,,,,,,,,,,,,,kiwi,orange,stomach ache,m,1.48374026135,,,,,,,,,,2017_Sep_28_0949,60.0002099761,Exp13,001,006,
F,I,Stomach Ache,9,7,79,5,,,,,,,,,,,,,plum,banana,stomach ache,m,0.933720068337,,,,,,,,,,2017_Sep_28_0949,60.0002099761,Exp13,001,006,
G,J,Stomach Ache,10,0,80,6,,,,,,,,,,,,,kiwi,orange,stomach ache,m,0.817038131514,,,,,,,,,,2017_Sep_28_0949,60.0002099761,Exp13,001,006,
B,E,Stomach Ache,10,1,81,2,,,,,,,,,,,,,cherry,mango,stomach ache,m,0.966980772209,,,,,,,,,,2017_Sep_28_0949,60.0002099761,Exp13,001,006,
A,D,Stomach Ache,10,2,82,1,,,,,,,,,,,,,apple,strawberry,stomach ache,m,0.833719928356,,,,,,,,,,2017_Sep_28_0949,60.0002099761,Exp13,001,006,
A, ,Stomach Ache,10,3,83,0,,,,,,,,,,,,,apple,,stomach ache,m,0.967020668249,,,,,,,,,,2017_Sep_28_0949,60.0002099761,Exp13,001,006,
F,I,Stomach Ache,10,4,84,5,,,,,,,,,,,,,plum,banana,stomach ache,m,0.633692351083,,,,,,,,,,2017_Sep_28_0949,60.0002099761,Exp13,001,006,
F, ,Stomach Ache,10,5,85,4,,,,,,,,,,,,,plum,,stomach ache,m,0.783720033345,,,,,,,,,,2017_Sep_28_0949,60.0002099761,Exp13,001,006,
C,E,No Stomach Ache,10,6,86,3,,,,,,,,,,,,,peach,mango,stomach ache,m,3.48373711166,,,,,,,,,,2017_Sep_28_0949,60.0002099761,Exp13,001,006,
H,J,No Stomach Ache,10,7,87,7,,,,,,,,,,,,,pear,orange,no stomach ache,z,1.60037285305,,,,,,,,,,2017_Sep_28_0949,60.0002099761,Exp13,001,006,
A, ,Stomach Ache,11,0,88,0,,,,,,,,,,,,,apple,,stomach ache,m,1.1837244429,,,,,,,,,,2017_Sep_28_0949,60.0002099761,Exp13,001,006,
C,E,No Stomach Ache,11,1,89,3,,,,,,,,,,,,,peach,mango,no stomach ache,z,1.9335730829,,,,,,,,,,2017_Sep_28_0949,60.0002099761,Exp13,001,006,
F,I,Stomach Ache,11,2,90,5,,,,,,,,,,,,,plum,banana,stomach ache,m,1.2338405264,,,,,,,,,,2017_Sep_28_0949,60.0002099761,Exp13,001,006,
B,E,Stomach Ache,11,3,91,2,,,,,,,,,,,,,cherry,mango,stomach ache,m,3.15048193723,,,,,,,,,,2017_Sep_28_0949,60.0002099761,Exp13,001,006,
G,J,Stomach Ache,11,4,92,6,,,,,,,,,,,,,kiwi,orange,stomach ache,m,2.30033778652,,,,,,,,,,2017_Sep_28_0949,60.0002099761,Exp13,001,006,
H,J,No Stomach Ache,11,5,93,7,,,,,,,,,,,,,pear,orange,no stomach ache,z,2.50051829864,,,,,,,,,,2017_Sep_28_0949,60.0002099761,Exp13,001,006,
A,D,Stomach Ache,11,6,94,1,,,,,,,,,,,,,apple,strawberry,stomach ache,m,1.53382624782,,,,,,,,,,2017_Sep_28_0949,60.0002099761,Exp13,001,006,
F, ,Stomach Ache,11,7,95,4,,,,,,,,,,,,,plum,,stomach ache,m,0.750373937932,,,,,,,,,,2017_Sep_28_0949,60.0002099761,Exp13,001,006,
D,C,Stomach Ache,,,,,0,0,0,0,,,,,,,,,strawberry,peach,no stomach ache,,,z,2.85050076537,,,,,,,,2017_Sep_28_0949,60.0002099761,Exp13,001,006,
D,C,Stomach Ache,,,,,1,0,1,0,,,,,,,,,strawberry,peach,stomach ache,,,m,2.28383902155,,,,,,,,2017_Sep_28_0949,60.0002099761,Exp13,001,006,
D,C,Stomach Ache,,,,,2,0,2,0,,,,,,,,,strawberry,peach,stomach ache,,,m,1.90042261811,,,,,,,,2017_Sep_28_0949,60.0002099761,Exp13,001,006,
D,C,Stomach Ache,,,,,3,0,3,0,,,,,,,,,strawberry,peach,stomach ache,,,m,1.91711666374,,,,,,,,2017_Sep_28_0949,60.0002099761,Exp13,001,006,
D,C,Stomach Ache,,,,,4,0,4,0,,,,,,,,,strawberry,peach,stomach ache,,,m,1.86712551786,,,,,,,,2017_Sep_28_0949,60.0002099761,Exp13,001,006,
D,C,Stomach Ache,,,,,5,0,5,0,,,,,,,,,strawberry,peach,stomach ache,,,m,2.13381973848,,,,,,,,2017_Sep_28_0949,60.0002099761,Exp13,001,006,
,,,,,,,,,,,,,,,,,,,,,,,,,,space,8.25088138766,,,,,,2017_Sep_28_0949,60.0002099761,Exp13,001,006,
E, ,,,,,,,,,,0,0,0,4,,,,,mango,,,,,,,,,5,18.637,"[(None, 0.0), (u'5', 18.637)]",,,2017_Sep_28_0949,60.0002099761,Exp13,001,006,
J, ,,,,,,,,,,0,1,1,9,,,,,orange,,,,,,,,,0,2.387,"[(None, 0.0), (u'0', 2.387)]",,,2017_Sep_28_0949,60.0002099761,Exp13,001,006,
B, ,,,,,,,,,,0,2,2,1,,,,,cherry,,,,,,,,,5,4.087,"[(None, 0.0), (u'5', 4.087)]",,,2017_Sep_28_0949,60.0002099761,Exp13,001,006,
G, ,,,,,,,,,,0,3,3,6,,,,,kiwi,,,,,,,,,10,3.337,"[(None, 0.0), (u'10', 3.336)]",,,2017_Sep_28_0949,60.0002099761,Exp13,001,006,
I, ,,,,,,,,,,0,4,4,8,,,,,banana,,,,,,,,,0,1.57,"[(None, 0.0), (u'0', 1.57)]",,,2017_Sep_28_0949,60.0002099761,Exp13,001,006,
C, ,,,,,,,,,,0,5,5,2,,,,,peach,,,,,,,,,0,4.587,"[(None, 0.0), (u'0', 4.587)]",,,2017_Sep_28_0949,60.0002099761,Exp13,001,006,
H, ,,,,,,,,,,0,6,6,7,,,,,pear,,,,,,,,,0,1.186,"[(None, 0.0), (u'0', 1.186)]",,,2017_Sep_28_0949,60.0002099761,Exp13,001,006,
A, ,,,,,,,,,,0,7,7,0,,,,,apple,,,,,,,,,10,1.753,"[(None, 0.0), (u'10', 1.753)]",,,2017_Sep_28_0949,60.0002099761,Exp13,001,006,
I,C,,,,,,,,,,0,8,8,10,,,,,banana,peach,,,,,,,,0,4.903,"[(None, 0.0), (u'0', 4.903)]",,,2017_Sep_28_0949,60.0002099761,Exp13,001,006,
F, ,,,,,,,,,,0,9,9,5,,,,,plum,,,,,,,,,10,2.203,"[(None, 0.0), (u'10', 2.203)]",,,2017_Sep_28_0949,60.0002099761,Exp13,001,006,
D,H,,,,,,,,,,0,10,10,11,,,,,strawberry,pear,,,,,,,,0,3.737,"[(None, 0.0), (u'0', 3.737)]",,,2017_Sep_28_0949,60.0002099761,Exp13,001,006,
D, ,,,,,,,,,,0,11,11,3,,,,,strawberry,,,,,,,,,0,2.67,"[(None, 0.0), (u'0', 2.67)]",,,2017_Sep_28_0949,60.0002099761,Exp13,001,006,
E, ,,,,,,,,,,1,0,12,4,,,,,mango,,,,,,,,,5,3.537,"[(None, 0.0), (u'5', 3.537)]",,,2017_Sep_28_0949,60.0002099761,Exp13,001,006,
I, ,,,,,,,,,,1,1,13,8,,,,,banana,,,,,,,,,0,1.703,"[(None, 0.0), (u'0', 1.703)]",,,2017_Sep_28_0949,60.0002099761,Exp13,001,006,
D, ,,,,,,,,,,1,2,14,3,,,,,strawberry,,,,,,,,,0,2.137,"[(None, 0.0), (u'0', 2.137)]",,,2017_Sep_28_0949,60.0002099761,Exp13,001,006,
J, ,,,,,,,,,,1,3,15,9,,,,,orange,,,,,,,,,0,0.92,"[(None, 0.0), (u'0', 0.92)]",,,2017_Sep_28_0949,60.0002099761,Exp13,001,006,
F, ,,,,,,,,,,1,4,16,5,,,,,plum,,,,,,,,,10,1.887,"[(None, 0.0), (u'10', 1.887)]",,,2017_Sep_28_0949,60.0002099761,Exp13,001,006,
H, ,,,,,,,,,,1,5,17,7,,,,,pear,,,,,,,,,0,1.937,"[(None, 0.0), (u'0', 1.937)]",,,2017_Sep_28_0949,60.0002099761,Exp13,001,006,
I,C,,,,,,,,,,1,6,18,10,,,,,banana,peach,,,,,,,,0,6.753,"[(None, 0.0), (u'0', 6.753)]",,,2017_Sep_28_0949,60.0002099761,Exp13,001,006,
D,H,,,,,,,,,,1,7,19,11,,,,,strawberry,pear,,,,,,,,0,1.57,"[(None, 0.0), (u'0', 1.57)]",,,2017_Sep_28_0949,60.0002099761,Exp13,001,006,
C, ,,,,,,,,,,1,8,20,2,,,,,peach,,,,,,,,,0,2.186,"[(None, 0.0), (u'0', 2.186)]",,,2017_Sep_28_0949,60.0002099761,Exp13,001,006,
B, ,,,,,,,,,,1,9,21,1,,,,,cherry,,,,,,,,,10,3.403,"[(None, 0.0), (u'10', 3.403)]",,,2017_Sep_28_0949,60.0002099761,Exp13,001,006,
G, ,,,,,,,,,,1,10,22,6,,,,,kiwi,,,,,,,,,10,1.086,"[(None, 0.0), (u'10', 1.086)]",,,2017_Sep_28_0949,60.0002099761,Exp13,001,006,
A, ,,,,,,,,,,1,11,23,0,,,,,apple,,,,,,,,,10,0.753,"[(None, 0.0), (u'10', 0.753)]",,,2017_Sep_28_0949,60.0002099761,Exp13,001,006,
,,,,,,,,,,,,,,,,,,,,,,,,,,,,,,,space,2.16747415331,2017_Sep_28_0949,60.0002099761,Exp13,001,006,
