stim1,stim2,outcome,train_trials.thisRepN,train_trials.thisTrialN,train_trials.thisN,train_trials.thisIndex,train_trials2.thisRepN,train_trials2.thisTrialN,train_trials2.thisN,train_trials2.thisIndex,test_trials.thisRepN,test_trials.thisTrialN,test_trials.thisN,test_trials.thisIndex,start_exp.keys,start_exp.rt,start_exp2.keys,start_exp2.rt,stim.A,stim.B,pressed,key_ans.keys,key_ans.rt,key_answ.keys,key_answ.rt,start.keys,start.rt,rating.response,rating.rt,rating.history,exit_exp.keys,exit_exp.rt,date,frameRate,expName,session,participant,
,,,,,,,,,,,,,,,space,335.165564332,,,,,,,,,,,,,,,,,2017_Sep_28_0851,59.9847383715,Exp13,001,007,
,,,,,,,,,,,,,,,,,space,16.29953794,,,,,,,,,,,,,,,2017_Sep_28_0851,59.9847383715,Exp13,001,007,
G,J,Stomach Ache,0,0,0,6,,,,,,,,,,,,,pear,plum,no stomach ache,z,15.9794136041,,,,,,,,,,2017_Sep_28_0851,59.9847383715,Exp13,001,007,
F,I,Stomach Ache,0,1,1,5,,,,,,,,,,,,,peach,strawberry,stomach ache,m,5.21646932671,,,,,,,,,,2017_Sep_28_0851,59.9847383715,Exp13,001,007,
C,E,No Stomach Ache,0,2,2,3,,,,,,,,,,,,,orange,mango,stomach ache,m,2.43411593881,,,,,,,,,,2017_Sep_28_0851,59.9847383715,Exp13,001,007,
F, ,Stomach Ache,0,3,3,4,,,,,,,,,,,,,peach,,stomach ache,m,7.80462521972,,,,,,,,,,2017_Sep_28_0851,59.9847383715,Exp13,001,007,
H,J,No Stomach Ache,0,4,4,7,,,,,,,,,,,,,apple,plum,stomach ache,m,6.26805955441,,,,,,,,,,2017_Sep_28_0851,59.9847383715,Exp13,001,007,
A,D,Stomach Ache,0,5,5,1,,,,,,,,,,,,,cherry,banana,no stomach ache,z,7.78473665589,,,,,,,,,,2017_Sep_28_0851,59.9847383715,Exp13,001,007,
B,E,Stomach Ache,0,6,6,2,,,,,,,,,,,,,kiwi,mango,stomach ache,m,3.96872284483,,,,,,,,,,2017_Sep_28_0851,59.9847383715,Exp13,001,007,
A, ,Stomach Ache,0,7,7,0,,,,,,,,,,,,,cherry,,stomach ache,m,2.43840722107,,,,,,,,,,2017_Sep_28_0851,59.9847383715,Exp13,001,007,
F,I,Stomach Ache,1,0,8,5,,,,,,,,,,,,,peach,strawberry,stomach ache,m,3.13176427274,,,,,,,,,,2017_Sep_28_0851,59.9847383715,Exp13,001,007,
C,E,No Stomach Ache,1,1,9,3,,,,,,,,,,,,,orange,mango,no stomach ache,z,3.98336331958,,,,,,,,,,2017_Sep_28_0851,59.9847383715,Exp13,001,007,
B,E,Stomach Ache,1,2,10,2,,,,,,,,,,,,,kiwi,mango,stomach ache,m,3.12174999763,,,,,,,,,,2017_Sep_28_0851,59.9847383715,Exp13,001,007,
A,D,Stomach Ache,1,3,11,1,,,,,,,,,,,,,cherry,banana,stomach ache,m,3.83904646883,,,,,,,,,,2017_Sep_28_0851,59.9847383715,Exp13,001,007,
F, ,Stomach Ache,1,4,12,4,,,,,,,,,,,,,peach,,no stomach ache,z,3.14984246284,,,,,,,,,,2017_Sep_28_0851,59.9847383715,Exp13,001,007,
H,J,No Stomach Ache,1,5,13,7,,,,,,,,,,,,,apple,plum,no stomach ache,z,1.61621021193,,,,,,,,,,2017_Sep_28_0851,59.9847383715,Exp13,001,007,
A, ,Stomach Ache,1,6,14,0,,,,,,,,,,,,,cherry,,stomach ache,m,1.38584198827,,,,,,,,,,2017_Sep_28_0851,59.9847383715,Exp13,001,007,
G,J,Stomach Ache,1,7,15,6,,,,,,,,,,,,,pear,plum,stomach ache,m,5.93282333964,,,,,,,,,,2017_Sep_28_0851,59.9847383715,Exp13,001,007,
B,E,Stomach Ache,2,0,16,2,,,,,,,,,,,,,kiwi,mango,stomach ache,m,2.00467274511,,,,,,,,,,2017_Sep_28_0851,59.9847383715,Exp13,001,007,
F,I,Stomach Ache,2,1,17,5,,,,,,,,,,,,,peach,strawberry,stomach ache,m,2.03734346462,,,,,,,,,,2017_Sep_28_0851,59.9847383715,Exp13,001,007,
A, ,Stomach Ache,2,2,18,0,,,,,,,,,,,,,cherry,,stomach ache,m,2.22042464167,,,,,,,,,,2017_Sep_28_0851,59.9847383715,Exp13,001,007,
G,J,Stomach Ache,2,3,19,6,,,,,,,,,,,,,pear,plum,stomach ache,m,6.88526121981,,,,,,,,,,2017_Sep_28_0851,59.9847383715,Exp13,001,007,
C,E,No Stomach Ache,2,4,20,3,,,,,,,,,,,,,orange,mango,stomach ache,m,2.45189210829,,,,,,,,,,2017_Sep_28_0851,59.9847383715,Exp13,001,007,
F, ,Stomach Ache,2,5,21,4,,,,,,,,,,,,,peach,,stomach ache,m,3.4501016826,,,,,,,,,,2017_Sep_28_0851,59.9847383715,Exp13,001,007,
A,D,Stomach Ache,2,6,22,1,,,,,,,,,,,,,cherry,banana,stomach ache,m,1.54929252638,,,,,,,,,,2017_Sep_28_0851,59.9847383715,Exp13,001,007,
H,J,No Stomach Ache,2,7,23,7,,,,,,,,,,,,,apple,plum,no stomach ache,z,2.58613134011,,,,,,,,,,2017_Sep_28_0851,59.9847383715,Exp13,001,007,
A,D,Stomach Ache,3,0,24,1,,,,,,,,,,,,,cherry,banana,stomach ache,m,3.14943930208,,,,,,,,,,2017_Sep_28_0851,59.9847383715,Exp13,001,007,
F,I,Stomach Ache,3,1,25,5,,,,,,,,,,,,,peach,strawberry,stomach ache,m,1.28274902438,,,,,,,,,,2017_Sep_28_0851,59.9847383715,Exp13,001,007,
A, ,Stomach Ache,3,2,26,0,,,,,,,,,,,,,cherry,,stomach ache,m,2.11914135158,,,,,,,,,,2017_Sep_28_0851,59.9847383715,Exp13,001,007,
G,J,Stomach Ache,3,3,27,6,,,,,,,,,,,,,pear,plum,no stomach ache,z,1.96683162895,,,,,,,,,,2017_Sep_28_0851,59.9847383715,Exp13,001,007,
H,J,No Stomach Ache,3,4,28,7,,,,,,,,,,,,,apple,plum,no stomach ache,z,2.45080406422,,,,,,,,,,2017_Sep_28_0851,59.9847383715,Exp13,001,007,
F, ,Stomach Ache,3,5,29,4,,,,,,,,,,,,,peach,,stomach ache,m,1.11691066874,,,,,,,,,,2017_Sep_28_0851,59.9847383715,Exp13,001,007,
B,E,Stomach Ache,3,6,30,2,,,,,,,,,,,,,kiwi,mango,stomach ache,m,1.33535975272,,,,,,,,,,2017_Sep_28_0851,59.9847383715,Exp13,001,007,
C,E,No Stomach Ache,3,7,31,3,,,,,,,,,,,,,orange,mango,stomach ache,m,2.13343046054,,,,,,,,,,2017_Sep_28_0851,59.9847383715,Exp13,001,007,
F, ,Stomach Ache,4,0,32,4,,,,,,,,,,,,,peach,,stomach ache,m,3.67140088911,,,,,,,,,,2017_Sep_28_0851,59.9847383715,Exp13,001,007,
C,E,No Stomach Ache,4,1,33,3,,,,,,,,,,,,,orange,mango,no stomach ache,z,1.22091704373,,,,,,,,,,2017_Sep_28_0851,59.9847383715,Exp13,001,007,
H,J,No Stomach Ache,4,2,34,7,,,,,,,,,,,,,apple,plum,no stomach ache,z,1.79768224564,,,,,,,,,,2017_Sep_28_0851,59.9847383715,Exp13,001,007,
F,I,Stomach Ache,4,3,35,5,,,,,,,,,,,,,peach,strawberry,stomach ache,m,0.982211581708,,,,,,,,,,2017_Sep_28_0851,59.9847383715,Exp13,001,007,
A,D,Stomach Ache,4,4,36,1,,,,,,,,,,,,,cherry,banana,stomach ache,m,1.23290547665,,,,,,,,,,2017_Sep_28_0851,59.9847383715,Exp13,001,007,
A, ,Stomach Ache,4,5,37,0,,,,,,,,,,,,,cherry,,stomach ache,m,0.967036009053,,,,,,,,,,2017_Sep_28_0851,59.9847383715,Exp13,001,007,
B,E,Stomach Ache,4,6,38,2,,,,,,,,,,,,,kiwi,mango,stomach ache,m,1.53271114056,,,,,,,,,,2017_Sep_28_0851,59.9847383715,Exp13,001,007,
G,J,Stomach Ache,4,7,39,6,,,,,,,,,,,,,pear,plum,stomach ache,m,1.17190151538,,,,,,,,,,2017_Sep_28_0851,59.9847383715,Exp13,001,007,
H,J,No Stomach Ache,5,0,40,7,,,,,,,,,,,,,apple,plum,no stomach ache,z,1.11698976104,,,,,,,,,,2017_Sep_28_0851,59.9847383715,Exp13,001,007,
C,E,No Stomach Ache,5,1,41,3,,,,,,,,,,,,,orange,mango,no stomach ache,z,1.12078934116,,,,,,,,,,2017_Sep_28_0851,59.9847383715,Exp13,001,007,
A, ,Stomach Ache,5,2,42,0,,,,,,,,,,,,,cherry,,stomach ache,m,1.65024684847,,,,,,,,,,2017_Sep_28_0851,59.9847383715,Exp13,001,007,
F, ,Stomach Ache,5,3,43,4,,,,,,,,,,,,,peach,,stomach ache,m,13.6329686805,,,,,,,,,,2017_Sep_28_0851,59.9847383715,Exp13,001,007,
F,I,Stomach Ache,5,4,44,5,,,,,,,,,,,,,peach,strawberry,stomach ache,m,0.900512385109,,,,,,,,,,2017_Sep_28_0851,59.9847383715,Exp13,001,007,
B,E,Stomach Ache,5,5,45,2,,,,,,,,,,,,,kiwi,mango,stomach ache,m,2.20499184405,,,,,,,,,,2017_Sep_28_0851,59.9847383715,Exp13,001,007,
A,D,Stomach Ache,5,6,46,1,,,,,,,,,,,,,cherry,banana,stomach ache,m,0.752634631019,,,,,,,,,,2017_Sep_28_0851,59.9847383715,Exp13,001,007,
G,J,Stomach Ache,5,7,47,6,,,,,,,,,,,,,pear,plum,stomach ache,m,1.00019283123,,,,,,,,,,2017_Sep_28_0851,59.9847383715,Exp13,001,007,
B,E,Stomach Ache,6,0,48,2,,,,,,,,,,,,,kiwi,mango,stomach ache,m,1.48807333606,,,,,,,,,,2017_Sep_28_0851,59.9847383715,Exp13,001,007,
C,E,No Stomach Ache,6,1,49,3,,,,,,,,,,,,,orange,mango,no stomach ache,z,3.1198797797,,,,,,,,,,2017_Sep_28_0851,59.9847383715,Exp13,001,007,
F,I,Stomach Ache,6,2,50,5,,,,,,,,,,,,,peach,strawberry,stomach ache,m,1.20384255593,,,,,,,,,,2017_Sep_28_0851,59.9847383715,Exp13,001,007,
A,D,Stomach Ache,6,3,51,1,,,,,,,,,,,,,cherry,banana,stomach ache,m,1.0830724629,,,,,,,,,,2017_Sep_28_0851,59.9847383715,Exp13,001,007,
G,J,Stomach Ache,6,4,52,6,,,,,,,,,,,,,pear,plum,stomach ache,m,0.969009116961,,,,,,,,,,2017_Sep_28_0851,59.9847383715,Exp13,001,007,
H,J,No Stomach Ache,6,5,53,7,,,,,,,,,,,,,apple,plum,no stomach ache,z,2.4169277121,,,,,,,,,,2017_Sep_28_0851,59.9847383715,Exp13,001,007,
A, ,Stomach Ache,6,6,54,0,,,,,,,,,,,,,cherry,,stomach ache,m,0.867417506903,,,,,,,,,,2017_Sep_28_0851,59.9847383715,Exp13,001,007,
F, ,Stomach Ache,6,7,55,4,,,,,,,,,,,,,peach,,stomach ache,m,2.18812908564,,,,,,,,,,2017_Sep_28_0851,59.9847383715,Exp13,001,007,
F, ,Stomach Ache,7,0,56,4,,,,,,,,,,,,,peach,,stomach ache,m,1.05331275999,,,,,,,,,,2017_Sep_28_0851,59.9847383715,Exp13,001,007,
B,E,Stomach Ache,7,1,57,2,,,,,,,,,,,,,kiwi,mango,stomach ache,m,3.42094007148,,,,,,,,,,2017_Sep_28_0851,59.9847383715,Exp13,001,007,
H,J,No Stomach Ache,7,2,58,7,,,,,,,,,,,,,apple,plum,no stomach ache,z,1.21690678412,,,,,,,,,,2017_Sep_28_0851,59.9847383715,Exp13,001,007,
G,J,Stomach Ache,7,3,59,6,,,,,,,,,,,,,pear,plum,stomach ache,m,1.0834360775,,,,,,,,,,2017_Sep_28_0851,59.9847383715,Exp13,001,007,
A, ,Stomach Ache,7,4,60,0,,,,,,,,,,,,,cherry,,stomach ache,m,2.86914108912,,,,,,,,,,2017_Sep_28_0851,59.9847383715,Exp13,001,007,
F,I,Stomach Ache,7,5,61,5,,,,,,,,,,,,,peach,strawberry,stomach ache,m,0.865505992988,,,,,,,,,,2017_Sep_28_0851,59.9847383715,Exp13,001,007,
A,D,Stomach Ache,7,6,62,1,,,,,,,,,,,,,cherry,banana,stomach ache,m,1.18325965968,,,,,,,,,,2017_Sep_28_0851,59.9847383715,Exp13,001,007,
C,E,No Stomach Ache,7,7,63,3,,,,,,,,,,,,,orange,mango,no stomach ache,z,1.65479395581,,,,,,,,,,2017_Sep_28_0851,59.9847383715,Exp13,001,007,
F, ,Stomach Ache,8,0,64,4,,,,,,,,,,,,,peach,,stomach ache,m,2.45469603535,,,,,,,,,,2017_Sep_28_0851,59.9847383715,Exp13,001,007,
A,D,Stomach Ache,8,1,65,1,,,,,,,,,,,,,cherry,banana,stomach ache,m,0.968958021942,,,,,,,,,,2017_Sep_28_0851,59.9847383715,Exp13,001,007,
C,E,No Stomach Ache,8,2,66,3,,,,,,,,,,,,,orange,mango,no stomach ache,z,1.37165821907,,,,,,,,,,2017_Sep_28_0851,59.9847383715,Exp13,001,007,
F,I,Stomach Ache,8,3,67,5,,,,,,,,,,,,,peach,strawberry,stomach ache,m,1.70437957866,,,,,,,,,,2017_Sep_28_0851,59.9847383715,Exp13,001,007,
B,E,Stomach Ache,8,4,68,2,,,,,,,,,,,,,kiwi,mango,stomach ache,m,1.53844603227,,,,,,,,,,2017_Sep_28_0851,59.9847383715,Exp13,001,007,
A, ,Stomach Ache,8,5,69,0,,,,,,,,,,,,,cherry,,stomach ache,m,0.700198885635,,,,,,,,,,2017_Sep_28_0851,59.9847383715,Exp13,001,007,
H,J,No Stomach Ache,8,6,70,7,,,,,,,,,,,,,apple,plum,no stomach ache,z,1.41700470459,,,,,,,,,,2017_Sep_28_0851,59.9847383715,Exp13,001,007,
G,J,Stomach Ache,8,7,71,6,,,,,,,,,,,,,pear,plum,stomach ache,m,0.904363060254,,,,,,,,,,2017_Sep_28_0851,59.9847383715,Exp13,001,007,
A, ,Stomach Ache,9,0,72,0,,,,,,,,,,,,,cherry,,stomach ache,m,1.07196454426,,,,,,,,,,2017_Sep_28_0851,59.9847383715,Exp13,001,007,
F, ,Stomach Ache,9,1,73,4,,,,,,,,,,,,,peach,,stomach ache,m,0.967487115136,,,,,,,,,,2017_Sep_28_0851,59.9847383715,Exp13,001,007,
F,I,Stomach Ache,9,2,74,5,,,,,,,,,,,,,peach,strawberry,stomach ache,m,0.986190694326,,,,,,,,,,2017_Sep_28_0851,59.9847383715,Exp13,001,007,
G,J,Stomach Ache,9,3,75,6,,,,,,,,,,,,,pear,plum,stomach ache,m,0.882169270815,,,,,,,,,,2017_Sep_28_0851,59.9847383715,Exp13,001,007,
C,E,No Stomach Ache,9,4,76,3,,,,,,,,,,,,,orange,mango,no stomach ache,z,0.970457625939,,,,,,,,,,2017_Sep_28_0851,59.9847383715,Exp13,001,007,
A,D,Stomach Ache,9,5,77,1,,,,,,,,,,,,,cherry,banana,stomach ache,m,0.951226648089,,,,,,,,,,2017_Sep_28_0851,59.9847383715,Exp13,001,007,
H,J,No Stomach Ache,9,6,78,7,,,,,,,,,,,,,apple,plum,no stomach ache,z,1.31274215455,,,,,,,,,,2017_Sep_28_0851,59.9847383715,Exp13,001,007,
B,E,Stomach Ache,9,7,79,2,,,,,,,,,,,,,kiwi,mango,stomach ache,m,2.48828891508,,,,,,,,,,2017_Sep_28_0851,59.9847383715,Exp13,001,007,
B,E,Stomach Ache,10,0,80,2,,,,,,,,,,,,,kiwi,mango,stomach ache,m,1.77187820766,,,,,,,,,,2017_Sep_28_0851,59.9847383715,Exp13,001,007,
C,E,No Stomach Ache,10,1,81,3,,,,,,,,,,,,,orange,mango,no stomach ache,z,1.1482886141,,,,,,,,,,2017_Sep_28_0851,59.9847383715,Exp13,001,007,
F,I,Stomach Ache,10,2,82,5,,,,,,,,,,,,,peach,strawberry,stomach ache,m,1.13500740704,,,,,,,,,,2017_Sep_28_0851,59.9847383715,Exp13,001,007,
A, ,Stomach Ache,10,3,83,0,,,,,,,,,,,,,cherry,,stomach ache,m,0.971607963962,,,,,,,,,,2017_Sep_28_0851,59.9847383715,Exp13,001,007,
G,J,Stomach Ache,10,4,84,6,,,,,,,,,,,,,pear,plum,stomach ache,m,1.50021540403,,,,,,,,,,2017_Sep_28_0851,59.9847383715,Exp13,001,007,
H,J,No Stomach Ache,10,5,85,7,,,,,,,,,,,,,apple,plum,no stomach ache,z,0.96921174723,,,,,,,,,,2017_Sep_28_0851,59.9847383715,Exp13,001,007,
F, ,Stomach Ache,10,6,86,4,,,,,,,,,,,,,peach,,stomach ache,m,0.86684986217,,,,,,,,,,2017_Sep_28_0851,59.9847383715,Exp13,001,007,
A,D,Stomach Ache,10,7,87,1,,,,,,,,,,,,,cherry,banana,stomach ache,m,2.26591111356,,,,,,,,,,2017_Sep_28_0851,59.9847383715,Exp13,001,007,
G,J,Stomach Ache,11,0,88,6,,,,,,,,,,,,,pear,plum,stomach ache,m,2.0781858886,,,,,,,,,,2017_Sep_28_0851,59.9847383715,Exp13,001,007,
A, ,Stomach Ache,11,1,89,0,,,,,,,,,,,,,cherry,,stomach ache,m,0.716880361695,,,,,,,,,,2017_Sep_28_0851,59.9847383715,Exp13,001,007,
H,J,No Stomach Ache,11,2,90,7,,,,,,,,,,,,,apple,plum,no stomach ache,z,0.969885431667,,,,,,,,,,2017_Sep_28_0851,59.9847383715,Exp13,001,007,
B,E,Stomach Ache,11,3,91,2,,,,,,,,,,,,,kiwi,mango,stomach ache,m,0.883512790024,,,,,,,,,,2017_Sep_28_0851,59.9847383715,Exp13,001,007,
C,E,No Stomach Ache,11,4,92,3,,,,,,,,,,,,,orange,mango,no stomach ache,z,0.800278992843,,,,,,,,,,2017_Sep_28_0851,59.9847383715,Exp13,001,007,
F, ,Stomach Ache,11,5,93,4,,,,,,,,,,,,,peach,,stomach ache,m,0.836861631513,,,,,,,,,,2017_Sep_28_0851,59.9847383715,Exp13,001,007,
F,I,Stomach Ache,11,6,94,5,,,,,,,,,,,,,peach,strawberry,stomach ache,m,0.766975534934,,,,,,,,,,2017_Sep_28_0851,59.9847383715,Exp13,001,007,
A,D,Stomach Ache,11,7,95,1,,,,,,,,,,,,,cherry,banana,stomach ache,m,1.88701629896,,,,,,,,,,2017_Sep_28_0851,59.9847383715,Exp13,001,007,
D,C,Stomach Ache,,,,,0,0,0,0,,,,,,,,,banana,orange,stomach ache,,,m,5.16582190724,,,,,,,,2017_Sep_28_0851,59.9847383715,Exp13,001,007,
D,C,Stomach Ache,,,,,1,0,1,0,,,,,,,,,banana,orange,stomach ache,,,m,1.40020354018,,,,,,,,2017_Sep_28_0851,59.9847383715,Exp13,001,007,
D,C,Stomach Ache,,,,,2,0,2,0,,,,,,,,,banana,orange,stomach ache,,,m,1.71747285401,,,,,,,,2017_Sep_28_0851,59.9847383715,Exp13,001,007,
D,C,Stomach Ache,,,,,3,0,3,0,,,,,,,,,banana,orange,stomach ache,,,m,1.35272191252,,,,,,,,2017_Sep_28_0851,59.9847383715,Exp13,001,007,
D,C,Stomach Ache,,,,,4,0,4,0,,,,,,,,,banana,orange,stomach ache,,,m,1.21715001045,,,,,,,,2017_Sep_28_0851,59.9847383715,Exp13,001,007,
D,C,Stomach Ache,,,,,5,0,5,0,,,,,,,,,banana,orange,stomach ache,,,m,2.38349091716,,,,,,,,2017_Sep_28_0851,59.9847383715,Exp13,001,007,
,,,,,,,,,,,,,,,,,,,,,,,,,,space,14.5659922007,,,,,,2017_Sep_28_0851,59.9847383715,Exp13,001,007,
G, ,,,,,,,,,,0,0,0,6,,,,,pear,,,,,,,,,10,15.436,"[(None, 0.0), (u'10', 15.436)]",,,2017_Sep_28_0851,59.9847383715,Exp13,001,007,
B, ,,,,,,,,,,0,1,1,1,,,,,kiwi,,,,,,,,,9,7.753,"[(None, 0.0), (u'9', 7.753)]",,,2017_Sep_28_0851,59.9847383715,Exp13,001,007,
I, ,,,,,,,,,,0,2,2,8,,,,,strawberry,,,,,,,,,9,1.037,"[(None, 0.0), (u'9', 1.037)]",,,2017_Sep_28_0851,59.9847383715,Exp13,001,007,
J, ,,,,,,,,,,0,3,3,9,,,,,plum,,,,,,,,,0,2.536,"[(None, 0.0), (u'0', 2.536)]",,,2017_Sep_28_0851,59.9847383715,Exp13,001,007,
C, ,,,,,,,,,,0,4,4,2,,,,,orange,,,,,,,,,0,0.87,"[(None, 0.0), (u'0', 0.87)]",,,2017_Sep_28_0851,59.9847383715,Exp13,001,007,
F, ,,,,,,,,,,0,5,5,5,,,,,peach,,,,,,,,,10,2.538,"[(None, 0.0), (u'10', 2.538)]",,,2017_Sep_28_0851,59.9847383715,Exp13,001,007,
A, ,,,,,,,,,,0,6,6,0,,,,,cherry,,,,,,,,,10,1.855,"[(None, 0.0), (u'10', 1.855)]",,,2017_Sep_28_0851,59.9847383715,Exp13,001,007,
D,H,,,,,,,,,,0,7,7,11,,,,,banana,apple,,,,,,,,5,3.138,"[(None, 0.0), (u'5', 3.138)]",,,2017_Sep_28_0851,59.9847383715,Exp13,001,007,
D, ,,,,,,,,,,0,8,8,3,,,,,banana,,,,,,,,,10,4.67,"[(None, 0.0), (u'10', 4.67)]",,,2017_Sep_28_0851,59.9847383715,Exp13,001,007,
E, ,,,,,,,,,,0,9,9,4,,,,,mango,,,,,,,,,0,1.486,"[(None, 0.0), (u'0', 1.486)]",,,2017_Sep_28_0851,59.9847383715,Exp13,001,007,
I,C,,,,,,,,,,0,10,10,10,,,,,strawberry,orange,,,,,,,,5,1.837,"[(None, 0.0), (u'5', 1.837)]",,,2017_Sep_28_0851,59.9847383715,Exp13,001,007,
H, ,,,,,,,,,,0,11,11,7,,,,,apple,,,,,,,,,0,1.903,"[(None, 0.0), (u'0', 1.903)]",,,2017_Sep_28_0851,59.9847383715,Exp13,001,007,
D, ,,,,,,,,,,1,0,12,3,,,,,banana,,,,,,,,,10,2.336,"[(None, 0.0), (u'10', 2.336)]",,,2017_Sep_28_0851,59.9847383715,Exp13,001,007,
H, ,,,,,,,,,,1,1,13,7,,,,,apple,,,,,,,,,0,1.702,"[(None, 0.0), (u'0', 1.702)]",,,2017_Sep_28_0851,59.9847383715,Exp13,001,007,
A, ,,,,,,,,,,1,2,14,0,,,,,cherry,,,,,,,,,10,1.338,"[(None, 0.0), (u'10', 1.338)]",,,2017_Sep_28_0851,59.9847383715,Exp13,001,007,
J, ,,,,,,,,,,1,3,15,9,,,,,plum,,,,,,,,,0,3.186,"[(None, 0.0), (u'0', 3.186)]",,,2017_Sep_28_0851,59.9847383715,Exp13,001,007,
B, ,,,,,,,,,,1,4,16,1,,,,,kiwi,,,,,,,,,10,2.02,"[(None, 0.0), (u'10', 2.02)]",,,2017_Sep_28_0851,59.9847383715,Exp13,001,007,
C, ,,,,,,,,,,1,5,17,2,,,,,orange,,,,,,,,,0,1.153,"[(None, 0.0), (u'0', 1.153)]",,,2017_Sep_28_0851,59.9847383715,Exp13,001,007,
I,C,,,,,,,,,,1,6,18,10,,,,,strawberry,orange,,,,,,,,5,3.738,"[(None, 0.0), (u'5', 3.738)]",,,2017_Sep_28_0851,59.9847383715,Exp13,001,007,
I, ,,,,,,,,,,1,7,19,8,,,,,strawberry,,,,,,,,,10,1.703,"[(None, 0.0), (u'10', 1.703)]",,,2017_Sep_28_0851,59.9847383715,Exp13,001,007,
F, ,,,,,,,,,,1,8,20,5,,,,,peach,,,,,,,,,10,0.837,"[(None, 0.0), (u'10', 0.837)]",,,2017_Sep_28_0851,59.9847383715,Exp13,001,007,
E, ,,,,,,,,,,1,9,21,4,,,,,mango,,,,,,,,,0,1.622,"[(None, 0.0), (u'0', 1.622)]",,,2017_Sep_28_0851,59.9847383715,Exp13,001,007,
G, ,,,,,,,,,,1,10,22,6,,,,,pear,,,,,,,,,10,2.77,"[(None, 0.0), (u'10', 2.77)]",,,2017_Sep_28_0851,59.9847383715,Exp13,001,007,
D,H,,,,,,,,,,1,11,23,11,,,,,banana,apple,,,,,,,,5,1.44,"[(None, 0.0), (u'5', 1.44)]",,,2017_Sep_28_0851,59.9847383715,Exp13,001,007,
,,,,,,,,,,,,,,,,,,,,,,,,,,,,,,,space,3.58097074249,2017_Sep_28_0851,59.9847383715,Exp13,001,007,
