stim1,stim2,outcome,train_trials.thisRepN,train_trials.thisTrialN,train_trials.thisN,train_trials.thisIndex,train_trials2.thisRepN,train_trials2.thisTrialN,train_trials2.thisN,train_trials2.thisIndex,test_trials.thisRepN,test_trials.thisTrialN,test_trials.thisN,test_trials.thisIndex,start_exp.keys,start_exp.rt,start_exp2.keys,start_exp2.rt,stim.A,stim.B,pressed,key_ans.keys,key_ans.rt,key_answ.keys,key_answ.rt,start.keys,start.rt,rating.response,rating.rt,rating.history,exit_exp.keys,exit_exp.rt,date,frameRate,expName,session,participant,
,,,,,,,,,,,,,,,space,465.876756563,,,,,,,,,,,,,,,,,2017_Sep_28_1002,60.1144465641,Exp13,001,008,
,,,,,,,,,,,,,,,,,space,15.6178725188,,,,,,,,,,,,,,,2017_Sep_28_1002,60.1144465641,Exp13,001,008,
F, ,Stomach Ache,0,0,0,4,,,,,,,,,,,,,peach,,no stomach ache,z,7.63407976269,,,,,,,,,,2017_Sep_28_1002,60.1144465641,Exp13,001,008,
H,J,No Stomach Ache,0,1,1,7,,,,,,,,,,,,,cherry,orange,stomach ache,m,15.5180214641,,,,,,,,,,2017_Sep_28_1002,60.1144465641,Exp13,001,008,
G,J,Stomach Ache,0,2,2,6,,,,,,,,,,,,,banana,orange,no stomach ache,z,8.41742253343,,,,,,,,,,2017_Sep_28_1002,60.1144465641,Exp13,001,008,
B,E,Stomach Ache,0,3,3,2,,,,,,,,,,,,,kiwi,mango,no stomach ache,z,13.7844959065,,,,,,,,,,2017_Sep_28_1002,60.1144465641,Exp13,001,008,
A, ,Stomach Ache,0,4,4,0,,,,,,,,,,,,,plum,,stomach ache,m,8.067416619,,,,,,,,,,2017_Sep_28_1002,60.1144465641,Exp13,001,008,
A,D,Stomach Ache,0,5,5,1,,,,,,,,,,,,,plum,pear,stomach ache,m,5.31735240038,,,,,,,,,,2017_Sep_28_1002,60.1144465641,Exp13,001,008,
F,I,Stomach Ache,0,6,6,5,,,,,,,,,,,,,peach,strawberry,stomach ache,m,3.05042020335,,,,,,,,,,2017_Sep_28_1002,60.1144465641,Exp13,001,008,
C,E,No Stomach Ache,0,7,7,3,,,,,,,,,,,,,apple,mango,stomach ache,m,8.66767363355,,,,,,,,,,2017_Sep_28_1002,60.1144465641,Exp13,001,008,
A, ,Stomach Ache,1,0,8,0,,,,,,,,,,,,,plum,,stomach ache,m,3.80051486897,,,,,,,,,,2017_Sep_28_1002,60.1144465641,Exp13,001,008,
F,I,Stomach Ache,1,1,9,5,,,,,,,,,,,,,peach,strawberry,stomach ache,m,2.86732044854,,,,,,,,,,2017_Sep_28_1002,60.1144465641,Exp13,001,008,
G,J,Stomach Ache,1,2,10,6,,,,,,,,,,,,,banana,orange,stomach ache,m,3.38368132718,,,,,,,,,,2017_Sep_28_1002,60.1144465641,Exp13,001,008,
A,D,Stomach Ache,1,3,11,1,,,,,,,,,,,,,plum,pear,stomach ache,m,3.88361343391,,,,,,,,,,2017_Sep_28_1002,60.1144465641,Exp13,001,008,
F, ,Stomach Ache,1,4,12,4,,,,,,,,,,,,,peach,,stomach ache,m,1.73372083827,,,,,,,,,,2017_Sep_28_1002,60.1144465641,Exp13,001,008,
H,J,No Stomach Ache,1,5,13,7,,,,,,,,,,,,,cherry,orange,no stomach ache,z,3.50059284126,,,,,,,,,,2017_Sep_28_1002,60.1144465641,Exp13,001,008,
C,E,No Stomach Ache,1,6,14,3,,,,,,,,,,,,,apple,mango,no stomach ache,z,3.8338697135,,,,,,,,,,2017_Sep_28_1002,60.1144465641,Exp13,001,008,
B,E,Stomach Ache,1,7,15,2,,,,,,,,,,,,,kiwi,mango,stomach ache,m,5.80075004567,,,,,,,,,,2017_Sep_28_1002,60.1144465641,Exp13,001,008,
H,J,No Stomach Ache,2,0,16,7,,,,,,,,,,,,,cherry,orange,no stomach ache,z,2.55055773973,,,,,,,,,,2017_Sep_28_1002,60.1144465641,Exp13,001,008,
F, ,Stomach Ache,2,1,17,4,,,,,,,,,,,,,peach,,stomach ache,m,2.68394492105,,,,,,,,,,2017_Sep_28_1002,60.1144465641,Exp13,001,008,
G,J,Stomach Ache,2,2,18,6,,,,,,,,,,,,,banana,orange,stomach ache,m,2.53384164631,,,,,,,,,,2017_Sep_28_1002,60.1144465641,Exp13,001,008,
C,E,No Stomach Ache,2,3,19,3,,,,,,,,,,,,,apple,mango,no stomach ache,z,6.28394996056,,,,,,,,,,2017_Sep_28_1002,60.1144465641,Exp13,001,008,
A,D,Stomach Ache,2,4,20,1,,,,,,,,,,,,,plum,pear,stomach ache,m,1.90042086829,,,,,,,,,,2017_Sep_28_1002,60.1144465641,Exp13,001,008,
B,E,Stomach Ache,2,5,21,2,,,,,,,,,,,,,kiwi,mango,stomach ache,m,1.90036802353,,,,,,,,,,2017_Sep_28_1002,60.1144465641,Exp13,001,008,
A, ,Stomach Ache,2,6,22,0,,,,,,,,,,,,,plum,,stomach ache,m,4.75054857064,,,,,,,,,,2017_Sep_28_1002,60.1144465641,Exp13,001,008,
F,I,Stomach Ache,2,7,23,5,,,,,,,,,,,,,peach,strawberry,stomach ache,m,2.88378106728,,,,,,,,,,2017_Sep_28_1002,60.1144465641,Exp13,001,008,
B,E,Stomach Ache,3,0,24,2,,,,,,,,,,,,,kiwi,mango,stomach ache,m,2.7337425361,,,,,,,,,,2017_Sep_28_1002,60.1144465641,Exp13,001,008,
F,I,Stomach Ache,3,1,25,5,,,,,,,,,,,,,peach,strawberry,stomach ache,m,2.85038212713,,,,,,,,,,2017_Sep_28_1002,60.1144465641,Exp13,001,008,
F, ,Stomach Ache,3,2,26,4,,,,,,,,,,,,,peach,,stomach ache,m,2.21702294303,,,,,,,,,,2017_Sep_28_1002,60.1144465641,Exp13,001,008,
C,E,No Stomach Ache,3,3,27,3,,,,,,,,,,,,,apple,mango,no stomach ache,z,5.6004015502,,,,,,,,,,2017_Sep_28_1002,60.1144465641,Exp13,001,008,
A, ,Stomach Ache,3,4,28,0,,,,,,,,,,,,,plum,,stomach ache,m,5.25069485613,,,,,,,,,,2017_Sep_28_1002,60.1144465641,Exp13,001,008,
G,J,Stomach Ache,3,5,29,6,,,,,,,,,,,,,banana,orange,stomach ache,m,5.03389519099,,,,,,,,,,2017_Sep_28_1002,60.1144465641,Exp13,001,008,
A,D,Stomach Ache,3,6,30,1,,,,,,,,,,,,,plum,pear,stomach ache,m,2.23362984728,,,,,,,,,,2017_Sep_28_1002,60.1144465641,Exp13,001,008,
H,J,No Stomach Ache,3,7,31,7,,,,,,,,,,,,,cherry,orange,no stomach ache,z,2.05040305505,,,,,,,,,,2017_Sep_28_1002,60.1144465641,Exp13,001,008,
F,I,Stomach Ache,4,0,32,5,,,,,,,,,,,,,peach,strawberry,stomach ache,m,3.35045317009,,,,,,,,,,2017_Sep_28_1002,60.1144465641,Exp13,001,008,
H,J,No Stomach Ache,4,1,33,7,,,,,,,,,,,,,cherry,orange,no stomach ache,z,1.21694665059,,,,,,,,,,2017_Sep_28_1002,60.1144465641,Exp13,001,008,
F, ,Stomach Ache,4,2,34,4,,,,,,,,,,,,,peach,,stomach ache,m,0.783550650129,,,,,,,,,,2017_Sep_28_1002,60.1144465641,Exp13,001,008,
C,E,No Stomach Ache,4,3,35,3,,,,,,,,,,,,,apple,mango,no stomach ache,z,2.71714193124,,,,,,,,,,2017_Sep_28_1002,60.1144465641,Exp13,001,008,
G,J,Stomach Ache,4,4,36,6,,,,,,,,,,,,,banana,orange,stomach ache,m,1.65030030523,,,,,,,,,,2017_Sep_28_1002,60.1144465641,Exp13,001,008,
A, ,Stomach Ache,4,5,37,0,,,,,,,,,,,,,plum,,stomach ache,m,4.31716551889,,,,,,,,,,2017_Sep_28_1002,60.1144465641,Exp13,001,008,
A,D,Stomach Ache,4,6,38,1,,,,,,,,,,,,,plum,pear,stomach ache,m,2.6003158087,,,,,,,,,,2017_Sep_28_1002,60.1144465641,Exp13,001,008,
B,E,Stomach Ache,4,7,39,2,,,,,,,,,,,,,kiwi,mango,stomach ache,m,2.80044942547,,,,,,,,,,2017_Sep_28_1002,60.1144465641,Exp13,001,008,
A, ,Stomach Ache,5,0,40,0,,,,,,,,,,,,,plum,,stomach ache,m,3.68382383307,,,,,,,,,,2017_Sep_28_1002,60.1144465641,Exp13,001,008,
B,E,Stomach Ache,5,1,41,2,,,,,,,,,,,,,kiwi,mango,stomach ache,m,1.53370410991,,,,,,,,,,2017_Sep_28_1002,60.1144465641,Exp13,001,008,
A,D,Stomach Ache,5,2,42,1,,,,,,,,,,,,,plum,pear,stomach ache,m,3.50043535687,,,,,,,,,,2017_Sep_28_1002,60.1144465641,Exp13,001,008,
F,I,Stomach Ache,5,3,43,5,,,,,,,,,,,,,peach,strawberry,stomach ache,m,0.95031297399,,,,,,,,,,2017_Sep_28_1002,60.1144465641,Exp13,001,008,
G,J,Stomach Ache,5,4,44,6,,,,,,,,,,,,,banana,orange,stomach ache,m,0.966962224047,,,,,,,,,,2017_Sep_28_1002,60.1144465641,Exp13,001,008,
C,E,No Stomach Ache,5,5,45,3,,,,,,,,,,,,,apple,mango,no stomach ache,z,4.45060344521,,,,,,,,,,2017_Sep_28_1002,60.1144465641,Exp13,001,008,
H,J,No Stomach Ache,5,6,46,7,,,,,,,,,,,,,cherry,orange,no stomach ache,z,1.28359054618,,,,,,,,,,2017_Sep_28_1002,60.1144465641,Exp13,001,008,
F, ,Stomach Ache,5,7,47,4,,,,,,,,,,,,,peach,,stomach ache,m,1.98360027521,,,,,,,,,,2017_Sep_28_1002,60.1144465641,Exp13,001,008,
C,E,No Stomach Ache,6,0,48,3,,,,,,,,,,,,,apple,mango,no stomach ache,z,2.28372633272,,,,,,,,,,2017_Sep_28_1002,60.1144465641,Exp13,001,008,
A,D,Stomach Ache,6,1,49,1,,,,,,,,,,,,,plum,pear,stomach ache,m,4.08401372423,,,,,,,,,,2017_Sep_28_1002,60.1144465641,Exp13,001,008,
B,E,Stomach Ache,6,2,50,2,,,,,,,,,,,,,kiwi,mango,stomach ache,m,1.40023678653,,,,,,,,,,2017_Sep_28_1002,60.1144465641,Exp13,001,008,
A, ,Stomach Ache,6,3,51,0,,,,,,,,,,,,,plum,,stomach ache,m,2.23371068927,,,,,,,,,,2017_Sep_28_1002,60.1144465641,Exp13,001,008,
F, ,Stomach Ache,6,4,52,4,,,,,,,,,,,,,peach,,stomach ache,m,1.36699183111,,,,,,,,,,2017_Sep_28_1002,60.1144465641,Exp13,001,008,
G,J,Stomach Ache,6,5,53,6,,,,,,,,,,,,,banana,orange,stomach ache,m,1.35023584163,,,,,,,,,,2017_Sep_28_1002,60.1144465641,Exp13,001,008,
H,J,No Stomach Ache,6,6,54,7,,,,,,,,,,,,,cherry,orange,no stomach ache,z,0.883771268273,,,,,,,,,,2017_Sep_28_1002,60.1144465641,Exp13,001,008,
F,I,Stomach Ache,6,7,55,5,,,,,,,,,,,,,peach,strawberry,stomach ache,m,0.633526467529,,,,,,,,,,2017_Sep_28_1002,60.1144465641,Exp13,001,008,
H,J,No Stomach Ache,7,0,56,7,,,,,,,,,,,,,cherry,orange,no stomach ache,z,1.81724636088,,,,,,,,,,2017_Sep_28_1002,60.1144465641,Exp13,001,008,
G,J,Stomach Ache,7,1,57,6,,,,,,,,,,,,,banana,orange,stomach ache,m,1.30047147328,,,,,,,,,,2017_Sep_28_1002,60.1144465641,Exp13,001,008,
A, ,Stomach Ache,7,2,58,0,,,,,,,,,,,,,plum,,stomach ache,m,0.750212953892,,,,,,,,,,2017_Sep_28_1002,60.1144465641,Exp13,001,008,
C,E,No Stomach Ache,7,3,59,3,,,,,,,,,,,,,apple,mango,no stomach ache,z,2.70044228618,,,,,,,,,,2017_Sep_28_1002,60.1144465641,Exp13,001,008,
F, ,Stomach Ache,7,4,60,4,,,,,,,,,,,,,peach,,stomach ache,m,0.683658649417,,,,,,,,,,2017_Sep_28_1002,60.1144465641,Exp13,001,008,
B,E,Stomach Ache,7,5,61,2,,,,,,,,,,,,,kiwi,mango,stomach ache,m,1.45033642167,,,,,,,,,,2017_Sep_28_1002,60.1144465641,Exp13,001,008,
F,I,Stomach Ache,7,6,62,5,,,,,,,,,,,,,peach,strawberry,stomach ache,m,0.666905459671,,,,,,,,,,2017_Sep_28_1002,60.1144465641,Exp13,001,008,
A,D,Stomach Ache,7,7,63,1,,,,,,,,,,,,,plum,pear,stomach ache,m,1.16702304801,,,,,,,,,,2017_Sep_28_1002,60.1144465641,Exp13,001,008,
F, ,Stomach Ache,8,0,64,4,,,,,,,,,,,,,peach,,stomach ache,m,0.63352016815,,,,,,,,,,2017_Sep_28_1002,60.1144465641,Exp13,001,008,
F,I,Stomach Ache,8,1,65,5,,,,,,,,,,,,,peach,strawberry,stomach ache,m,1.06698651164,,,,,,,,,,2017_Sep_28_1002,60.1144465641,Exp13,001,008,
G,J,Stomach Ache,8,2,66,6,,,,,,,,,,,,,banana,orange,stomach ache,m,1.26716912353,,,,,,,,,,2017_Sep_28_1002,60.1144465641,Exp13,001,008,
A, ,Stomach Ache,8,3,67,0,,,,,,,,,,,,,plum,,stomach ache,m,0.88380766465,,,,,,,,,,2017_Sep_28_1002,60.1144465641,Exp13,001,008,
B,E,Stomach Ache,8,4,68,2,,,,,,,,,,,,,kiwi,mango,stomach ache,m,1.51707095827,,,,,,,,,,2017_Sep_28_1002,60.1144465641,Exp13,001,008,
A,D,Stomach Ache,8,5,69,1,,,,,,,,,,,,,plum,pear,stomach ache,m,0.650284556803,,,,,,,,,,2017_Sep_28_1002,60.1144465641,Exp13,001,008,
C,E,No Stomach Ache,8,6,70,3,,,,,,,,,,,,,apple,mango,no stomach ache,z,3.60037390294,,,,,,,,,,2017_Sep_28_1002,60.1144465641,Exp13,001,008,
H,J,No Stomach Ache,8,7,71,7,,,,,,,,,,,,,cherry,orange,no stomach ache,z,0.733635096753,,,,,,,,,,2017_Sep_28_1002,60.1144465641,Exp13,001,008,
F,I,Stomach Ache,9,0,72,5,,,,,,,,,,,,,peach,strawberry,stomach ache,m,1.21709748564,,,,,,,,,,2017_Sep_28_1002,60.1144465641,Exp13,001,008,
F, ,Stomach Ache,9,1,73,4,,,,,,,,,,,,,peach,,stomach ache,m,0.533772353156,,,,,,,,,,2017_Sep_28_1002,60.1144465641,Exp13,001,008,
A, ,Stomach Ache,9,2,74,0,,,,,,,,,,,,,plum,,stomach ache,m,1.38367362793,,,,,,,,,,2017_Sep_28_1002,60.1144465641,Exp13,001,008,
B,E,Stomach Ache,9,3,75,2,,,,,,,,,,,,,kiwi,mango,stomach ache,m,1.13370984935,,,,,,,,,,2017_Sep_28_1002,60.1144465641,Exp13,001,008,
C,E,No Stomach Ache,9,4,76,3,,,,,,,,,,,,,apple,mango,no stomach ache,z,6.2340473559,,,,,,,,,,2017_Sep_28_1002,60.1144465641,Exp13,001,008,
G,J,Stomach Ache,9,5,77,6,,,,,,,,,,,,,banana,orange,stomach ache,m,1.06700226007,,,,,,,,,,2017_Sep_28_1002,60.1144465641,Exp13,001,008,
H,J,No Stomach Ache,9,6,78,7,,,,,,,,,,,,,cherry,orange,no stomach ache,z,1.03361311894,,,,,,,,,,2017_Sep_28_1002,60.1144465641,Exp13,001,008,
A,D,Stomach Ache,9,7,79,1,,,,,,,,,,,,,plum,pear,stomach ache,m,0.833707679572,,,,,,,,,,2017_Sep_28_1002,60.1144465641,Exp13,001,008,
A, ,Stomach Ache,10,0,80,0,,,,,,,,,,,,,plum,,stomach ache,m,0.567120898326,,,,,,,,,,2017_Sep_28_1002,60.1144465641,Exp13,001,008,
F, ,Stomach Ache,10,1,81,4,,,,,,,,,,,,,peach,,stomach ache,m,0.516827382395,,,,,,,,,,2017_Sep_28_1002,60.1144465641,Exp13,001,008,
G,J,Stomach Ache,10,2,82,6,,,,,,,,,,,,,banana,orange,stomach ache,m,1.31720891461,,,,,,,,,,2017_Sep_28_1002,60.1144465641,Exp13,001,008,
B,E,Stomach Ache,10,3,83,2,,,,,,,,,,,,,kiwi,mango,stomach ache,m,1.00030761951,,,,,,,,,,2017_Sep_28_1002,60.1144465641,Exp13,001,008,
F,I,Stomach Ache,10,4,84,5,,,,,,,,,,,,,peach,strawberry,stomach ache,m,0.78372878248,,,,,,,,,,2017_Sep_28_1002,60.1144465641,Exp13,001,008,
H,J,No Stomach Ache,10,5,85,7,,,,,,,,,,,,,cherry,orange,no stomach ache,z,0.583612663977,,,,,,,,,,2017_Sep_28_1002,60.1144465641,Exp13,001,008,
C,E,No Stomach Ache,10,6,86,3,,,,,,,,,,,,,apple,mango,no stomach ache,z,1.26701548876,,,,,,,,,,2017_Sep_28_1002,60.1144465641,Exp13,001,008,
A,D,Stomach Ache,10,7,87,1,,,,,,,,,,,,,plum,pear,stomach ache,m,0.650322003086,,,,,,,,,,2017_Sep_28_1002,60.1144465641,Exp13,001,008,
A, ,Stomach Ache,11,0,88,0,,,,,,,,,,,,,plum,,stomach ache,m,1.58389578592,,,,,,,,,,2017_Sep_28_1002,60.1144465641,Exp13,001,008,
C,E,No Stomach Ache,11,1,89,3,,,,,,,,,,,,,apple,mango,no stomach ache,z,0.900429617424,,,,,,,,,,2017_Sep_28_1002,60.1144465641,Exp13,001,008,
F, ,Stomach Ache,11,2,90,4,,,,,,,,,,,,,peach,,stomach ache,m,0.550288616403,,,,,,,,,,2017_Sep_28_1002,60.1144465641,Exp13,001,008,
F,I,Stomach Ache,11,3,91,5,,,,,,,,,,,,,peach,strawberry,stomach ache,m,0.5502704182,,,,,,,,,,2017_Sep_28_1002,60.1144465641,Exp13,001,008,
A,D,Stomach Ache,11,4,92,1,,,,,,,,,,,,,plum,pear,stomach ache,m,2.73376108428,,,,,,,,,,2017_Sep_28_1002,60.1144465641,Exp13,001,008,
B,E,Stomach Ache,11,5,93,2,,,,,,,,,,,,,kiwi,mango,stomach ache,m,2.31690934428,,,,,,,,,,2017_Sep_28_1002,60.1144465641,Exp13,001,008,
H,J,No Stomach Ache,11,6,94,7,,,,,,,,,,,,,cherry,orange,no stomach ache,z,0.633786841718,,,,,,,,,,2017_Sep_28_1002,60.1144465641,Exp13,001,008,
G,J,Stomach Ache,11,7,95,6,,,,,,,,,,,,,banana,orange,stomach ache,m,1.10014887525,,,,,,,,,,2017_Sep_28_1002,60.1144465641,Exp13,001,008,
D,C,Stomach Ache,,,,,0,0,0,0,,,,,,,,,pear,apple,no stomach ache,,,z,4.15034370095,,,,,,,,2017_Sep_28_1002,60.1144465641,Exp13,001,008,
D,C,Stomach Ache,,,,,1,0,1,0,,,,,,,,,pear,apple,stomach ache,,,m,1.4007788828,,,,,,,,2017_Sep_28_1002,60.1144465641,Exp13,001,008,
D,C,Stomach Ache,,,,,2,0,2,0,,,,,,,,,pear,apple,stomach ache,,,m,1.00074087658,,,,,,,,2017_Sep_28_1002,60.1144465641,Exp13,001,008,
D,C,Stomach Ache,,,,,3,0,3,0,,,,,,,,,pear,apple,stomach ache,,,m,1.10085090567,,,,,,,,2017_Sep_28_1002,60.1144465641,Exp13,001,008,
D,C,Stomach Ache,,,,,4,0,4,0,,,,,,,,,pear,apple,stomach ache,,,m,0.650302055059,,,,,,,,2017_Sep_28_1002,60.1144465641,Exp13,001,008,
D,C,Stomach Ache,,,,,5,0,5,0,,,,,,,,,pear,apple,stomach ache,,,m,1.46683868628,,,,,,,,2017_Sep_28_1002,60.1144465641,Exp13,001,008,
,,,,,,,,,,,,,,,,,,,,,,,,,,space,12.9676534055,,,,,,2017_Sep_28_1002,60.1144465641,Exp13,001,008,
J, ,,,,,,,,,,0,0,0,9,,,,,orange,,,,,,,,,0,12.537,"[(None, 0.0), (u'0', 12.537)]",,,2017_Sep_28_1002,60.1144465641,Exp13,001,008,
E, ,,,,,,,,,,0,1,1,4,,,,,mango,,,,,,,,,0,3.353,"[(None, 0.0), (u'0', 3.353)]",,,2017_Sep_28_1002,60.1144465641,Exp13,001,008,
I, ,,,,,,,,,,0,2,2,8,,,,,strawberry,,,,,,,,,0,3.52,"[(None, 0.0), (u'0', 3.52)]",,,2017_Sep_28_1002,60.1144465641,Exp13,001,008,
I,C,,,,,,,,,,0,3,3,10,,,,,strawberry,apple,,,,,,,,0,4.97,"[(None, 0.0), (u'0', 4.97)]",,,2017_Sep_28_1002,60.1144465641,Exp13,001,008,
G, ,,,,,,,,,,0,4,4,6,,,,,banana,,,,,,,,,10,2.386,"[(None, 0.0), (u'10', 2.386)]",,,2017_Sep_28_1002,60.1144465641,Exp13,001,008,
D, ,,,,,,,,,,0,5,5,3,,,,,pear,,,,,,,,,10,18.104,"[(None, 0.0), (u'10', 18.104)]",,,2017_Sep_28_1002,60.1144465641,Exp13,001,008,
F, ,,,,,,,,,,0,6,6,5,,,,,peach,,,,,,,,,10,3.903,"[(None, 0.0), (u'10', 3.903)]",,,2017_Sep_28_1002,60.1144465641,Exp13,001,008,
D,H,,,,,,,,,,0,7,7,11,,,,,pear,cherry,,,,,,,,0,6.77,"[(None, 0.0), (u'0', 6.77)]",,,2017_Sep_28_1002,60.1144465641,Exp13,001,008,
B, ,,,,,,,,,,0,8,8,1,,,,,kiwi,,,,,,,,,10,2.053,"[(None, 0.0), (u'10', 2.053)]",,,2017_Sep_28_1002,60.1144465641,Exp13,001,008,
C, ,,,,,,,,,,0,9,9,2,,,,,apple,,,,,,,,,0,1.937,"[(None, 0.0), (u'0', 1.937)]",,,2017_Sep_28_1002,60.1144465641,Exp13,001,008,
A, ,,,,,,,,,,0,10,10,0,,,,,plum,,,,,,,,,10,1.136,"[(None, 0.0), (u'10', 1.136)]",,,2017_Sep_28_1002,60.1144465641,Exp13,001,008,
H, ,,,,,,,,,,0,11,11,7,,,,,cherry,,,,,,,,,0,1.17,"[(None, 0.0), (u'0', 1.17)]",,,2017_Sep_28_1002,60.1144465641,Exp13,001,008,
E, ,,,,,,,,,,1,0,12,4,,,,,mango,,,,,,,,,0,1.52,"[(None, 0.0), (u'0', 1.52)]",,,2017_Sep_28_1002,60.1144465641,Exp13,001,008,
B, ,,,,,,,,,,1,1,13,1,,,,,kiwi,,,,,,,,,10,2.62,"[(None, 0.0), (u'10', 2.62)]",,,2017_Sep_28_1002,60.1144465641,Exp13,001,008,
C, ,,,,,,,,,,1,2,14,2,,,,,apple,,,,,,,,,0,1.353,"[(None, 0.0), (u'0', 1.353)]",,,2017_Sep_28_1002,60.1144465641,Exp13,001,008,
J, ,,,,,,,,,,1,3,15,9,,,,,orange,,,,,,,,,0,2.22,"[(None, 0.0), (u'0', 2.22)]",,,2017_Sep_28_1002,60.1144465641,Exp13,001,008,
F, ,,,,,,,,,,1,4,16,5,,,,,peach,,,,,,,,,10,2.153,"[(None, 0.0), (u'10', 2.153)]",,,2017_Sep_28_1002,60.1144465641,Exp13,001,008,
I, ,,,,,,,,,,1,5,17,8,,,,,strawberry,,,,,,,,,0,2.47,"[(None, 0.0), (u'0', 2.47)]",,,2017_Sep_28_1002,60.1144465641,Exp13,001,008,
A, ,,,,,,,,,,1,6,18,0,,,,,plum,,,,,,,,,10,2.903,"[(None, 0.0), (u'10', 2.903)]",,,2017_Sep_28_1002,60.1144465641,Exp13,001,008,
D,H,,,,,,,,,,1,7,19,11,,,,,pear,cherry,,,,,,,,10,4.553,"[(None, 0.0), (u'10', 4.553)]",,,2017_Sep_28_1002,60.1144465641,Exp13,001,008,
I,C,,,,,,,,,,1,8,20,10,,,,,strawberry,apple,,,,,,,,0,2.286,"[(None, 0.0), (u'0', 2.286)]",,,2017_Sep_28_1002,60.1144465641,Exp13,001,008,
H, ,,,,,,,,,,1,9,21,7,,,,,cherry,,,,,,,,,0,0.753,"[(None, 0.0), (u'0', 0.753)]",,,2017_Sep_28_1002,60.1144465641,Exp13,001,008,
G, ,,,,,,,,,,1,10,22,6,,,,,banana,,,,,,,,,10,2.086,"[(None, 0.0), (u'10', 2.086)]",,,2017_Sep_28_1002,60.1144465641,Exp13,001,008,
D, ,,,,,,,,,,1,11,23,3,,,,,pear,,,,,,,,,10,1.703,"[(None, 0.0), (u'10', 1.703)]",,,2017_Sep_28_1002,60.1144465641,Exp13,001,008,
,,,,,,,,,,,,,,,,,,,,,,,,,,,,,,,space,3.01755216059,2017_Sep_28_1002,60.1144465641,Exp13,001,008,
