stim1,stim2,outcome,train_trials.thisRepN,train_trials.thisTrialN,train_trials.thisN,train_trials.thisIndex,train_trials2.thisRepN,train_trials2.thisTrialN,train_trials2.thisN,train_trials2.thisIndex,test_trials.thisRepN,test_trials.thisTrialN,test_trials.thisN,test_trials.thisIndex,start_exp.keys,start_exp.rt,start_exp2.keys,start_exp2.rt,stim.A,stim.B,pressed,key_ans.keys,key_ans.rt,key_answ.keys,key_answ.rt,start.keys,start.rt,rating.response,rating.rt,rating.history,exit_exp.keys,exit_exp.rt,date,frameRate,expName,session,participant,
,,,,,,,,,,,,,,,space,446.694254014,,,,,,,,,,,,,,,,,2017_Sep_28_0907,59.9651007088,Exp13,001,009,
,,,,,,,,,,,,,,,,,space,24.9823480684,,,,,,,,,,,,,,,2017_Sep_28_0907,59.9651007088,Exp13,001,009,
A, ,Stomach Ache,0,0,0,0,,,,,,,,,,,,,cherry,,no stomach ache,z,15.3161333244,,,,,,,,,,2017_Sep_28_0907,59.9651007088,Exp13,001,009,
F, ,Stomach Ache,0,1,1,4,,,,,,,,,,,,,banana,,no stomach ache,z,5.58604489853,,,,,,,,,,2017_Sep_28_0907,59.9651007088,Exp13,001,009,
H,J,No Stomach Ache,0,2,2,7,,,,,,,,,,,,,peach,orange,stomach ache,m,7.96907526052,,,,,,,,,,2017_Sep_28_0907,59.9651007088,Exp13,001,009,
G,J,Stomach Ache,0,3,3,6,,,,,,,,,,,,,apple,orange,stomach ache,m,5.26643291276,,,,,,,,,,2017_Sep_28_0907,59.9651007088,Exp13,001,009,
B,E,Stomach Ache,0,4,4,2,,,,,,,,,,,,,mango,kiwi,no stomach ache,z,7.25254731452,,,,,,,,,,2017_Sep_28_0907,59.9651007088,Exp13,001,009,
A,D,Stomach Ache,0,5,5,1,,,,,,,,,,,,,cherry,pear,stomach ache,m,6.05261142828,,,,,,,,,,2017_Sep_28_0907,59.9651007088,Exp13,001,009,
C,E,No Stomach Ache,0,6,6,3,,,,,,,,,,,,,strawberry,kiwi,stomach ache,m,2.2846482895,,,,,,,,,,2017_Sep_28_0907,59.9651007088,Exp13,001,009,
F,I,Stomach Ache,0,7,7,5,,,,,,,,,,,,,banana,plum,stomach ache,m,4.24792531447,,,,,,,,,,2017_Sep_28_0907,59.9651007088,Exp13,001,009,
B,E,Stomach Ache,1,0,8,2,,,,,,,,,,,,,mango,kiwi,no stomach ache,z,4.38881984839,,,,,,,,,,2017_Sep_28_0907,59.9651007088,Exp13,001,009,
H,J,No Stomach Ache,1,1,9,7,,,,,,,,,,,,,peach,orange,stomach ache,m,7.48621606687,,,,,,,,,,2017_Sep_28_0907,59.9651007088,Exp13,001,009,
C,E,No Stomach Ache,1,2,10,3,,,,,,,,,,,,,strawberry,kiwi,no stomach ache,z,3.18519532123,,,,,,,,,,2017_Sep_28_0907,59.9651007088,Exp13,001,009,
A,D,Stomach Ache,1,3,11,1,,,,,,,,,,,,,cherry,pear,no stomach ache,z,4.24991942034,,,,,,,,,,2017_Sep_28_0907,59.9651007088,Exp13,001,009,
F, ,Stomach Ache,1,4,12,4,,,,,,,,,,,,,banana,,stomach ache,m,2.26932783095,,,,,,,,,,2017_Sep_28_0907,59.9651007088,Exp13,001,009,
A, ,Stomach Ache,1,5,13,0,,,,,,,,,,,,,cherry,,stomach ache,m,2.63811807921,,,,,,,,,,2017_Sep_28_0907,59.9651007088,Exp13,001,009,
G,J,Stomach Ache,1,6,14,6,,,,,,,,,,,,,apple,orange,no stomach ache,z,2.69936456686,,,,,,,,,,2017_Sep_28_0907,59.9651007088,Exp13,001,009,
F,I,Stomach Ache,1,7,15,5,,,,,,,,,,,,,banana,plum,stomach ache,m,3.99999090089,,,,,,,,,,2017_Sep_28_0907,59.9651007088,Exp13,001,009,
A, ,Stomach Ache,2,0,16,0,,,,,,,,,,,,,cherry,,stomach ache,m,3.66731048733,,,,,,,,,,2017_Sep_28_0907,59.9651007088,Exp13,001,009,
F,I,Stomach Ache,2,1,17,5,,,,,,,,,,,,,banana,plum,stomach ache,m,1.5547971405,,,,,,,,,,2017_Sep_28_0907,59.9651007088,Exp13,001,009,
G,J,Stomach Ache,2,2,18,6,,,,,,,,,,,,,apple,orange,no stomach ache,z,2.89940859258,,,,,,,,,,2017_Sep_28_0907,59.9651007088,Exp13,001,009,
F, ,Stomach Ache,2,3,19,4,,,,,,,,,,,,,banana,,stomach ache,m,1.25055075888,,,,,,,,,,2017_Sep_28_0907,59.9651007088,Exp13,001,009,
A,D,Stomach Ache,2,4,20,1,,,,,,,,,,,,,cherry,pear,stomach ache,m,4.38296876798,,,,,,,,,,2017_Sep_28_0907,59.9651007088,Exp13,001,009,
H,J,No Stomach Ache,2,5,21,7,,,,,,,,,,,,,peach,orange,no stomach ache,z,3.48486309858,,,,,,,,,,2017_Sep_28_0907,59.9651007088,Exp13,001,009,
C,E,No Stomach Ache,2,6,22,3,,,,,,,,,,,,,strawberry,kiwi,no stomach ache,z,1.632234102,,,,,,,,,,2017_Sep_28_0907,59.9651007088,Exp13,001,009,
B,E,Stomach Ache,2,7,23,2,,,,,,,,,,,,,mango,kiwi,stomach ache,m,3.82021305225,,,,,,,,,,2017_Sep_28_0907,59.9651007088,Exp13,001,009,
C,E,No Stomach Ache,3,0,24,3,,,,,,,,,,,,,strawberry,kiwi,no stomach ache,z,1.40276739059,,,,,,,,,,2017_Sep_28_0907,59.9651007088,Exp13,001,009,
G,J,Stomach Ache,3,1,25,6,,,,,,,,,,,,,apple,orange,stomach ache,m,2.41559714162,,,,,,,,,,2017_Sep_28_0907,59.9651007088,Exp13,001,009,
F, ,Stomach Ache,3,2,26,4,,,,,,,,,,,,,banana,,stomach ache,m,0.800317489091,,,,,,,,,,2017_Sep_28_0907,59.9651007088,Exp13,001,009,
A, ,Stomach Ache,3,3,27,0,,,,,,,,,,,,,cherry,,stomach ache,m,1.28916704959,,,,,,,,,,2017_Sep_28_0907,59.9651007088,Exp13,001,009,
A,D,Stomach Ache,3,4,28,1,,,,,,,,,,,,,cherry,pear,stomach ache,m,3.10007555765,,,,,,,,,,2017_Sep_28_0907,59.9651007088,Exp13,001,009,
H,J,No Stomach Ache,3,5,29,7,,,,,,,,,,,,,peach,orange,stomach ache,m,2.2847847762,,,,,,,,,,2017_Sep_28_0907,59.9651007088,Exp13,001,009,
B,E,Stomach Ache,3,6,30,2,,,,,,,,,,,,,mango,kiwi,stomach ache,m,1.60394845561,,,,,,,,,,2017_Sep_28_0907,59.9651007088,Exp13,001,009,
F,I,Stomach Ache,3,7,31,5,,,,,,,,,,,,,banana,plum,stomach ache,m,1.33329145408,,,,,,,,,,2017_Sep_28_0907,59.9651007088,Exp13,001,009,
G,J,Stomach Ache,4,0,32,6,,,,,,,,,,,,,apple,orange,stomach ache,m,1.61978371405,,,,,,,,,,2017_Sep_28_0907,59.9651007088,Exp13,001,009,
C,E,No Stomach Ache,4,1,33,3,,,,,,,,,,,,,strawberry,kiwi,no stomach ache,z,1.68156914924,,,,,,,,,,2017_Sep_28_0907,59.9651007088,Exp13,001,009,
A,D,Stomach Ache,4,2,34,1,,,,,,,,,,,,,cherry,pear,stomach ache,m,1.4827489544,,,,,,,,,,2017_Sep_28_0907,59.9651007088,Exp13,001,009,
B,E,Stomach Ache,4,3,35,2,,,,,,,,,,,,,mango,kiwi,stomach ache,m,2.46535249794,,,,,,,,,,2017_Sep_28_0907,59.9651007088,Exp13,001,009,
F, ,Stomach Ache,4,4,36,4,,,,,,,,,,,,,banana,,stomach ache,m,0.689361840632,,,,,,,,,,2017_Sep_28_0907,59.9651007088,Exp13,001,009,
H,J,No Stomach Ache,4,5,37,7,,,,,,,,,,,,,peach,orange,no stomach ache,z,2.28428572479,,,,,,,,,,2017_Sep_28_0907,59.9651007088,Exp13,001,009,
F,I,Stomach Ache,4,6,38,5,,,,,,,,,,,,,banana,plum,stomach ache,m,1.22091529389,,,,,,,,,,2017_Sep_28_0907,59.9651007088,Exp13,001,009,
A, ,Stomach Ache,4,7,39,0,,,,,,,,,,,,,cherry,,stomach ache,m,1.05019281374,,,,,,,,,,2017_Sep_28_0907,59.9651007088,Exp13,001,009,
B,E,Stomach Ache,5,0,40,2,,,,,,,,,,,,,mango,kiwi,stomach ache,m,3.33786515883,,,,,,,,,,2017_Sep_28_0907,59.9651007088,Exp13,001,009,
C,E,No Stomach Ache,5,1,41,3,,,,,,,,,,,,,strawberry,kiwi,no stomach ache,z,1.36698687382,,,,,,,,,,2017_Sep_28_0907,59.9651007088,Exp13,001,009,
A,D,Stomach Ache,5,2,42,1,,,,,,,,,,,,,cherry,pear,stomach ache,m,2.25375329712,,,,,,,,,,2017_Sep_28_0907,59.9651007088,Exp13,001,009,
F, ,Stomach Ache,5,3,43,4,,,,,,,,,,,,,banana,,stomach ache,m,1.00054944651,,,,,,,,,,2017_Sep_28_0907,59.9651007088,Exp13,001,009,
H,J,No Stomach Ache,5,4,44,7,,,,,,,,,,,,,peach,orange,no stomach ache,z,1.96997327311,,,,,,,,,,2017_Sep_28_0907,59.9651007088,Exp13,001,009,
A, ,Stomach Ache,5,5,45,0,,,,,,,,,,,,,cherry,,stomach ache,m,5.31675311408,,,,,,,,,,2017_Sep_28_0907,59.9651007088,Exp13,001,009,
G,J,Stomach Ache,5,6,46,6,,,,,,,,,,,,,apple,orange,stomach ache,m,2.01999145384,,,,,,,,,,2017_Sep_28_0907,59.9651007088,Exp13,001,009,
F,I,Stomach Ache,5,7,47,5,,,,,,,,,,,,,banana,plum,stomach ache,m,0.752364107349,,,,,,,,,,2017_Sep_28_0907,59.9651007088,Exp13,001,009,
A, ,Stomach Ache,6,0,48,0,,,,,,,,,,,,,cherry,,stomach ache,m,0.638264714929,,,,,,,,,,2017_Sep_28_0907,59.9651007088,Exp13,001,009,
G,J,Stomach Ache,6,1,49,6,,,,,,,,,,,,,apple,orange,stomach ache,m,1.43145024832,,,,,,,,,,2017_Sep_28_0907,59.9651007088,Exp13,001,009,
H,J,No Stomach Ache,6,2,50,7,,,,,,,,,,,,,peach,orange,no stomach ache,z,3.2836557861,,,,,,,,,,2017_Sep_28_0907,59.9651007088,Exp13,001,009,
A,D,Stomach Ache,6,3,51,1,,,,,,,,,,,,,cherry,pear,stomach ache,m,6.20428106324,,,,,,,,,,2017_Sep_28_0907,59.9651007088,Exp13,001,009,
F, ,Stomach Ache,6,4,52,4,,,,,,,,,,,,,banana,,stomach ache,m,0.66920835257,,,,,,,,,,2017_Sep_28_0907,59.9651007088,Exp13,001,009,
B,E,Stomach Ache,6,5,53,2,,,,,,,,,,,,,mango,kiwi,stomach ache,m,2.6370261855,,,,,,,,,,2017_Sep_28_0907,59.9651007088,Exp13,001,009,
F,I,Stomach Ache,6,6,54,5,,,,,,,,,,,,,banana,plum,stomach ache,m,0.654764558669,,,,,,,,,,2017_Sep_28_0907,59.9651007088,Exp13,001,009,
C,E,No Stomach Ache,6,7,55,3,,,,,,,,,,,,,strawberry,kiwi,no stomach ache,z,2.03653469335,,,,,,,,,,2017_Sep_28_0907,59.9651007088,Exp13,001,009,
H,J,No Stomach Ache,7,0,56,7,,,,,,,,,,,,,peach,orange,no stomach ache,z,2.63155551808,,,,,,,,,,2017_Sep_28_0907,59.9651007088,Exp13,001,009,
G,J,Stomach Ache,7,1,57,6,,,,,,,,,,,,,apple,orange,stomach ache,m,1.70301086189,,,,,,,,,,2017_Sep_28_0907,59.9651007088,Exp13,001,009,
F,I,Stomach Ache,7,2,58,5,,,,,,,,,,,,,banana,plum,stomach ache,m,4.19894863236,,,,,,,,,,2017_Sep_28_0907,59.9651007088,Exp13,001,009,
B,E,Stomach Ache,7,3,59,2,,,,,,,,,,,,,mango,kiwi,stomach ache,m,1.43820354089,,,,,,,,,,2017_Sep_28_0907,59.9651007088,Exp13,001,009,
A, ,Stomach Ache,7,4,60,0,,,,,,,,,,,,,cherry,,stomach ache,m,0.700495656754,,,,,,,,,,2017_Sep_28_0907,59.9651007088,Exp13,001,009,
A,D,Stomach Ache,7,5,61,1,,,,,,,,,,,,,cherry,pear,stomach ache,m,0.969487870359,,,,,,,,,,2017_Sep_28_0907,59.9651007088,Exp13,001,009,
C,E,No Stomach Ache,7,6,62,3,,,,,,,,,,,,,strawberry,kiwi,no stomach ache,z,4.31357647333,,,,,,,,,,2017_Sep_28_0907,59.9651007088,Exp13,001,009,
F, ,Stomach Ache,7,7,63,4,,,,,,,,,,,,,banana,,stomach ache,m,1.20019416109,,,,,,,,,,2017_Sep_28_0907,59.9651007088,Exp13,001,009,
H,J,No Stomach Ache,8,0,64,7,,,,,,,,,,,,,peach,orange,no stomach ache,z,2.69901565083,,,,,,,,,,2017_Sep_28_0907,59.9651007088,Exp13,001,009,
C,E,No Stomach Ache,8,1,65,3,,,,,,,,,,,,,strawberry,kiwi,no stomach ache,z,4.08647518164,,,,,,,,,,2017_Sep_28_0907,59.9651007088,Exp13,001,009,
A,D,Stomach Ache,8,2,66,1,,,,,,,,,,,,,cherry,pear,stomach ache,m,2.21626564654,,,,,,,,,,2017_Sep_28_0907,59.9651007088,Exp13,001,009,
B,E,Stomach Ache,8,3,67,2,,,,,,,,,,,,,mango,kiwi,stomach ache,m,2.24704969971,,,,,,,,,,2017_Sep_28_0907,59.9651007088,Exp13,001,009,
G,J,Stomach Ache,8,4,68,6,,,,,,,,,,,,,apple,orange,stomach ache,m,1.61699168586,,,,,,,,,,2017_Sep_28_0907,59.9651007088,Exp13,001,009,
A, ,Stomach Ache,8,5,69,0,,,,,,,,,,,,,cherry,,stomach ache,m,0.76515396226,,,,,,,,,,2017_Sep_28_0907,59.9651007088,Exp13,001,009,
F, ,Stomach Ache,8,6,70,4,,,,,,,,,,,,,banana,,stomach ache,m,0.586026700301,,,,,,,,,,2017_Sep_28_0907,59.9651007088,Exp13,001,009,
F,I,Stomach Ache,8,7,71,5,,,,,,,,,,,,,banana,plum,stomach ache,m,0.952824942491,,,,,,,,,,2017_Sep_28_0907,59.9651007088,Exp13,001,009,
A,D,Stomach Ache,9,0,72,1,,,,,,,,,,,,,cherry,pear,stomach ache,m,1.25004330828,,,,,,,,,,2017_Sep_28_0907,59.9651007088,Exp13,001,009,
G,J,Stomach Ache,9,1,73,6,,,,,,,,,,,,,apple,orange,stomach ache,m,3.34879739457,,,,,,,,,,2017_Sep_28_0907,59.9651007088,Exp13,001,009,
F,I,Stomach Ache,9,2,74,5,,,,,,,,,,,,,banana,plum,stomach ache,m,0.716272470876,,,,,,,,,,2017_Sep_28_0907,59.9651007088,Exp13,001,009,
H,J,No Stomach Ache,9,3,75,7,,,,,,,,,,,,,peach,orange,no stomach ache,z,3.3704221394,,,,,,,,,,2017_Sep_28_0907,59.9651007088,Exp13,001,009,
C,E,No Stomach Ache,9,4,76,3,,,,,,,,,,,,,strawberry,kiwi,no stomach ache,z,2.36496477068,,,,,,,,,,2017_Sep_28_0907,59.9651007088,Exp13,001,009,
A, ,Stomach Ache,9,5,77,0,,,,,,,,,,,,,cherry,,stomach ache,m,1.16919312906,,,,,,,,,,2017_Sep_28_0907,59.9651007088,Exp13,001,009,
B,E,Stomach Ache,9,6,78,2,,,,,,,,,,,,,mango,kiwi,stomach ache,m,5.0534677949,,,,,,,,,,2017_Sep_28_0907,59.9651007088,Exp13,001,009,
F, ,Stomach Ache,9,7,79,4,,,,,,,,,,,,,banana,,stomach ache,m,0.65026259693,,,,,,,,,,2017_Sep_28_0907,59.9651007088,Exp13,001,009,
F, ,Stomach Ache,10,0,80,4,,,,,,,,,,,,,banana,,stomach ache,m,0.755128138277,,,,,,,,,,2017_Sep_28_0907,59.9651007088,Exp13,001,009,
C,E,No Stomach Ache,10,1,81,3,,,,,,,,,,,,,strawberry,kiwi,no stomach ache,z,0.964815475221,,,,,,,,,,2017_Sep_28_0907,59.9651007088,Exp13,001,009,
H,J,No Stomach Ache,10,2,82,7,,,,,,,,,,,,,peach,orange,no stomach ache,z,3.29947879574,,,,,,,,,,2017_Sep_28_0907,59.9651007088,Exp13,001,009,
A,D,Stomach Ache,10,3,83,1,,,,,,,,,,,,,cherry,pear,stomach ache,m,0.936144166364,,,,,,,,,,2017_Sep_28_0907,59.9651007088,Exp13,001,009,
G,J,Stomach Ache,10,4,84,6,,,,,,,,,,,,,apple,orange,stomach ache,m,1.38424614363,,,,,,,,,,2017_Sep_28_0907,59.9651007088,Exp13,001,009,
A, ,Stomach Ache,10,5,85,0,,,,,,,,,,,,,cherry,,stomach ache,m,0.619347306536,,,,,,,,,,2017_Sep_28_0907,59.9651007088,Exp13,001,009,
F,I,Stomach Ache,10,6,86,5,,,,,,,,,,,,,banana,plum,stomach ache,m,0.821189107242,,,,,,,,,,2017_Sep_28_0907,59.9651007088,Exp13,001,009,
B,E,Stomach Ache,10,7,87,2,,,,,,,,,,,,,mango,kiwi,stomach ache,m,2.63253087312,,,,,,,,,,2017_Sep_28_0907,59.9651007088,Exp13,001,009,
G,J,Stomach Ache,11,0,88,6,,,,,,,,,,,,,apple,orange,stomach ache,m,3.58167312412,,,,,,,,,,2017_Sep_28_0907,59.9651007088,Exp13,001,009,
F,I,Stomach Ache,11,1,89,5,,,,,,,,,,,,,banana,plum,stomach ache,m,0.650155857336,,,,,,,,,,2017_Sep_28_0907,59.9651007088,Exp13,001,009,
A,D,Stomach Ache,11,2,90,1,,,,,,,,,,,,,cherry,pear,stomach ache,m,0.802595067362,,,,,,,,,,2017_Sep_28_0907,59.9651007088,Exp13,001,009,
C,E,No Stomach Ache,11,3,91,3,,,,,,,,,,,,,strawberry,kiwi,no stomach ache,z,1.00106739608,,,,,,,,,,2017_Sep_28_0907,59.9651007088,Exp13,001,009,
H,J,No Stomach Ache,11,4,92,7,,,,,,,,,,,,,peach,orange,no stomach ache,z,9.15084476526,,,,,,,,,,2017_Sep_28_0907,59.9651007088,Exp13,001,009,
F, ,Stomach Ache,11,5,93,4,,,,,,,,,,,,,banana,,stomach ache,m,0.536267144402,,,,,,,,,,2017_Sep_28_0907,59.9651007088,Exp13,001,009,
B,E,Stomach Ache,11,6,94,2,,,,,,,,,,,,,mango,kiwi,stomach ache,m,1.08255871291,,,,,,,,,,2017_Sep_28_0907,59.9651007088,Exp13,001,009,
A, ,Stomach Ache,11,7,95,0,,,,,,,,,,,,,cherry,,stomach ache,m,0.700553401126,,,,,,,,,,2017_Sep_28_0907,59.9651007088,Exp13,001,009,
D,C,Stomach Ache,,,,,0,0,0,0,,,,,,,,,pear,strawberry,no stomach ache,,,z,3.83330947731,,,,,,,,2017_Sep_28_0907,59.9651007088,Exp13,001,009,
D,C,Stomach Ache,,,,,1,0,1,0,,,,,,,,,pear,strawberry,stomach ache,,,m,1.66948972517,,,,,,,,2017_Sep_28_0907,59.9651007088,Exp13,001,009,
D,C,Stomach Ache,,,,,2,0,2,0,,,,,,,,,pear,strawberry,stomach ache,,,m,1.31749259209,,,,,,,,2017_Sep_28_0907,59.9651007088,Exp13,001,009,
D,C,Stomach Ache,,,,,3,0,3,0,,,,,,,,,pear,strawberry,stomach ache,,,m,0.836551211731,,,,,,,,2017_Sep_28_0907,59.9651007088,Exp13,001,009,
D,C,Stomach Ache,,,,,4,0,4,0,,,,,,,,,pear,strawberry,stomach ache,,,m,0.533504163381,,,,,,,,2017_Sep_28_0907,59.9651007088,Exp13,001,009,
D,C,Stomach Ache,,,,,5,0,5,0,,,,,,,,,pear,strawberry,stomach ache,,,m,0.505814158983,,,,,,,,2017_Sep_28_0907,59.9651007088,Exp13,001,009,
,,,,,,,,,,,,,,,,,,,,,,,,,,space,40.831350718,,,,,,2017_Sep_28_0907,59.9651007088,Exp13,001,009,
H, ,,,,,,,,,,0,0,0,7,,,,,peach,,,,,,,,,0,17.303,"[(None, 0.0), (u'0', 17.303)]",,,2017_Sep_28_0907,59.9651007088,Exp13,001,009,
F, ,,,,,,,,,,0,1,1,5,,,,,banana,,,,,,,,,10,4.259,"[(None, 0.0), (u'10', 4.259)]",,,2017_Sep_28_0907,59.9651007088,Exp13,001,009,
B, ,,,,,,,,,,0,2,2,1,,,,,mango,,,,,,,,,8,11.836,"[(None, 0.0), (u'8', 11.836)]",,,2017_Sep_28_0907,59.9651007088,Exp13,001,009,
C, ,,,,,,,,,,0,3,3,2,,,,,strawberry,,,,,,,,,0,3.787,"[(None, 0.0), (u'0', 3.787)]",,,2017_Sep_28_0907,59.9651007088,Exp13,001,009,
G, ,,,,,,,,,,0,4,4,6,,,,,apple,,,,,,,,,9,6.771,"[(None, 0.0), (u'9', 6.771)]",,,2017_Sep_28_0907,59.9651007088,Exp13,001,009,
E, ,,,,,,,,,,0,5,5,4,,,,,kiwi,,,,,,,,,0,4.255,"[(None, 0.0), (u'0', 4.255)]",,,2017_Sep_28_0907,59.9651007088,Exp13,001,009,
A, ,,,,,,,,,,0,6,6,0,,,,,cherry,,,,,,,,,10,2.338,"[(None, 0.0), (u'10', 2.338)]",,,2017_Sep_28_0907,59.9651007088,Exp13,001,009,
D, ,,,,,,,,,,0,7,7,3,,,,,pear,,,,,,,,,7,5.905,"[(None, 0.0), (u'7', 5.905)]",,,2017_Sep_28_0907,59.9651007088,Exp13,001,009,
I, ,,,,,,,,,,0,8,8,8,,,,,plum,,,,,,,,,6,8.769,"[(None, 0.0), (u'6', 8.769)]",,,2017_Sep_28_0907,59.9651007088,Exp13,001,009,
I,C,,,,,,,,,,0,9,9,10,,,,,plum,strawberry,,,,,,,,6,6.07,"[(None, 0.0), (u'6', 6.07)]",,,2017_Sep_28_0907,59.9651007088,Exp13,001,009,
J, ,,,,,,,,,,0,10,10,9,,,,,orange,,,,,,,,,0,2.47,"[(None, 0.0), (u'0', 2.47)]",,,2017_Sep_28_0907,59.9651007088,Exp13,001,009,
D,H,,,,,,,,,,0,11,11,11,,,,,pear,peach,,,,,,,,8,2.603,"[(None, 0.0), (u'8', 2.603)]",,,2017_Sep_28_0907,59.9651007088,Exp13,001,009,
J, ,,,,,,,,,,1,0,12,9,,,,,orange,,,,,,,,,0,5.739,"[(None, 0.0), (u'0', 5.739)]",,,2017_Sep_28_0907,59.9651007088,Exp13,001,009,
A, ,,,,,,,,,,1,1,13,0,,,,,cherry,,,,,,,,,10,2.238,"[(None, 0.0), (u'10', 2.238)]",,,2017_Sep_28_0907,59.9651007088,Exp13,001,009,
D,H,,,,,,,,,,1,2,14,11,,,,,pear,peach,,,,,,,,7,3.506,"[(None, 0.0), (u'7', 3.506)]",,,2017_Sep_28_0907,59.9651007088,Exp13,001,009,
B, ,,,,,,,,,,1,3,15,1,,,,,mango,,,,,,,,,8,6.271,"[(None, 0.0), (u'8', 6.271)]",,,2017_Sep_28_0907,59.9651007088,Exp13,001,009,
G, ,,,,,,,,,,1,4,16,6,,,,,apple,,,,,,,,,8,2.625,"[(None, 0.0), (u'8', 2.625)]",,,2017_Sep_28_0907,59.9651007088,Exp13,001,009,
C, ,,,,,,,,,,1,5,17,2,,,,,strawberry,,,,,,,,,0,2.271,"[(None, 0.0), (u'0', 2.271)]",,,2017_Sep_28_0907,59.9651007088,Exp13,001,009,
E, ,,,,,,,,,,1,6,18,4,,,,,kiwi,,,,,,,,,0,1.286,"[(None, 0.0), (u'0', 1.286)]",,,2017_Sep_28_0907,59.9651007088,Exp13,001,009,
I,C,,,,,,,,,,1,7,19,10,,,,,plum,strawberry,,,,,,,,8,8.435,"[(None, 0.0), (u'8', 8.435)]",,,2017_Sep_28_0907,59.9651007088,Exp13,001,009,
H, ,,,,,,,,,,1,8,20,7,,,,,peach,,,,,,,,,0,6.003,"[(None, 0.0), (u'0', 6.003)]",,,2017_Sep_28_0907,59.9651007088,Exp13,001,009,
F, ,,,,,,,,,,1,9,21,5,,,,,banana,,,,,,,,,10,1.27,"[(None, 0.0), (u'10', 1.27)]",,,2017_Sep_28_0907,59.9651007088,Exp13,001,009,
I, ,,,,,,,,,,1,10,22,8,,,,,plum,,,,,,,,,8,4.204,"[(None, 0.0), (u'8', 4.204)]",,,2017_Sep_28_0907,59.9651007088,Exp13,001,009,
D, ,,,,,,,,,,1,11,23,3,,,,,pear,,,,,,,,,7,2.443,"[(None, 0.0), (u'7', 2.443)]",,,2017_Sep_28_0907,59.9651007088,Exp13,001,009,
,,,,,,,,,,,,,,,,,,,,,,,,,,,,,,,space,4.63024314583,2017_Sep_28_0907,59.9651007088,Exp13,001,009,
