stim1,stim2,outcome,train_trials.thisRepN,train_trials.thisTrialN,train_trials.thisN,train_trials.thisIndex,train_trials2.thisRepN,train_trials2.thisTrialN,train_trials2.thisN,train_trials2.thisIndex,test_trials.thisRepN,test_trials.thisTrialN,test_trials.thisN,test_trials.thisIndex,start_exp.keys,start_exp.rt,start_exp2.keys,start_exp2.rt,stim.A,stim.B,pressed,key_ans.keys,key_ans.rt,key_answ.keys,key_answ.rt,start.keys,start.rt,rating.response,rating.rt,rating.history,exit_exp.keys,exit_exp.rt,date,frameRate,expName,session,participant,
,,,,,,,,,,,,,,,space,495.578523468,,,,,,,,,,,,,,,,,2017_Sep_28_1021,59.9869841185,Exp13,001,010,
,,,,,,,,,,,,,,,,,space,11.7342275881,,,,,,,,,,,,,,,2017_Sep_28_1021,59.9869841185,Exp13,001,010,
G,J,Stomach Ache,0,0,0,6,,,,,,,,,,,,,orange,strawberry,no stomach ache,z,9.50087316347,,,,,,,,,,2017_Sep_28_1021,59.9869841185,Exp13,001,010,
C,E,No Stomach Ache,0,1,1,3,,,,,,,,,,,,,apple,kiwi,stomach ache,m,6.20065891471,,,,,,,,,,2017_Sep_28_1021,59.9869841185,Exp13,001,010,
B,E,Stomach Ache,0,2,2,2,,,,,,,,,,,,,mango,kiwi,no stomach ache,z,6.03400787982,,,,,,,,,,2017_Sep_28_1021,59.9869841185,Exp13,001,010,
F, ,Stomach Ache,0,3,3,4,,,,,,,,,,,,,pear,,no stomach ache,z,8.21742820287,,,,,,,,,,2017_Sep_28_1021,59.9869841185,Exp13,001,010,
H,J,No Stomach Ache,0,4,4,7,,,,,,,,,,,,,plum,strawberry,stomach ache,m,4.0838667388,,,,,,,,,,2017_Sep_28_1021,59.9869841185,Exp13,001,010,
F,I,Stomach Ache,0,5,5,5,,,,,,,,,,,,,pear,banana,stomach ache,m,4.83393025752,,,,,,,,,,2017_Sep_28_1021,59.9869841185,Exp13,001,010,
A, ,Stomach Ache,0,6,6,0,,,,,,,,,,,,,peach,,no stomach ache,z,4.76719432104,,,,,,,,,,2017_Sep_28_1021,59.9869841185,Exp13,001,010,
A,D,Stomach Ache,0,7,7,1,,,,,,,,,,,,,peach,cherry,stomach ache,m,4.51716019942,,,,,,,,,,2017_Sep_28_1021,59.9869841185,Exp13,001,010,
H,J,No Stomach Ache,1,0,8,7,,,,,,,,,,,,,plum,strawberry,no stomach ache,z,5.25074735093,,,,,,,,,,2017_Sep_28_1021,59.9869841185,Exp13,001,010,
F,I,Stomach Ache,1,1,9,5,,,,,,,,,,,,,pear,banana,stomach ache,m,3.35050216524,,,,,,,,,,2017_Sep_28_1021,59.9869841185,Exp13,001,010,
A,D,Stomach Ache,1,2,10,1,,,,,,,,,,,,,peach,cherry,no stomach ache,z,4.68370694465,,,,,,,,,,2017_Sep_28_1021,59.9869841185,Exp13,001,010,
F, ,Stomach Ache,1,3,11,4,,,,,,,,,,,,,pear,,stomach ache,m,3.51715355008,,,,,,,,,,2017_Sep_28_1021,59.9869841185,Exp13,001,010,
A, ,Stomach Ache,1,4,12,0,,,,,,,,,,,,,peach,,stomach ache,m,3.75048242719,,,,,,,,,,2017_Sep_28_1021,59.9869841185,Exp13,001,010,
C,E,No Stomach Ache,1,5,13,3,,,,,,,,,,,,,apple,kiwi,stomach ache,m,3.85053716176,,,,,,,,,,2017_Sep_28_1021,59.9869841185,Exp13,001,010,
G,J,Stomach Ache,1,6,14,6,,,,,,,,,,,,,orange,strawberry,stomach ache,m,6.73413029769,,,,,,,,,,2017_Sep_28_1021,59.9869841185,Exp13,001,010,
B,E,Stomach Ache,1,7,15,2,,,,,,,,,,,,,mango,kiwi,stomach ache,m,2.95034622068,,,,,,,,,,2017_Sep_28_1021,59.9869841185,Exp13,001,010,
A, ,Stomach Ache,2,0,16,0,,,,,,,,,,,,,peach,,stomach ache,m,4.00050954951,,,,,,,,,,2017_Sep_28_1021,59.9869841185,Exp13,001,010,
F, ,Stomach Ache,2,1,17,4,,,,,,,,,,,,,pear,,stomach ache,m,2.30026394385,,,,,,,,,,2017_Sep_28_1021,59.9869841185,Exp13,001,010,
A,D,Stomach Ache,2,2,18,1,,,,,,,,,,,,,peach,cherry,stomach ache,m,1.90046251417,,,,,,,,,,2017_Sep_28_1021,59.9869841185,Exp13,001,010,
F,I,Stomach Ache,2,3,19,5,,,,,,,,,,,,,pear,banana,stomach ache,m,1.41709356602,,,,,,,,,,2017_Sep_28_1021,59.9869841185,Exp13,001,010,
H,J,No Stomach Ache,2,4,20,7,,,,,,,,,,,,,plum,strawberry,stomach ache,m,3.58389088641,,,,,,,,,,2017_Sep_28_1021,59.9869841185,Exp13,001,010,
C,E,No Stomach Ache,2,5,21,3,,,,,,,,,,,,,apple,kiwi,stomach ache,m,4.36724765575,,,,,,,,,,2017_Sep_28_1021,59.9869841185,Exp13,001,010,
B,E,Stomach Ache,2,6,22,2,,,,,,,,,,,,,mango,kiwi,stomach ache,m,4.71724202132,,,,,,,,,,2017_Sep_28_1021,59.9869841185,Exp13,001,010,
G,J,Stomach Ache,2,7,23,6,,,,,,,,,,,,,orange,strawberry,no stomach ache,z,3.13385613485,,,,,,,,,,2017_Sep_28_1021,59.9869841185,Exp13,001,010,
F,I,Stomach Ache,3,0,24,5,,,,,,,,,,,,,pear,banana,stomach ache,m,3.88389095639,,,,,,,,,,2017_Sep_28_1021,59.9869841185,Exp13,001,010,
A, ,Stomach Ache,3,1,25,0,,,,,,,,,,,,,peach,,stomach ache,m,1.86680529959,,,,,,,,,,2017_Sep_28_1021,59.9869841185,Exp13,001,010,
F, ,Stomach Ache,3,2,26,4,,,,,,,,,,,,,pear,,stomach ache,m,1.417033372,,,,,,,,,,2017_Sep_28_1021,59.9869841185,Exp13,001,010,
C,E,No Stomach Ache,3,3,27,3,,,,,,,,,,,,,apple,kiwi,no stomach ache,z,2.96720195029,,,,,,,,,,2017_Sep_28_1021,59.9869841185,Exp13,001,010,
A,D,Stomach Ache,3,4,28,1,,,,,,,,,,,,,peach,cherry,stomach ache,m,2.46706441393,,,,,,,,,,2017_Sep_28_1021,59.9869841185,Exp13,001,010,
H,J,No Stomach Ache,3,5,29,7,,,,,,,,,,,,,plum,strawberry,no stomach ache,z,2.6838353819,,,,,,,,,,2017_Sep_28_1021,59.9869841185,Exp13,001,010,
G,J,Stomach Ache,3,6,30,6,,,,,,,,,,,,,orange,strawberry,no stomach ache,z,3.86686584359,,,,,,,,,,2017_Sep_28_1021,59.9869841185,Exp13,001,010,
B,E,Stomach Ache,3,7,31,2,,,,,,,,,,,,,mango,kiwi,stomach ache,m,5.06717479297,,,,,,,,,,2017_Sep_28_1021,59.9869841185,Exp13,001,010,
A,D,Stomach Ache,4,0,32,1,,,,,,,,,,,,,peach,cherry,stomach ache,m,1.51693587165,,,,,,,,,,2017_Sep_28_1021,59.9869841185,Exp13,001,010,
F,I,Stomach Ache,4,1,33,5,,,,,,,,,,,,,pear,banana,stomach ache,m,0.900272133033,,,,,,,,,,2017_Sep_28_1021,59.9869841185,Exp13,001,010,
H,J,No Stomach Ache,4,2,34,7,,,,,,,,,,,,,plum,strawberry,no stomach ache,z,1.93368787154,,,,,,,,,,2017_Sep_28_1021,59.9869841185,Exp13,001,010,
A, ,Stomach Ache,4,3,35,0,,,,,,,,,,,,,peach,,stomach ache,m,0.8671825622,,,,,,,,,,2017_Sep_28_1021,59.9869841185,Exp13,001,010,
B,E,Stomach Ache,4,4,36,2,,,,,,,,,,,,,mango,kiwi,no stomach ache,z,4.31723901161,,,,,,,,,,2017_Sep_28_1021,59.9869841185,Exp13,001,010,
F, ,Stomach Ache,4,5,37,4,,,,,,,,,,,,,pear,,stomach ache,m,1.46701891843,,,,,,,,,,2017_Sep_28_1021,59.9869841185,Exp13,001,010,
G,J,Stomach Ache,4,6,38,6,,,,,,,,,,,,,orange,strawberry,stomach ache,m,2.65036504882,,,,,,,,,,2017_Sep_28_1021,59.9869841185,Exp13,001,010,
C,E,No Stomach Ache,4,7,39,3,,,,,,,,,,,,,apple,kiwi,stomach ache,m,4.21722207329,,,,,,,,,,2017_Sep_28_1021,59.9869841185,Exp13,001,010,
H,J,No Stomach Ache,5,0,40,7,,,,,,,,,,,,,plum,strawberry,no stomach ache,z,2.25032844245,,,,,,,,,,2017_Sep_28_1021,59.9869841185,Exp13,001,010,
G,J,Stomach Ache,5,1,41,6,,,,,,,,,,,,,orange,strawberry,stomach ache,m,2.30053096739,,,,,,,,,,2017_Sep_28_1021,59.9869841185,Exp13,001,010,
A,D,Stomach Ache,5,2,42,1,,,,,,,,,,,,,peach,cherry,stomach ache,m,1.1668568145,,,,,,,,,,2017_Sep_28_1021,59.9869841185,Exp13,001,010,
A, ,Stomach Ache,5,3,43,0,,,,,,,,,,,,,peach,,stomach ache,m,1.01707445792,,,,,,,,,,2017_Sep_28_1021,59.9869841185,Exp13,001,010,
F,I,Stomach Ache,5,4,44,5,,,,,,,,,,,,,pear,banana,stomach ache,m,1.30031993829,,,,,,,,,,2017_Sep_28_1021,59.9869841185,Exp13,001,010,
F, ,Stomach Ache,5,5,45,4,,,,,,,,,,,,,pear,,stomach ache,m,0.667273623185,,,,,,,,,,2017_Sep_28_1021,59.9869841185,Exp13,001,010,
C,E,No Stomach Ache,5,6,46,3,,,,,,,,,,,,,apple,kiwi,stomach ache,m,2.38380136529,,,,,,,,,,2017_Sep_28_1021,59.9869841185,Exp13,001,010,
B,E,Stomach Ache,5,7,47,2,,,,,,,,,,,,,mango,kiwi,stomach ache,m,5.28399475613,,,,,,,,,,2017_Sep_28_1021,59.9869841185,Exp13,001,010,
A, ,Stomach Ache,6,0,48,0,,,,,,,,,,,,,peach,,stomach ache,m,0.700301600111,,,,,,,,,,2017_Sep_28_1021,59.9869841185,Exp13,001,010,
B,E,Stomach Ache,6,1,49,2,,,,,,,,,,,,,mango,kiwi,stomach ache,m,1.83377872252,,,,,,,,,,2017_Sep_28_1021,59.9869841185,Exp13,001,010,
F, ,Stomach Ache,6,2,50,4,,,,,,,,,,,,,pear,,stomach ache,m,0.550302615011,,,,,,,,,,2017_Sep_28_1021,59.9869841185,Exp13,001,010,
F,I,Stomach Ache,6,3,51,5,,,,,,,,,,,,,pear,banana,stomach ache,m,0.700142715854,,,,,,,,,,2017_Sep_28_1021,59.9869841185,Exp13,001,010,
C,E,No Stomach Ache,6,4,52,3,,,,,,,,,,,,,apple,kiwi,no stomach ache,z,2.56726753378,,,,,,,,,,2017_Sep_28_1021,59.9869841185,Exp13,001,010,
G,J,Stomach Ache,6,5,53,6,,,,,,,,,,,,,orange,strawberry,stomach ache,m,3.00049345109,,,,,,,,,,2017_Sep_28_1021,59.9869841185,Exp13,001,010,
A,D,Stomach Ache,6,6,54,1,,,,,,,,,,,,,peach,cherry,stomach ache,m,1.70028900135,,,,,,,,,,2017_Sep_28_1021,59.9869841185,Exp13,001,010,
H,J,No Stomach Ache,6,7,55,7,,,,,,,,,,,,,plum,strawberry,no stomach ache,z,1.13378999142,,,,,,,,,,2017_Sep_28_1021,59.9869841185,Exp13,001,010,
H,J,No Stomach Ache,7,0,56,7,,,,,,,,,,,,,plum,strawberry,no stomach ache,z,0.883602235015,,,,,,,,,,2017_Sep_28_1021,59.9869841185,Exp13,001,010,
A, ,Stomach Ache,7,1,57,0,,,,,,,,,,,,,peach,,stomach ache,m,0.850447920602,,,,,,,,,,2017_Sep_28_1021,59.9869841185,Exp13,001,010,
A,D,Stomach Ache,7,2,58,1,,,,,,,,,,,,,peach,cherry,stomach ache,m,1.31697758753,,,,,,,,,,2017_Sep_28_1021,59.9869841185,Exp13,001,010,
F, ,Stomach Ache,7,3,59,4,,,,,,,,,,,,,pear,,stomach ache,m,0.650157869357,,,,,,,,,,2017_Sep_28_1021,59.9869841185,Exp13,001,010,
F,I,Stomach Ache,7,4,60,5,,,,,,,,,,,,,pear,banana,stomach ache,m,0.583723602991,,,,,,,,,,2017_Sep_28_1021,59.9869841185,Exp13,001,010,
G,J,Stomach Ache,7,5,61,6,,,,,,,,,,,,,orange,strawberry,stomach ache,m,2.51702196313,,,,,,,,,,2017_Sep_28_1021,59.9869841185,Exp13,001,010,
B,E,Stomach Ache,7,6,62,2,,,,,,,,,,,,,mango,kiwi,stomach ache,m,2.00036956338,,,,,,,,,,2017_Sep_28_1021,59.9869841185,Exp13,001,010,
C,E,No Stomach Ache,7,7,63,3,,,,,,,,,,,,,apple,kiwi,no stomach ache,z,1.66724422609,,,,,,,,,,2017_Sep_28_1021,59.9869841185,Exp13,001,010,
F, ,Stomach Ache,8,0,64,4,,,,,,,,,,,,,pear,,stomach ache,m,2.43387300317,,,,,,,,,,2017_Sep_28_1021,59.9869841185,Exp13,001,010,
C,E,No Stomach Ache,8,1,65,3,,,,,,,,,,,,,apple,kiwi,no stomach ache,z,1.48402373324,,,,,,,,,,2017_Sep_28_1021,59.9869841185,Exp13,001,010,
B,E,Stomach Ache,8,2,66,2,,,,,,,,,,,,,mango,kiwi,stomach ache,m,1.30033288701,,,,,,,,,,2017_Sep_28_1021,59.9869841185,Exp13,001,010,
A,D,Stomach Ache,8,3,67,1,,,,,,,,,,,,,peach,cherry,stomach ache,m,1.48376160923,,,,,,,,,,2017_Sep_28_1021,59.9869841185,Exp13,001,010,
F,I,Stomach Ache,8,4,68,5,,,,,,,,,,,,,pear,banana,stomach ache,m,1.08372780257,,,,,,,,,,2017_Sep_28_1021,59.9869841185,Exp13,001,010,
H,J,No Stomach Ache,8,5,69,7,,,,,,,,,,,,,plum,strawberry,no stomach ache,z,3.46699827048,,,,,,,,,,2017_Sep_28_1021,59.9869841185,Exp13,001,010,
G,J,Stomach Ache,8,6,70,6,,,,,,,,,,,,,orange,strawberry,stomach ache,m,0.967069313425,,,,,,,,,,2017_Sep_28_1021,59.9869841185,Exp13,001,010,
A, ,Stomach Ache,8,7,71,0,,,,,,,,,,,,,peach,,stomach ache,m,0.716998095493,,,,,,,,,,2017_Sep_28_1021,59.9869841185,Exp13,001,010,
A,D,Stomach Ache,9,0,72,1,,,,,,,,,,,,,peach,cherry,stomach ache,m,1.53369991033,,,,,,,,,,2017_Sep_28_1021,59.9869841185,Exp13,001,010,
F,I,Stomach Ache,9,1,73,5,,,,,,,,,,,,,pear,banana,stomach ache,m,0.717013493966,,,,,,,,,,2017_Sep_28_1021,59.9869841185,Exp13,001,010,
G,J,Stomach Ache,9,2,74,6,,,,,,,,,,,,,orange,strawberry,stomach ache,m,1.30043157723,,,,,,,,,,2017_Sep_28_1021,59.9869841185,Exp13,001,010,
F, ,Stomach Ache,9,3,75,4,,,,,,,,,,,,,pear,,stomach ache,m,0.61702700262,,,,,,,,,,2017_Sep_28_1021,59.9869841185,Exp13,001,010,
B,E,Stomach Ache,9,4,76,2,,,,,,,,,,,,,mango,kiwi,stomach ache,m,1.05034601071,,,,,,,,,,2017_Sep_28_1021,59.9869841185,Exp13,001,010,
H,J,No Stomach Ache,9,5,77,7,,,,,,,,,,,,,plum,strawberry,no stomach ache,z,1.35041992339,,,,,,,,,,2017_Sep_28_1021,59.9869841185,Exp13,001,010,
C,E,No Stomach Ache,9,6,78,3,,,,,,,,,,,,,apple,kiwi,no stomach ache,z,1.8002401462,,,,,,,,,,2017_Sep_28_1021,59.9869841185,Exp13,001,010,
A, ,Stomach Ache,9,7,79,0,,,,,,,,,,,,,peach,,stomach ache,m,0.683710794256,,,,,,,,,,2017_Sep_28_1021,59.9869841185,Exp13,001,010,
A, ,Stomach Ache,10,0,80,0,,,,,,,,,,,,,peach,,stomach ache,m,0.650182016951,,,,,,,,,,2017_Sep_28_1021,59.9869841185,Exp13,001,010,
C,E,No Stomach Ache,10,1,81,3,,,,,,,,,,,,,apple,kiwi,no stomach ache,z,1.30039798055,,,,,,,,,,2017_Sep_28_1021,59.9869841185,Exp13,001,010,
F,I,Stomach Ache,10,2,82,5,,,,,,,,,,,,,pear,banana,stomach ache,m,0.550357909524,,,,,,,,,,2017_Sep_28_1021,59.9869841185,Exp13,001,010,
F, ,Stomach Ache,10,3,83,4,,,,,,,,,,,,,pear,,stomach ache,m,0.600317208562,,,,,,,,,,2017_Sep_28_1021,59.9869841185,Exp13,001,010,
G,J,Stomach Ache,10,4,84,6,,,,,,,,,,,,,orange,strawberry,stomach ache,m,1.03372405795,,,,,,,,,,2017_Sep_28_1021,59.9869841185,Exp13,001,010,
A,D,Stomach Ache,10,5,85,1,,,,,,,,,,,,,peach,cherry,stomach ache,m,0.900371173222,,,,,,,,,,2017_Sep_28_1021,59.9869841185,Exp13,001,010,
B,E,Stomach Ache,10,6,86,2,,,,,,,,,,,,,mango,kiwi,stomach ache,m,1.66706959342,,,,,,,,,,2017_Sep_28_1021,59.9869841185,Exp13,001,010,
H,J,No Stomach Ache,10,7,87,7,,,,,,,,,,,,,plum,strawberry,no stomach ache,z,1.31703638169,,,,,,,,,,2017_Sep_28_1021,59.9869841185,Exp13,001,010,
B,E,Stomach Ache,11,0,88,2,,,,,,,,,,,,,mango,kiwi,stomach ache,m,1.15025655957,,,,,,,,,,2017_Sep_28_1021,59.9869841185,Exp13,001,010,
G,J,Stomach Ache,11,1,89,6,,,,,,,,,,,,,orange,strawberry,stomach ache,m,1.96707631275,,,,,,,,,,2017_Sep_28_1021,59.9869841185,Exp13,001,010,
A,D,Stomach Ache,11,2,90,1,,,,,,,,,,,,,peach,cherry,stomach ache,m,0.850406274738,,,,,,,,,,2017_Sep_28_1021,59.9869841185,Exp13,001,010,
F,I,Stomach Ache,11,3,91,5,,,,,,,,,,,,,pear,banana,stomach ache,m,1.43375576481,,,,,,,,,,2017_Sep_28_1021,59.9869841185,Exp13,001,010,
C,E,No Stomach Ache,11,4,92,3,,,,,,,,,,,,,apple,kiwi,no stomach ache,z,1.75037393795,,,,,,,,,,2017_Sep_28_1021,59.9869841185,Exp13,001,010,
A, ,Stomach Ache,11,5,93,0,,,,,,,,,,,,,peach,,stomach ache,m,0.95039276607,,,,,,,,,,2017_Sep_28_1021,59.9869841185,Exp13,001,010,
F, ,Stomach Ache,11,6,94,4,,,,,,,,,,,,,pear,,stomach ache,m,0.80017225293,,,,,,,,,,2017_Sep_28_1021,59.9869841185,Exp13,001,010,
H,J,No Stomach Ache,11,7,95,7,,,,,,,,,,,,,plum,strawberry,no stomach ache,z,1.11709419597,,,,,,,,,,2017_Sep_28_1021,59.9869841185,Exp13,001,010,
D,C,Stomach Ache,,,,,0,0,0,0,,,,,,,,,cherry,apple,no stomach ache,,,z,4.58372010333,,,,,,,,2017_Sep_28_1021,59.9869841185,Exp13,001,010,
D,C,Stomach Ache,,,,,1,0,1,0,,,,,,,,,cherry,apple,stomach ache,,,m,3.8170776776,,,,,,,,2017_Sep_28_1021,59.9869841185,Exp13,001,010,
D,C,Stomach Ache,,,,,2,0,2,0,,,,,,,,,cherry,apple,stomach ache,,,m,1.28366473882,,,,,,,,2017_Sep_28_1021,59.9869841185,Exp13,001,010,
D,C,Stomach Ache,,,,,3,0,3,0,,,,,,,,,cherry,apple,stomach ache,,,m,0.900325677721,,,,,,,,2017_Sep_28_1021,59.9869841185,Exp13,001,010,
D,C,Stomach Ache,,,,,4,0,4,0,,,,,,,,,cherry,apple,stomach ache,,,m,1.06705615473,,,,,,,,2017_Sep_28_1021,59.9869841185,Exp13,001,010,
D,C,Stomach Ache,,,,,5,0,5,0,,,,,,,,,cherry,apple,stomach ache,,,m,0.883691826137,,,,,,,,2017_Sep_28_1021,59.9869841185,Exp13,001,010,
,,,,,,,,,,,,,,,,,,,,,,,,,,space,17.2012923519,,,,,,2017_Sep_28_1021,59.9869841185,Exp13,001,010,
D, ,,,,,,,,,,0,0,0,3,,,,,cherry,,,,,,,,,2,12.32,"[(None, 0.0), (u'2', 12.32)]",,,2017_Sep_28_1021,59.9869841185,Exp13,001,010,
C, ,,,,,,,,,,0,1,1,2,,,,,apple,,,,,,,,,7,11.904,"[(None, 0.0), (u'7', 11.904)]",,,2017_Sep_28_1021,59.9869841185,Exp13,001,010,
I,C,,,,,,,,,,0,2,2,10,,,,,banana,apple,,,,,,,,6,8.67,"[(None, 0.0), (u'6', 8.67)]",,,2017_Sep_28_1021,59.9869841185,Exp13,001,010,
D,H,,,,,,,,,,0,3,3,11,,,,,cherry,plum,,,,,,,,1,3.17,"[(None, 0.0), (u'1', 3.17)]",,,2017_Sep_28_1021,59.9869841185,Exp13,001,010,
J, ,,,,,,,,,,0,4,4,9,,,,,strawberry,,,,,,,,,0,6.287,"[(None, 0.0), (u'0', 6.287)]",,,2017_Sep_28_1021,59.9869841185,Exp13,001,010,
F, ,,,,,,,,,,0,5,5,5,,,,,pear,,,,,,,,,9,2.203,"[(None, 0.0), (u'9', 2.203)]",,,2017_Sep_28_1021,59.9869841185,Exp13,001,010,
B, ,,,,,,,,,,0,6,6,1,,,,,mango,,,,,,,,,8,2.103,"[(None, 0.0), (u'8', 2.103)]",,,2017_Sep_28_1021,59.9869841185,Exp13,001,010,
A, ,,,,,,,,,,0,7,7,0,,,,,peach,,,,,,,,,9,4.036,"[(None, 0.0), (u'9', 4.036)]",,,2017_Sep_28_1021,59.9869841185,Exp13,001,010,
G, ,,,,,,,,,,0,8,8,6,,,,,orange,,,,,,,,,9,1.17,"[(None, 0.0), (u'9', 1.17)]",,,2017_Sep_28_1021,59.9869841185,Exp13,001,010,
I, ,,,,,,,,,,0,9,9,8,,,,,banana,,,,,,,,,9,0.937,"[(None, 0.0), (u'9', 0.937)]",,,2017_Sep_28_1021,59.9869841185,Exp13,001,010,
E, ,,,,,,,,,,0,10,10,4,,,,,kiwi,,,,,,,,,1,1.719,"[(None, 0.0), (u'1', 1.719)]",,,2017_Sep_28_1021,59.9869841185,Exp13,001,010,
H, ,,,,,,,,,,0,11,11,7,,,,,plum,,,,,,,,,1,1.036,"[(None, 0.0), (u'1', 1.036)]",,,2017_Sep_28_1021,59.9869841185,Exp13,001,010,
I, ,,,,,,,,,,1,0,12,8,,,,,banana,,,,,,,,,8,3.27,"[(None, 0.0), (u'8', 3.27)]",,,2017_Sep_28_1021,59.9869841185,Exp13,001,010,
C, ,,,,,,,,,,1,1,13,2,,,,,apple,,,,,,,,,4,4.387,"[(None, 0.0), (u'4', 4.387)]",,,2017_Sep_28_1021,59.9869841185,Exp13,001,010,
F, ,,,,,,,,,,1,2,14,5,,,,,pear,,,,,,,,,8,3.07,"[(None, 0.0), (u'8', 3.07)]",,,2017_Sep_28_1021,59.9869841185,Exp13,001,010,
A, ,,,,,,,,,,1,3,15,0,,,,,peach,,,,,,,,,8,1.937,"[(None, 0.0), (u'8', 1.937)]",,,2017_Sep_28_1021,59.9869841185,Exp13,001,010,
J, ,,,,,,,,,,1,4,16,9,,,,,strawberry,,,,,,,,,2,5.103,"[(None, 0.0), (u'2', 5.103)]",,,2017_Sep_28_1021,59.9869841185,Exp13,001,010,
I,C,,,,,,,,,,1,5,17,10,,,,,banana,apple,,,,,,,,8,10.12,"[(None, 0.0), (u'8', 10.12)]",,,2017_Sep_28_1021,59.9869841185,Exp13,001,010,
E, ,,,,,,,,,,1,6,18,4,,,,,kiwi,,,,,,,,,1,1.836,"[(None, 0.0), (u'1', 1.836)]",,,2017_Sep_28_1021,59.9869841185,Exp13,001,010,
H, ,,,,,,,,,,1,7,19,7,,,,,plum,,,,,,,,,1,0.753,"[(None, 0.0), (u'1', 0.753)]",,,2017_Sep_28_1021,59.9869841185,Exp13,001,010,
B, ,,,,,,,,,,1,8,20,1,,,,,mango,,,,,,,,,8,2.453,"[(None, 0.0), (u'8', 2.453)]",,,2017_Sep_28_1021,59.9869841185,Exp13,001,010,
D,H,,,,,,,,,,1,9,21,11,,,,,cherry,plum,,,,,,,,1,2.17,"[(None, 0.0), (u'1', 2.17)]",,,2017_Sep_28_1021,59.9869841185,Exp13,001,010,
G, ,,,,,,,,,,1,10,22,6,,,,,orange,,,,,,,,,8,1.353,"[(None, 0.0), (u'8', 1.353)]",,,2017_Sep_28_1021,59.9869841185,Exp13,001,010,
D, ,,,,,,,,,,1,11,23,3,,,,,cherry,,,,,,,,,1,4.32,"[(None, 0.0), (u'1', 4.32)]",,,2017_Sep_28_1021,59.9869841185,Exp13,001,010,
,,,,,,,,,,,,,,,,,,,,,,,,,,,,,,,space,3.35089377643,2017_Sep_28_1021,59.9869841185,Exp13,001,010,
