stim1,stim2,outcome,train_trials.thisRepN,train_trials.thisTrialN,train_trials.thisN,train_trials.thisIndex,train_trials2.thisRepN,train_trials2.thisTrialN,train_trials2.thisN,train_trials2.thisIndex,test_trials.thisRepN,test_trials.thisTrialN,test_trials.thisN,test_trials.thisIndex,start_exp.keys,start_exp.rt,start_exp2.keys,start_exp2.rt,stim.A,stim.B,pressed,key_ans.keys,key_ans.rt,key_answ.keys,key_answ.rt,start.keys,start.rt,rating.response,rating.rt,rating.history,exit_exp.keys,exit_exp.rt,date,frameRate,expName,session,participant,
,,,,,,,,,,,,,,,space,209.892341806,,,,,,,,,,,,,,,,,2017_Sep_28_0913,60.0031708564,Exp13,001,011,
,,,,,,,,,,,,,,,,,space,29.844416105,,,,,,,,,,,,,,,2017_Sep_28_0913,60.0031708564,Exp13,001,011,
H,J,No Stomach Ache,0,0,0,7,,,,,,,,,,,,,plum,banana,stomach ache,m,11.8114552868,,,,,,,,,,2017_Sep_28_0913,60.0031708564,Exp13,001,011,
A, ,Stomach Ache,0,1,1,0,,,,,,,,,,,,,cherry,,no stomach ache,z,7.31655341193,,,,,,,,,,2017_Sep_28_0913,60.0031708564,Exp13,001,011,
F, ,Stomach Ache,0,2,2,4,,,,,,,,,,,,,kiwi,,no stomach ache,z,2.63473906383,,,,,,,,,,2017_Sep_28_0913,60.0031708564,Exp13,001,011,
F,I,Stomach Ache,0,3,3,5,,,,,,,,,,,,,kiwi,mango,stomach ache,m,2.93392822833,,,,,,,,,,2017_Sep_28_0913,60.0031708564,Exp13,001,011,
B,E,Stomach Ache,0,4,4,2,,,,,,,,,,,,,strawberry,peach,no stomach ache,z,2.86360402362,,,,,,,,,,2017_Sep_28_0913,60.0031708564,Exp13,001,011,
G,J,Stomach Ache,0,5,5,6,,,,,,,,,,,,,orange,banana,no stomach ache,z,4.30056557954,,,,,,,,,,2017_Sep_28_0913,60.0031708564,Exp13,001,011,
C,E,No Stomach Ache,0,6,6,3,,,,,,,,,,,,,apple,peach,no stomach ache,z,2.68873526952,,,,,,,,,,2017_Sep_28_0913,60.0031708564,Exp13,001,011,
A,D,Stomach Ache,0,7,7,1,,,,,,,,,,,,,cherry,pear,stomach ache,m,2.18353845406,,,,,,,,,,2017_Sep_28_0913,60.0031708564,Exp13,001,011,
B,E,Stomach Ache,1,0,8,2,,,,,,,,,,,,,strawberry,peach,stomach ache,m,4.03393232294,,,,,,,,,,2017_Sep_28_0913,60.0031708564,Exp13,001,011,
F, ,Stomach Ache,1,1,9,4,,,,,,,,,,,,,kiwi,,stomach ache,m,3.03921820465,,,,,,,,,,2017_Sep_28_0913,60.0031708564,Exp13,001,011,
F,I,Stomach Ache,1,2,10,5,,,,,,,,,,,,,kiwi,mango,no stomach ache,z,3.98093141968,,,,,,,,,,2017_Sep_28_0913,60.0031708564,Exp13,001,011,
A,D,Stomach Ache,1,3,11,1,,,,,,,,,,,,,cherry,pear,stomach ache,m,1.66938951635,,,,,,,,,,2017_Sep_28_0913,60.0031708564,Exp13,001,011,
G,J,Stomach Ache,1,4,12,6,,,,,,,,,,,,,orange,banana,stomach ache,m,1.32070190518,,,,,,,,,,2017_Sep_28_0913,60.0031708564,Exp13,001,011,
A, ,Stomach Ache,1,5,13,0,,,,,,,,,,,,,cherry,,stomach ache,m,1.9672544107,,,,,,,,,,2017_Sep_28_0913,60.0031708564,Exp13,001,011,
H,J,No Stomach Ache,1,6,14,7,,,,,,,,,,,,,plum,banana,no stomach ache,z,4.63226480644,,,,,,,,,,2017_Sep_28_0913,60.0031708564,Exp13,001,011,
C,E,No Stomach Ache,1,7,15,3,,,,,,,,,,,,,apple,peach,no stomach ache,z,2.36974819619,,,,,,,,,,2017_Sep_28_0913,60.0031708564,Exp13,001,011,
G,J,Stomach Ache,2,0,16,6,,,,,,,,,,,,,orange,banana,stomach ache,m,3.26711095977,,,,,,,,,,2017_Sep_28_0913,60.0031708564,Exp13,001,011,
C,E,No Stomach Ache,2,1,17,3,,,,,,,,,,,,,apple,peach,no stomach ache,z,2.38551275046,,,,,,,,,,2017_Sep_28_0913,60.0031708564,Exp13,001,011,
H,J,No Stomach Ache,2,2,18,7,,,,,,,,,,,,,plum,banana,no stomach ache,z,1.65039722856,,,,,,,,,,2017_Sep_28_0913,60.0031708564,Exp13,001,011,
A, ,Stomach Ache,2,3,19,0,,,,,,,,,,,,,cherry,,stomach ache,m,1.13901616946,,,,,,,,,,2017_Sep_28_0913,60.0031708564,Exp13,001,011,
F,I,Stomach Ache,2,4,20,5,,,,,,,,,,,,,kiwi,mango,stomach ache,m,3.51698680944,,,,,,,,,,2017_Sep_28_0913,60.0031708564,Exp13,001,011,
B,E,Stomach Ache,2,5,21,2,,,,,,,,,,,,,strawberry,peach,stomach ache,m,1.43216667607,,,,,,,,,,2017_Sep_28_0913,60.0031708564,Exp13,001,011,
A,D,Stomach Ache,2,6,22,1,,,,,,,,,,,,,cherry,pear,stomach ache,m,1.24999833766,,,,,,,,,,2017_Sep_28_0913,60.0031708564,Exp13,001,011,
F, ,Stomach Ache,2,7,23,4,,,,,,,,,,,,,kiwi,,stomach ache,m,0.667046846065,,,,,,,,,,2017_Sep_28_0913,60.0031708564,Exp13,001,011,
B,E,Stomach Ache,3,0,24,2,,,,,,,,,,,,,strawberry,peach,stomach ache,m,3.58352403546,,,,,,,,,,2017_Sep_28_0913,60.0031708564,Exp13,001,011,
A,D,Stomach Ache,3,1,25,1,,,,,,,,,,,,,cherry,pear,stomach ache,m,0.833834192556,,,,,,,,,,2017_Sep_28_0913,60.0031708564,Exp13,001,011,
C,E,No Stomach Ache,3,2,26,3,,,,,,,,,,,,,apple,peach,no stomach ache,z,1.38720973409,,,,,,,,,,2017_Sep_28_0913,60.0031708564,Exp13,001,011,
H,J,No Stomach Ache,3,3,27,7,,,,,,,,,,,,,plum,banana,no stomach ache,z,0.453845300464,,,,,,,,,,2017_Sep_28_0913,60.0031708564,Exp13,001,011,
F,I,Stomach Ache,3,4,28,5,,,,,,,,,,,,,kiwi,mango,stomach ache,m,1.47838314454,,,,,,,,,,2017_Sep_28_0913,60.0031708564,Exp13,001,011,
F, ,Stomach Ache,3,5,29,4,,,,,,,,,,,,,kiwi,,stomach ache,m,0.850376370596,,,,,,,,,,2017_Sep_28_0913,60.0031708564,Exp13,001,011,
G,J,Stomach Ache,3,6,30,6,,,,,,,,,,,,,orange,banana,stomach ache,m,1.79516823376,,,,,,,,,,2017_Sep_28_0913,60.0031708564,Exp13,001,011,
A, ,Stomach Ache,3,7,31,0,,,,,,,,,,,,,cherry,,stomach ache,m,0.734083473115,,,,,,,,,,2017_Sep_28_0913,60.0031708564,Exp13,001,011,
C,E,No Stomach Ache,4,0,32,3,,,,,,,,,,,,,apple,peach,no stomach ache,z,2.45003907366,,,,,,,,,,2017_Sep_28_0913,60.0031708564,Exp13,001,011,
H,J,No Stomach Ache,4,1,33,7,,,,,,,,,,,,,plum,banana,no stomach ache,z,0.647734339655,,,,,,,,,,2017_Sep_28_0913,60.0031708564,Exp13,001,011,
A,D,Stomach Ache,4,2,34,1,,,,,,,,,,,,,cherry,pear,stomach ache,m,0.998550092161,,,,,,,,,,2017_Sep_28_0913,60.0031708564,Exp13,001,011,
A, ,Stomach Ache,4,3,35,0,,,,,,,,,,,,,cherry,,stomach ache,m,0.750289684089,,,,,,,,,,2017_Sep_28_0913,60.0031708564,Exp13,001,011,
G,J,Stomach Ache,4,4,36,6,,,,,,,,,,,,,orange,banana,stomach ache,m,1.56157593748,,,,,,,,,,2017_Sep_28_0913,60.0031708564,Exp13,001,011,
F,I,Stomach Ache,4,5,37,5,,,,,,,,,,,,,kiwi,mango,stomach ache,m,1.88295537623,,,,,,,,,,2017_Sep_28_0913,60.0031708564,Exp13,001,011,
F, ,Stomach Ache,4,6,38,4,,,,,,,,,,,,,kiwi,,stomach ache,m,0.639168579524,,,,,,,,,,2017_Sep_28_0913,60.0031708564,Exp13,001,011,
B,E,Stomach Ache,4,7,39,2,,,,,,,,,,,,,strawberry,peach,stomach ache,m,1.21502556675,,,,,,,,,,2017_Sep_28_0913,60.0031708564,Exp13,001,011,
A, ,Stomach Ache,5,0,40,0,,,,,,,,,,,,,cherry,,stomach ache,m,1.1337918817,,,,,,,,,,2017_Sep_28_0913,60.0031708564,Exp13,001,011,
H,J,No Stomach Ache,5,1,41,7,,,,,,,,,,,,,plum,banana,no stomach ache,z,0.817094633865,,,,,,,,,,2017_Sep_28_0913,60.0031708564,Exp13,001,011,
G,J,Stomach Ache,5,2,42,6,,,,,,,,,,,,,orange,banana,stomach ache,m,0.950647139049,,,,,,,,,,2017_Sep_28_0913,60.0031708564,Exp13,001,011,
C,E,No Stomach Ache,5,3,43,3,,,,,,,,,,,,,apple,peach,no stomach ache,z,0.967398596564,,,,,,,,,,2017_Sep_28_0913,60.0031708564,Exp13,001,011,
F,I,Stomach Ache,5,4,44,5,,,,,,,,,,,,,kiwi,mango,stomach ache,m,3.25039624865,,,,,,,,,,2017_Sep_28_0913,60.0031708564,Exp13,001,011,
B,E,Stomach Ache,5,5,45,2,,,,,,,,,,,,,strawberry,peach,no stomach ache,z,1.33185496161,,,,,,,,,,2017_Sep_28_0913,60.0031708564,Exp13,001,011,
F, ,Stomach Ache,5,6,46,4,,,,,,,,,,,,,kiwi,,stomach ache,m,1.13142086419,,,,,,,,,,2017_Sep_28_0913,60.0031708564,Exp13,001,011,
A,D,Stomach Ache,5,7,47,1,,,,,,,,,,,,,cherry,pear,stomach ache,m,1.34693848269,,,,,,,,,,2017_Sep_28_0913,60.0031708564,Exp13,001,011,
A, ,Stomach Ache,6,0,48,0,,,,,,,,,,,,,cherry,,stomach ache,m,1.47022754418,,,,,,,,,,2017_Sep_28_0913,60.0031708564,Exp13,001,011,
C,E,No Stomach Ache,6,1,49,3,,,,,,,,,,,,,apple,peach,no stomach ache,z,1.4152461851,,,,,,,,,,2017_Sep_28_0913,60.0031708564,Exp13,001,011,
F,I,Stomach Ache,6,2,50,5,,,,,,,,,,,,,kiwi,mango,stomach ache,m,1.76588940455,,,,,,,,,,2017_Sep_28_0913,60.0031708564,Exp13,001,011,
B,E,Stomach Ache,6,3,51,2,,,,,,,,,,,,,strawberry,peach,stomach ache,m,1.35382930703,,,,,,,,,,2017_Sep_28_0913,60.0031708564,Exp13,001,011,
F, ,Stomach Ache,6,4,52,4,,,,,,,,,,,,,kiwi,,no stomach ache,z,2.28562939404,,,,,,,,,,2017_Sep_28_0913,60.0031708564,Exp13,001,011,
G,J,Stomach Ache,6,5,53,6,,,,,,,,,,,,,orange,banana,stomach ache,m,1.63409407708,,,,,,,,,,2017_Sep_28_0913,60.0031708564,Exp13,001,011,
H,J,No Stomach Ache,6,6,54,7,,,,,,,,,,,,,plum,banana,no stomach ache,z,0.783514726369,,,,,,,,,,2017_Sep_28_0913,60.0031708564,Exp13,001,011,
A,D,Stomach Ache,6,7,55,1,,,,,,,,,,,,,cherry,pear,stomach ache,m,0.86737245413,,,,,,,,,,2017_Sep_28_0913,60.0031708564,Exp13,001,011,
H,J,No Stomach Ache,7,0,56,7,,,,,,,,,,,,,plum,banana,no stomach ache,z,1.66555179266,,,,,,,,,,2017_Sep_28_0913,60.0031708564,Exp13,001,011,
F, ,Stomach Ache,7,1,57,4,,,,,,,,,,,,,kiwi,,stomach ache,m,1.10392790986,,,,,,,,,,2017_Sep_28_0913,60.0031708564,Exp13,001,011,
A,D,Stomach Ache,7,2,58,1,,,,,,,,,,,,,cherry,pear,stomach ache,m,0.95034826835,,,,,,,,,,2017_Sep_28_0913,60.0031708564,Exp13,001,011,
G,J,Stomach Ache,7,3,59,6,,,,,,,,,,,,,orange,banana,stomach ache,m,0.983572610712,,,,,,,,,,2017_Sep_28_0913,60.0031708564,Exp13,001,011,
B,E,Stomach Ache,7,4,60,2,,,,,,,,,,,,,strawberry,peach,stomach ache,m,3.1640887611,,,,,,,,,,2017_Sep_28_0913,60.0031708564,Exp13,001,011,
F,I,Stomach Ache,7,5,61,5,,,,,,,,,,,,,kiwi,mango,stomach ache,m,1.39497932227,,,,,,,,,,2017_Sep_28_0913,60.0031708564,Exp13,001,011,
C,E,No Stomach Ache,7,6,62,3,,,,,,,,,,,,,apple,peach,no stomach ache,z,1.05039785849,,,,,,,,,,2017_Sep_28_0913,60.0031708564,Exp13,001,011,
A, ,Stomach Ache,7,7,63,0,,,,,,,,,,,,,cherry,,stomach ache,m,0.883863537179,,,,,,,,,,2017_Sep_28_0913,60.0031708564,Exp13,001,011,
F, ,Stomach Ache,8,0,64,4,,,,,,,,,,,,,kiwi,,stomach ache,m,1.08157595148,,,,,,,,,,2017_Sep_28_0913,60.0031708564,Exp13,001,011,
A,D,Stomach Ache,8,1,65,1,,,,,,,,,,,,,cherry,pear,stomach ache,m,1.26422094314,,,,,,,,,,2017_Sep_28_0913,60.0031708564,Exp13,001,011,
C,E,No Stomach Ache,8,2,66,3,,,,,,,,,,,,,apple,peach,no stomach ache,z,0.868758318247,,,,,,,,,,2017_Sep_28_0913,60.0031708564,Exp13,001,011,
G,J,Stomach Ache,8,3,67,6,,,,,,,,,,,,,orange,banana,stomach ache,m,0.947345912733,,,,,,,,,,2017_Sep_28_0913,60.0031708564,Exp13,001,011,
A, ,Stomach Ache,8,4,68,0,,,,,,,,,,,,,cherry,,stomach ache,m,0.633699665748,,,,,,,,,,2017_Sep_28_0913,60.0031708564,Exp13,001,011,
H,J,No Stomach Ache,8,5,69,7,,,,,,,,,,,,,plum,banana,no stomach ache,z,0.833986777594,,,,,,,,,,2017_Sep_28_0913,60.0031708564,Exp13,001,011,
B,E,Stomach Ache,8,6,70,2,,,,,,,,,,,,,strawberry,peach,stomach ache,m,1.06878400572,,,,,,,,,,2017_Sep_28_0913,60.0031708564,Exp13,001,011,
F,I,Stomach Ache,8,7,71,5,,,,,,,,,,,,,kiwi,mango,stomach ache,m,2.151636982,,,,,,,,,,2017_Sep_28_0913,60.0031708564,Exp13,001,011,
F, ,Stomach Ache,9,0,72,4,,,,,,,,,,,,,kiwi,,stomach ache,m,1.18944727469,,,,,,,,,,2017_Sep_28_0913,60.0031708564,Exp13,001,011,
C,E,No Stomach Ache,9,1,73,3,,,,,,,,,,,,,apple,peach,no stomach ache,z,1.65051656685,,,,,,,,,,2017_Sep_28_0913,60.0031708564,Exp13,001,011,
H,J,No Stomach Ache,9,2,74,7,,,,,,,,,,,,,plum,banana,no stomach ache,z,0.50027279825,,,,,,,,,,2017_Sep_28_0913,60.0031708564,Exp13,001,011,
A, ,Stomach Ache,9,3,75,0,,,,,,,,,,,,,cherry,,stomach ache,m,0.783020574832,,,,,,,,,,2017_Sep_28_0913,60.0031708564,Exp13,001,011,
F,I,Stomach Ache,9,4,76,5,,,,,,,,,,,,,kiwi,mango,stomach ache,m,1.78388359022,,,,,,,,,,2017_Sep_28_0913,60.0031708564,Exp13,001,011,
B,E,Stomach Ache,9,5,77,2,,,,,,,,,,,,,strawberry,peach,stomach ache,m,1.13400571074,,,,,,,,,,2017_Sep_28_0913,60.0031708564,Exp13,001,011,
A,D,Stomach Ache,9,6,78,1,,,,,,,,,,,,,cherry,pear,stomach ache,m,1.81478346048,,,,,,,,,,2017_Sep_28_0913,60.0031708564,Exp13,001,011,
G,J,Stomach Ache,9,7,79,6,,,,,,,,,,,,,orange,banana,stomach ache,m,0.917009137265,,,,,,,,,,2017_Sep_28_0913,60.0031708564,Exp13,001,011,
F, ,Stomach Ache,10,0,80,4,,,,,,,,,,,,,kiwi,,stomach ache,m,0.76973377759,,,,,,,,,,2017_Sep_28_0913,60.0031708564,Exp13,001,011,
H,J,No Stomach Ache,10,1,81,7,,,,,,,,,,,,,plum,banana,no stomach ache,z,0.966667168293,,,,,,,,,,2017_Sep_28_0913,60.0031708564,Exp13,001,011,
A, ,Stomach Ache,10,2,82,0,,,,,,,,,,,,,cherry,,stomach ache,m,0.767405105929,,,,,,,,,,2017_Sep_28_0913,60.0031708564,Exp13,001,011,
B,E,Stomach Ache,10,3,83,2,,,,,,,,,,,,,strawberry,peach,stomach ache,m,2.58385020349,,,,,,,,,,2017_Sep_28_0913,60.0031708564,Exp13,001,011,
G,J,Stomach Ache,10,4,84,6,,,,,,,,,,,,,orange,banana,stomach ache,m,0.699460317919,,,,,,,,,,2017_Sep_28_0913,60.0031708564,Exp13,001,011,
C,E,No Stomach Ache,10,5,85,3,,,,,,,,,,,,,apple,peach,no stomach ache,z,1.03364150146,,,,,,,,,,2017_Sep_28_0913,60.0031708564,Exp13,001,011,
F,I,Stomach Ache,10,6,86,5,,,,,,,,,,,,,kiwi,mango,stomach ache,m,0.734087322737,,,,,,,,,,2017_Sep_28_0913,60.0031708564,Exp13,001,011,
A,D,Stomach Ache,10,7,87,1,,,,,,,,,,,,,cherry,pear,stomach ache,m,0.739033737744,,,,,,,,,,2017_Sep_28_0913,60.0031708564,Exp13,001,011,
F,I,Stomach Ache,11,0,88,5,,,,,,,,,,,,,kiwi,mango,stomach ache,m,1.41639267269,,,,,,,,,,2017_Sep_28_0913,60.0031708564,Exp13,001,011,
H,J,No Stomach Ache,11,1,89,7,,,,,,,,,,,,,plum,banana,no stomach ache,z,0.750273935642,,,,,,,,,,2017_Sep_28_0913,60.0031708564,Exp13,001,011,
A, ,Stomach Ache,11,2,90,0,,,,,,,,,,,,,cherry,,stomach ache,m,1.15018462441,,,,,,,,,,2017_Sep_28_0913,60.0031708564,Exp13,001,011,
F, ,Stomach Ache,11,3,91,4,,,,,,,,,,,,,kiwi,,stomach ache,m,0.800490161942,,,,,,,,,,2017_Sep_28_0913,60.0031708564,Exp13,001,011,
A,D,Stomach Ache,11,4,92,1,,,,,,,,,,,,,cherry,pear,stomach ache,m,0.650744394516,,,,,,,,,,2017_Sep_28_0913,60.0031708564,Exp13,001,011,
B,E,Stomach Ache,11,5,93,2,,,,,,,,,,,,,strawberry,peach,stomach ache,m,0.867454346095,,,,,,,,,,2017_Sep_28_0913,60.0031708564,Exp13,001,011,
G,J,Stomach Ache,11,6,94,6,,,,,,,,,,,,,orange,banana,stomach ache,m,0.733066822795,,,,,,,,,,2017_Sep_28_0913,60.0031708564,Exp13,001,011,
C,E,No Stomach Ache,11,7,95,3,,,,,,,,,,,,,apple,peach,no stomach ache,z,1.21723000059,,,,,,,,,,2017_Sep_28_0913,60.0031708564,Exp13,001,011,
D,C,Stomach Ache,,,,,0,0,0,0,,,,,,,,,pear,apple,no stomach ache,,,z,1.75067044677,,,,,,,,2017_Sep_28_0913,60.0031708564,Exp13,001,011,
D,C,Stomach Ache,,,,,1,0,1,0,,,,,,,,,pear,apple,stomach ache,,,m,0.950645389225,,,,,,,,2017_Sep_28_0913,60.0031708564,Exp13,001,011,
D,C,Stomach Ache,,,,,2,0,2,0,,,,,,,,,pear,apple,stomach ache,,,m,0.755531470131,,,,,,,,2017_Sep_28_0913,60.0031708564,Exp13,001,011,
D,C,Stomach Ache,,,,,3,0,3,0,,,,,,,,,pear,apple,stomach ache,,,m,0.6486323516,,,,,,,,2017_Sep_28_0913,60.0031708564,Exp13,001,011,
D,C,Stomach Ache,,,,,4,0,4,0,,,,,,,,,pear,apple,stomach ache,,,m,1.8337757483,,,,,,,,2017_Sep_28_0913,60.0031708564,Exp13,001,011,
D,C,Stomach Ache,,,,,5,0,5,0,,,,,,,,,pear,apple,stomach ache,,,m,0.353482491031,,,,,,,,2017_Sep_28_0913,60.0031708564,Exp13,001,011,
,,,,,,,,,,,,,,,,,,,,,,,,,,space,16.3130817523,,,,,,2017_Sep_28_0913,60.0031708564,Exp13,001,011,
G, ,,,,,,,,,,0,0,0,6,,,,,orange,,,,,,,,,10,5.659,"[(None, 0.0), (u'10', 5.659)]",,,2017_Sep_28_0913,60.0031708564,Exp13,001,011,
I, ,,,,,,,,,,0,1,1,8,,,,,mango,,,,,,,,,0,3.803,"[(None, 0.0), (u'0', 3.803)]",,,2017_Sep_28_0913,60.0031708564,Exp13,001,011,
J, ,,,,,,,,,,0,2,2,9,,,,,banana,,,,,,,,,0,0.906,"[(None, 0.0), (u'0', 0.906)]",,,2017_Sep_28_0913,60.0031708564,Exp13,001,011,
B, ,,,,,,,,,,0,3,3,1,,,,,strawberry,,,,,,,,,10,1.902,"[(None, 0.0), (u'10', 1.902)]",,,2017_Sep_28_0913,60.0031708564,Exp13,001,011,
E, ,,,,,,,,,,0,4,4,4,,,,,peach,,,,,,,,,0,2.553,"[(None, 0.0), (u'0', 2.553)]",,,2017_Sep_28_0913,60.0031708564,Exp13,001,011,
A, ,,,,,,,,,,0,5,5,0,,,,,cherry,,,,,,,,,10,1.31,"[(None, 0.0), (u'10', 1.309)]",,,2017_Sep_28_0913,60.0031708564,Exp13,001,011,
C, ,,,,,,,,,,0,6,6,2,,,,,apple,,,,,,,,,0,3.719,"[(None, 0.0), (u'0', 3.719)]",,,2017_Sep_28_0913,60.0031708564,Exp13,001,011,
H, ,,,,,,,,,,0,7,7,7,,,,,plum,,,,,,,,,0,1.253,"[(None, 0.0), (u'0', 1.253)]",,,2017_Sep_28_0913,60.0031708564,Exp13,001,011,
F, ,,,,,,,,,,0,8,8,5,,,,,kiwi,,,,,,,,,10,1.487,"[(None, 0.0), (u'10', 1.487)]",,,2017_Sep_28_0913,60.0031708564,Exp13,001,011,
I,C,,,,,,,,,,0,9,9,10,,,,,mango,apple,,,,,,,,0,3.442,"[(None, 0.0), (u'0', 3.442)]",,,2017_Sep_28_0913,60.0031708564,Exp13,001,011,
D,H,,,,,,,,,,0,10,10,11,,,,,pear,plum,,,,,,,,5,8.009,"[(None, 0.0), (u'5', 8.009)]",,,2017_Sep_28_0913,60.0031708564,Exp13,001,011,
D, ,,,,,,,,,,0,11,11,3,,,,,pear,,,,,,,,,10,2.472,"[(None, 0.0), (u'10', 2.472)]",,,2017_Sep_28_0913,60.0031708564,Exp13,001,011,
E, ,,,,,,,,,,1,0,12,4,,,,,peach,,,,,,,,,0,2.236,"[(None, 0.0), (u'0', 2.236)]",,,2017_Sep_28_0913,60.0031708564,Exp13,001,011,
F, ,,,,,,,,,,1,1,13,5,,,,,kiwi,,,,,,,,,10,1.371,"[(None, 0.0), (u'10', 1.371)]",,,2017_Sep_28_0913,60.0031708564,Exp13,001,011,
C, ,,,,,,,,,,1,2,14,2,,,,,apple,,,,,,,,,0,2.06,"[(None, 0.0), (u'0', 2.06)]",,,2017_Sep_28_0913,60.0031708564,Exp13,001,011,
H, ,,,,,,,,,,1,3,15,7,,,,,plum,,,,,,,,,0,1.01,"[(None, 0.0), (u'0', 1.01)]",,,2017_Sep_28_0913,60.0031708564,Exp13,001,011,
D, ,,,,,,,,,,1,4,16,3,,,,,pear,,,,,,,,,10,1.256,"[(None, 0.0), (u'10', 1.256)]",,,2017_Sep_28_0913,60.0031708564,Exp13,001,011,
A, ,,,,,,,,,,1,5,17,0,,,,,cherry,,,,,,,,,10,0.838,"[(None, 0.0), (u'10', 0.838)]",,,2017_Sep_28_0913,60.0031708564,Exp13,001,011,
B, ,,,,,,,,,,1,6,18,1,,,,,strawberry,,,,,,,,,10,0.737,"[(None, 0.0), (u'10', 0.737)]",,,2017_Sep_28_0913,60.0031708564,Exp13,001,011,
D,H,,,,,,,,,,1,7,19,11,,,,,pear,plum,,,,,,,,5,2.608,"[(None, 0.0), (u'5', 2.608)]",,,2017_Sep_28_0913,60.0031708564,Exp13,001,011,
J, ,,,,,,,,,,1,8,20,9,,,,,banana,,,,,,,,,0,2.609,"[(None, 0.0), (u'0', 2.609)]",,,2017_Sep_28_0913,60.0031708564,Exp13,001,011,
G, ,,,,,,,,,,1,9,21,6,,,,,orange,,,,,,,,,10,2.336,"[(None, 0.0), (u'10', 2.336)]",,,2017_Sep_28_0913,60.0031708564,Exp13,001,011,
I, ,,,,,,,,,,1,10,22,8,,,,,mango,,,,,,,,,0,1.469,"[(None, 0.0), (u'0', 1.469)]",,,2017_Sep_28_0913,60.0031708564,Exp13,001,011,
I,C,,,,,,,,,,1,11,23,10,,,,,mango,apple,,,,,,,,0,1.373,"[(None, 0.0), (u'0', 1.373)]",,,2017_Sep_28_0913,60.0031708564,Exp13,001,011,
,,,,,,,,,,,,,,,,,,,,,,,,,,,,,,,space,3.4332410707,2017_Sep_28_0913,60.0031708564,Exp13,001,011,
