stim1,stim2,outcome,train_trials.thisRepN,train_trials.thisTrialN,train_trials.thisN,train_trials.thisIndex,train_trials2.thisRepN,train_trials2.thisTrialN,train_trials2.thisN,train_trials2.thisIndex,test_trials.thisRepN,test_trials.thisTrialN,test_trials.thisN,test_trials.thisIndex,start_exp.keys,start_exp.rt,start_exp2.keys,start_exp2.rt,stim.A,stim.B,pressed,key_ans.keys,key_ans.rt,key_answ.keys,key_answ.rt,start.keys,start.rt,rating.response,rating.rt,rating.history,exit_exp.keys,exit_exp.rt,date,frameRate,expName,session,participant,
,,,,,,,,,,,,,,,space,117.924587941,,,,,,,,,,,,,,,,,2017_Sep_28_0956,60.0202698746,Exp13,001,012,
,,,,,,,,,,,,,,,,,space,11.9830322518,,,,,,,,,,,,,,,2017_Sep_28_0956,60.0202698746,Exp13,001,012,
H,J,No Stomach Ache,0,0,0,7,,,,,,,,,,,,,kiwi,banana,no stomach ache,z,5.03602864261,,,,,,,,,,2017_Sep_28_0956,60.0202698746,Exp13,001,012,
C,E,No Stomach Ache,0,1,1,3,,,,,,,,,,,,,apple,mango,stomach ache,m,4.91282768622,,,,,,,,,,2017_Sep_28_0956,60.0202698746,Exp13,001,012,
A,D,Stomach Ache,0,2,2,1,,,,,,,,,,,,,peach,cherry,no stomach ache,z,2.53730024381,,,,,,,,,,2017_Sep_28_0956,60.0202698746,Exp13,001,012,
F,I,Stomach Ache,0,3,3,5,,,,,,,,,,,,,orange,pear,no stomach ache,z,1.7152799675,,,,,,,,,,2017_Sep_28_0956,60.0202698746,Exp13,001,012,
F, ,Stomach Ache,0,4,4,4,,,,,,,,,,,,,orange,,stomach ache,m,1.28588856875,,,,,,,,,,2017_Sep_28_0956,60.0202698746,Exp13,001,012,
G,J,Stomach Ache,0,5,5,6,,,,,,,,,,,,,strawberry,banana,no stomach ache,z,1.50371191365,,,,,,,,,,2017_Sep_28_0956,60.0202698746,Exp13,001,012,
B,E,Stomach Ache,0,6,6,2,,,,,,,,,,,,,plum,mango,no stomach ache,z,1.80278649874,,,,,,,,,,2017_Sep_28_0956,60.0202698746,Exp13,001,012,
A, ,Stomach Ache,0,7,7,0,,,,,,,,,,,,,peach,,stomach ache,m,1.51676809262,,,,,,,,,,2017_Sep_28_0956,60.0202698746,Exp13,001,012,
F,I,Stomach Ache,1,0,8,5,,,,,,,,,,,,,orange,pear,stomach ache,m,1.04893188649,,,,,,,,,,2017_Sep_28_0956,60.0202698746,Exp13,001,012,
A, ,Stomach Ache,1,1,9,0,,,,,,,,,,,,,peach,,stomach ache,m,0.852559353341,,,,,,,,,,2017_Sep_28_0956,60.0202698746,Exp13,001,012,
A,D,Stomach Ache,1,2,10,1,,,,,,,,,,,,,peach,cherry,stomach ache,m,0.850320971251,,,,,,,,,,2017_Sep_28_0956,60.0202698746,Exp13,001,012,
B,E,Stomach Ache,1,3,11,2,,,,,,,,,,,,,plum,mango,stomach ache,m,1.03327336084,,,,,,,,,,2017_Sep_28_0956,60.0202698746,Exp13,001,012,
F, ,Stomach Ache,1,4,12,4,,,,,,,,,,,,,orange,,stomach ache,m,0.938430493785,,,,,,,,,,2017_Sep_28_0956,60.0202698746,Exp13,001,012,
G,J,Stomach Ache,1,5,13,6,,,,,,,,,,,,,strawberry,banana,stomach ache,m,2.23226818869,,,,,,,,,,2017_Sep_28_0956,60.0202698746,Exp13,001,012,
H,J,No Stomach Ache,1,6,14,7,,,,,,,,,,,,,kiwi,banana,stomach ache,m,1.25341173037,,,,,,,,,,2017_Sep_28_0956,60.0202698746,Exp13,001,012,
C,E,No Stomach Ache,1,7,15,3,,,,,,,,,,,,,apple,mango,stomach ache,m,1.51596877043,,,,,,,,,,2017_Sep_28_0956,60.0202698746,Exp13,001,012,
F, ,Stomach Ache,2,0,16,4,,,,,,,,,,,,,orange,,stomach ache,m,0.799968573061,,,,,,,,,,2017_Sep_28_0956,60.0202698746,Exp13,001,012,
F,I,Stomach Ache,2,1,17,5,,,,,,,,,,,,,orange,pear,stomach ache,m,0.95292258299,,,,,,,,,,2017_Sep_28_0956,60.0202698746,Exp13,001,012,
A,D,Stomach Ache,2,2,18,1,,,,,,,,,,,,,peach,cherry,stomach ache,m,0.952690905542,,,,,,,,,,2017_Sep_28_0956,60.0202698746,Exp13,001,012,
G,J,Stomach Ache,2,3,19,6,,,,,,,,,,,,,strawberry,banana,no stomach ache,z,1.43265448109,,,,,,,,,,2017_Sep_28_0956,60.0202698746,Exp13,001,012,
A, ,Stomach Ache,2,4,20,0,,,,,,,,,,,,,peach,,stomach ache,m,1.08823900993,,,,,,,,,,2017_Sep_28_0956,60.0202698746,Exp13,001,012,
H,J,No Stomach Ache,2,5,21,7,,,,,,,,,,,,,kiwi,banana,no stomach ache,z,1.44768096827,,,,,,,,,,2017_Sep_28_0956,60.0202698746,Exp13,001,012,
C,E,No Stomach Ache,2,6,22,3,,,,,,,,,,,,,apple,mango,stomach ache,m,1.81613139961,,,,,,,,,,2017_Sep_28_0956,60.0202698746,Exp13,001,012,
B,E,Stomach Ache,2,7,23,2,,,,,,,,,,,,,plum,mango,stomach ache,m,1.00002274779,,,,,,,,,,2017_Sep_28_0956,60.0202698746,Exp13,001,012,
G,J,Stomach Ache,3,0,24,6,,,,,,,,,,,,,strawberry,banana,stomach ache,m,0.984674291962,,,,,,,,,,2017_Sep_28_0956,60.0202698746,Exp13,001,012,
F,I,Stomach Ache,3,1,25,5,,,,,,,,,,,,,orange,pear,stomach ache,m,1.24991627065,,,,,,,,,,2017_Sep_28_0956,60.0202698746,Exp13,001,012,
B,E,Stomach Ache,3,2,26,2,,,,,,,,,,,,,plum,mango,stomach ache,m,1.82199472882,,,,,,,,,,2017_Sep_28_0956,60.0202698746,Exp13,001,012,
F, ,Stomach Ache,3,3,27,4,,,,,,,,,,,,,orange,,stomach ache,m,0.785912541411,,,,,,,,,,2017_Sep_28_0956,60.0202698746,Exp13,001,012,
C,E,No Stomach Ache,3,4,28,3,,,,,,,,,,,,,apple,mango,stomach ache,m,1.22086104918,,,,,,,,,,2017_Sep_28_0956,60.0202698746,Exp13,001,012,
A, ,Stomach Ache,3,5,29,0,,,,,,,,,,,,,peach,,stomach ache,m,0.702655296511,,,,,,,,,,2017_Sep_28_0956,60.0202698746,Exp13,001,012,
A,D,Stomach Ache,3,6,30,1,,,,,,,,,,,,,peach,cherry,stomach ache,m,0.900032931793,,,,,,,,,,2017_Sep_28_0956,60.0202698746,Exp13,001,012,
H,J,No Stomach Ache,3,7,31,7,,,,,,,,,,,,,kiwi,banana,stomach ache,m,1.34958236816,,,,,,,,,,2017_Sep_28_0956,60.0202698746,Exp13,001,012,
H,J,No Stomach Ache,4,0,32,7,,,,,,,,,,,,,kiwi,banana,no stomach ache,z,0.81939448195,,,,,,,,,,2017_Sep_28_0956,60.0202698746,Exp13,001,012,
B,E,Stomach Ache,4,1,33,2,,,,,,,,,,,,,plum,mango,stomach ache,m,1.43822593871,,,,,,,,,,2017_Sep_28_0956,60.0202698746,Exp13,001,012,
F,I,Stomach Ache,4,2,34,5,,,,,,,,,,,,,orange,pear,stomach ache,m,1.50024025161,,,,,,,,,,2017_Sep_28_0956,60.0202698746,Exp13,001,012,
F, ,Stomach Ache,4,3,35,4,,,,,,,,,,,,,orange,,stomach ache,m,0.717310119857,,,,,,,,,,2017_Sep_28_0956,60.0202698746,Exp13,001,012,
A,D,Stomach Ache,4,4,36,1,,,,,,,,,,,,,peach,cherry,stomach ache,m,0.633044973074,,,,,,,,,,2017_Sep_28_0956,60.0202698746,Exp13,001,012,
G,J,Stomach Ache,4,5,37,6,,,,,,,,,,,,,strawberry,banana,stomach ache,m,0.620005242483,,,,,,,,,,2017_Sep_28_0956,60.0202698746,Exp13,001,012,
A, ,Stomach Ache,4,6,38,0,,,,,,,,,,,,,peach,,stomach ache,m,0.700179637512,,,,,,,,,,2017_Sep_28_0956,60.0202698746,Exp13,001,012,
C,E,No Stomach Ache,4,7,39,3,,,,,,,,,,,,,apple,mango,no stomach ache,z,1.91449702371,,,,,,,,,,2017_Sep_28_0956,60.0202698746,Exp13,001,012,
B,E,Stomach Ache,5,0,40,2,,,,,,,,,,,,,plum,mango,stomach ache,m,1.11718259228,,,,,,,,,,2017_Sep_28_0956,60.0202698746,Exp13,001,012,
H,J,No Stomach Ache,5,1,41,7,,,,,,,,,,,,,kiwi,banana,no stomach ache,z,2.83570674395,,,,,,,,,,2017_Sep_28_0956,60.0202698746,Exp13,001,012,
F, ,Stomach Ache,5,2,42,4,,,,,,,,,,,,,orange,,stomach ache,m,1.53592977724,,,,,,,,,,2017_Sep_28_0956,60.0202698746,Exp13,001,012,
A,D,Stomach Ache,5,3,43,1,,,,,,,,,,,,,peach,cherry,stomach ache,m,1.08697913258,,,,,,,,,,2017_Sep_28_0956,60.0202698746,Exp13,001,012,
A, ,Stomach Ache,5,4,44,0,,,,,,,,,,,,,peach,,stomach ache,m,0.617506485738,,,,,,,,,,2017_Sep_28_0956,60.0202698746,Exp13,001,012,
F,I,Stomach Ache,5,5,45,5,,,,,,,,,,,,,orange,pear,stomach ache,m,0.820817443426,,,,,,,,,,2017_Sep_28_0956,60.0202698746,Exp13,001,012,
G,J,Stomach Ache,5,6,46,6,,,,,,,,,,,,,strawberry,banana,stomach ache,m,1.69832551801,,,,,,,,,,2017_Sep_28_0956,60.0202698746,Exp13,001,012,
C,E,No Stomach Ache,5,7,47,3,,,,,,,,,,,,,apple,mango,stomach ache,m,1.46571401275,,,,,,,,,,2017_Sep_28_0956,60.0202698746,Exp13,001,012,
A,D,Stomach Ache,6,0,48,1,,,,,,,,,,,,,peach,cherry,stomach ache,m,0.88844311006,,,,,,,,,,2017_Sep_28_0956,60.0202698746,Exp13,001,012,
B,E,Stomach Ache,6,1,49,2,,,,,,,,,,,,,plum,mango,stomach ache,m,0.868908011806,,,,,,,,,,2017_Sep_28_0956,60.0202698746,Exp13,001,012,
G,J,Stomach Ache,6,2,50,6,,,,,,,,,,,,,strawberry,banana,stomach ache,m,1.06473284826,,,,,,,,,,2017_Sep_28_0956,60.0202698746,Exp13,001,012,
F, ,Stomach Ache,6,3,51,4,,,,,,,,,,,,,orange,,stomach ache,m,0.671709909046,,,,,,,,,,2017_Sep_28_0956,60.0202698746,Exp13,001,012,
C,E,No Stomach Ache,6,4,52,3,,,,,,,,,,,,,apple,mango,stomach ache,m,0.915073767566,,,,,,,,,,2017_Sep_28_0956,60.0202698746,Exp13,001,012,
H,J,No Stomach Ache,6,5,53,7,,,,,,,,,,,,,kiwi,banana,no stomach ache,z,1.8354421697,,,,,,,,,,2017_Sep_28_0956,60.0202698746,Exp13,001,012,
F,I,Stomach Ache,6,6,54,5,,,,,,,,,,,,,orange,pear,stomach ache,m,0.868193031405,,,,,,,,,,2017_Sep_28_0956,60.0202698746,Exp13,001,012,
A, ,Stomach Ache,6,7,55,0,,,,,,,,,,,,,peach,,stomach ache,m,2.43824588676,,,,,,,,,,2017_Sep_28_0956,60.0202698746,Exp13,001,012,
H,J,No Stomach Ache,7,0,56,7,,,,,,,,,,,,,kiwi,banana,no stomach ache,z,1.06575824844,,,,,,,,,,2017_Sep_28_0956,60.0202698746,Exp13,001,012,
F,I,Stomach Ache,7,1,57,5,,,,,,,,,,,,,orange,pear,stomach ache,m,0.866189826411,,,,,,,,,,2017_Sep_28_0956,60.0202698746,Exp13,001,012,
F, ,Stomach Ache,7,2,58,4,,,,,,,,,,,,,orange,,stomach ache,m,0.80498953427,,,,,,,,,,2017_Sep_28_0956,60.0202698746,Exp13,001,012,
B,E,Stomach Ache,7,3,59,2,,,,,,,,,,,,,plum,mango,stomach ache,m,1.84943520748,,,,,,,,,,2017_Sep_28_0956,60.0202698746,Exp13,001,012,
G,J,Stomach Ache,7,4,60,6,,,,,,,,,,,,,strawberry,banana,stomach ache,m,1.23122179056,,,,,,,,,,2017_Sep_28_0956,60.0202698746,Exp13,001,012,
A,D,Stomach Ache,7,5,61,1,,,,,,,,,,,,,peach,cherry,stomach ache,m,0.918404393335,,,,,,,,,,2017_Sep_28_0956,60.0202698746,Exp13,001,012,
C,E,No Stomach Ache,7,6,62,3,,,,,,,,,,,,,apple,mango,no stomach ache,z,2.35402343582,,,,,,,,,,2017_Sep_28_0956,60.0202698746,Exp13,001,012,
A, ,Stomach Ache,7,7,63,0,,,,,,,,,,,,,peach,,stomach ache,m,0.916687110497,,,,,,,,,,2017_Sep_28_0956,60.0202698746,Exp13,001,012,
H,J,No Stomach Ache,8,0,64,7,,,,,,,,,,,,,kiwi,banana,no stomach ache,z,1.45382497013,,,,,,,,,,2017_Sep_28_0956,60.0202698746,Exp13,001,012,
B,E,Stomach Ache,8,1,65,2,,,,,,,,,,,,,plum,mango,stomach ache,m,1.43552000214,,,,,,,,,,2017_Sep_28_0956,60.0202698746,Exp13,001,012,
F,I,Stomach Ache,8,2,66,5,,,,,,,,,,,,,orange,pear,stomach ache,m,2.16614352593,,,,,,,,,,2017_Sep_28_0956,60.0202698746,Exp13,001,012,
G,J,Stomach Ache,8,3,67,6,,,,,,,,,,,,,strawberry,banana,stomach ache,m,1.3320473252,,,,,,,,,,2017_Sep_28_0956,60.0202698746,Exp13,001,012,
A, ,Stomach Ache,8,4,68,0,,,,,,,,,,,,,peach,,stomach ache,m,0.570442367432,,,,,,,,,,2017_Sep_28_0956,60.0202698746,Exp13,001,012,
C,E,No Stomach Ache,8,5,69,3,,,,,,,,,,,,,apple,mango,stomach ache,m,1.70107590027,,,,,,,,,,2017_Sep_28_0956,60.0202698746,Exp13,001,012,
A,D,Stomach Ache,8,6,70,1,,,,,,,,,,,,,peach,cherry,stomach ache,m,0.680924512009,,,,,,,,,,2017_Sep_28_0956,60.0202698746,Exp13,001,012,
F, ,Stomach Ache,8,7,71,4,,,,,,,,,,,,,orange,,stomach ache,m,0.66651501476,,,,,,,,,,2017_Sep_28_0956,60.0202698746,Exp13,001,012,
F,I,Stomach Ache,9,0,72,5,,,,,,,,,,,,,orange,pear,stomach ache,m,0.733996145471,,,,,,,,,,2017_Sep_28_0956,60.0202698746,Exp13,001,012,
B,E,Stomach Ache,9,1,73,2,,,,,,,,,,,,,plum,mango,stomach ache,m,0.703632051416,,,,,,,,,,2017_Sep_28_0956,60.0202698746,Exp13,001,012,
C,E,No Stomach Ache,9,2,74,3,,,,,,,,,,,,,apple,mango,no stomach ache,z,0.916920887757,,,,,,,,,,2017_Sep_28_0956,60.0202698746,Exp13,001,012,
G,J,Stomach Ache,9,3,75,6,,,,,,,,,,,,,strawberry,banana,stomach ache,m,1.06756372267,,,,,,,,,,2017_Sep_28_0956,60.0202698746,Exp13,001,012,
A, ,Stomach Ache,9,4,76,0,,,,,,,,,,,,,peach,,stomach ache,m,0.566886713583,,,,,,,,,,2017_Sep_28_0956,60.0202698746,Exp13,001,012,
H,J,No Stomach Ache,9,5,77,7,,,,,,,,,,,,,kiwi,banana,no stomach ache,z,0.815665594942,,,,,,,,,,2017_Sep_28_0956,60.0202698746,Exp13,001,012,
A,D,Stomach Ache,9,6,78,1,,,,,,,,,,,,,peach,cherry,stomach ache,m,0.998896207457,,,,,,,,,,2017_Sep_28_0956,60.0202698746,Exp13,001,012,
F, ,Stomach Ache,9,7,79,4,,,,,,,,,,,,,orange,,stomach ache,m,0.800239446689,,,,,,,,,,2017_Sep_28_0956,60.0202698746,Exp13,001,012,
C,E,No Stomach Ache,10,0,80,3,,,,,,,,,,,,,apple,mango,stomach ache,m,1.29667346884,,,,,,,,,,2017_Sep_28_0956,60.0202698746,Exp13,001,012,
F,I,Stomach Ache,10,1,81,5,,,,,,,,,,,,,orange,pear,stomach ache,m,0.816536310187,,,,,,,,,,2017_Sep_28_0956,60.0202698746,Exp13,001,012,
A,D,Stomach Ache,10,2,82,1,,,,,,,,,,,,,peach,cherry,stomach ache,m,0.865941700584,,,,,,,,,,2017_Sep_28_0956,60.0202698746,Exp13,001,012,
G,J,Stomach Ache,10,3,83,6,,,,,,,,,,,,,strawberry,banana,stomach ache,m,1.13141815644,,,,,,,,,,2017_Sep_28_0956,60.0202698746,Exp13,001,012,
A, ,Stomach Ache,10,4,84,0,,,,,,,,,,,,,peach,,stomach ache,m,0.766817700292,,,,,,,,,,2017_Sep_28_0956,60.0202698746,Exp13,001,012,
H,J,No Stomach Ache,10,5,85,7,,,,,,,,,,,,,kiwi,banana,no stomach ache,z,0.917110219321,,,,,,,,,,2017_Sep_28_0956,60.0202698746,Exp13,001,012,
B,E,Stomach Ache,10,6,86,2,,,,,,,,,,,,,plum,mango,stomach ache,m,1.00241336506,,,,,,,,,,2017_Sep_28_0956,60.0202698746,Exp13,001,012,
F, ,Stomach Ache,10,7,87,4,,,,,,,,,,,,,orange,,stomach ache,m,0.633711658171,,,,,,,,,,2017_Sep_28_0956,60.0202698746,Exp13,001,012,
A, ,Stomach Ache,11,0,88,0,,,,,,,,,,,,,peach,,stomach ache,m,0.636448391757,,,,,,,,,,2017_Sep_28_0956,60.0202698746,Exp13,001,012,
B,E,Stomach Ache,11,1,89,2,,,,,,,,,,,,,plum,mango,stomach ache,m,1.01872702692,,,,,,,,,,2017_Sep_28_0956,60.0202698746,Exp13,001,012,
A,D,Stomach Ache,11,2,90,1,,,,,,,,,,,,,peach,cherry,stomach ache,m,0.753264569692,,,,,,,,,,2017_Sep_28_0956,60.0202698746,Exp13,001,012,
H,J,No Stomach Ache,11,3,91,7,,,,,,,,,,,,,kiwi,banana,no stomach ache,z,0.765823097114,,,,,,,,,,2017_Sep_28_0956,60.0202698746,Exp13,001,012,
G,J,Stomach Ache,11,4,92,6,,,,,,,,,,,,,strawberry,banana,stomach ache,m,1.1987530014,,,,,,,,,,2017_Sep_28_0956,60.0202698746,Exp13,001,012,
C,E,No Stomach Ache,11,5,93,3,,,,,,,,,,,,,apple,mango,no stomach ache,z,0.849585342861,,,,,,,,,,2017_Sep_28_0956,60.0202698746,Exp13,001,012,
F, ,Stomach Ache,11,6,94,4,,,,,,,,,,,,,orange,,stomach ache,m,0.571761039071,,,,,,,,,,2017_Sep_28_0956,60.0202698746,Exp13,001,012,
F,I,Stomach Ache,11,7,95,5,,,,,,,,,,,,,orange,pear,stomach ache,m,0.788934497235,,,,,,,,,,2017_Sep_28_0956,60.0202698746,Exp13,001,012,
D,C,Stomach Ache,,,,,0,0,0,0,,,,,,,,,cherry,apple,stomach ache,,,m,0.878596468625,,,,,,,,2017_Sep_28_0956,60.0202698746,Exp13,001,012,
D,C,Stomach Ache,,,,,1,0,1,0,,,,,,,,,cherry,apple,stomach ache,,,m,0.588739636209,,,,,,,,2017_Sep_28_0956,60.0202698746,Exp13,001,012,
D,C,Stomach Ache,,,,,2,0,2,0,,,,,,,,,cherry,apple,stomach ache,,,m,0.634097670583,,,,,,,,2017_Sep_28_0956,60.0202698746,Exp13,001,012,
D,C,Stomach Ache,,,,,3,0,3,0,,,,,,,,,cherry,apple,stomach ache,,,m,0.584016845954,,,,,,,,2017_Sep_28_0956,60.0202698746,Exp13,001,012,
D,C,Stomach Ache,,,,,4,0,4,0,,,,,,,,,cherry,apple,stomach ache,,,m,0.66712255562,,,,,,,,2017_Sep_28_0956,60.0202698746,Exp13,001,012,
D,C,Stomach Ache,,,,,5,0,5,0,,,,,,,,,cherry,apple,stomach ache,,,m,0.488734421713,,,,,,,,2017_Sep_28_0956,60.0202698746,Exp13,001,012,
,,,,,,,,,,,,,,,,,,,,,,,,,,space,6.68324338626,,,,,,2017_Sep_28_0956,60.0202698746,Exp13,001,012,
H, ,,,,,,,,,,0,0,0,7,,,,,kiwi,,,,,,,,,0,7.341,"[(None, 0.0), (u'0', 7.341)]",,,2017_Sep_28_0956,60.0202698746,Exp13,001,012,
I,C,,,,,,,,,,0,1,1,10,,,,,pear,apple,,,,,,,,10,5.571,"[(None, 0.0), (u'10', 5.571)]",,,2017_Sep_28_0956,60.0202698746,Exp13,001,012,
J, ,,,,,,,,,,0,2,2,9,,,,,banana,,,,,,,,,0,2.443,"[(None, 0.0), (u'0', 2.443)]",,,2017_Sep_28_0956,60.0202698746,Exp13,001,012,
E, ,,,,,,,,,,0,3,3,4,,,,,mango,,,,,,,,,0,2.17,"[(None, 0.0), (u'0', 2.17)]",,,2017_Sep_28_0956,60.0202698746,Exp13,001,012,
G, ,,,,,,,,,,0,4,4,6,,,,,strawberry,,,,,,,,,10,1.559,"[(None, 0.0), (u'10', 1.559)]",,,2017_Sep_28_0956,60.0202698746,Exp13,001,012,
A, ,,,,,,,,,,0,5,5,0,,,,,peach,,,,,,,,,10,1.104,"[(None, 0.0), (u'10', 1.104)]",,,2017_Sep_28_0956,60.0202698746,Exp13,001,012,
D,H,,,,,,,,,,0,6,6,11,,,,,cherry,kiwi,,,,,,,,5,3.071,"[(None, 0.0), (u'5', 3.071)]",,,2017_Sep_28_0956,60.0202698746,Exp13,001,012,
F, ,,,,,,,,,,0,7,7,5,,,,,orange,,,,,,,,,10,1.272,"[(None, 0.0), (u'10', 1.272)]",,,2017_Sep_28_0956,60.0202698746,Exp13,001,012,
D, ,,,,,,,,,,0,8,8,3,,,,,cherry,,,,,,,,,10,1.203,"[(None, 0.0), (u'10', 1.203)]",,,2017_Sep_28_0956,60.0202698746,Exp13,001,012,
B, ,,,,,,,,,,0,9,9,1,,,,,plum,,,,,,,,,10,3.47,"[(None, 0.0), (u'10', 3.47)]",,,2017_Sep_28_0956,60.0202698746,Exp13,001,012,
C, ,,,,,,,,,,0,10,10,2,,,,,apple,,,,,,,,,0,3.938,"[(None, 0.0), (u'0', 3.938)]",,,2017_Sep_28_0956,60.0202698746,Exp13,001,012,
I, ,,,,,,,,,,0,11,11,8,,,,,pear,,,,,,,,,10,1.805,"[(None, 0.0), (u'10', 1.805)]",,,2017_Sep_28_0956,60.0202698746,Exp13,001,012,
G, ,,,,,,,,,,1,0,12,6,,,,,strawberry,,,,,,,,,10,3.537,"[(None, 0.0), (u'10', 3.537)]",,,2017_Sep_28_0956,60.0202698746,Exp13,001,012,
F, ,,,,,,,,,,1,1,13,5,,,,,orange,,,,,,,,,10,1.203,"[(None, 0.0), (u'10', 1.203)]",,,2017_Sep_28_0956,60.0202698746,Exp13,001,012,
J, ,,,,,,,,,,1,2,14,9,,,,,banana,,,,,,,,,0,2.455,"[(None, 0.0), (u'0', 2.455)]",,,2017_Sep_28_0956,60.0202698746,Exp13,001,012,
I,C,,,,,,,,,,1,3,15,10,,,,,pear,apple,,,,,,,,5,2.937,"[(None, 0.0), (u'5', 2.937)]",,,2017_Sep_28_0956,60.0202698746,Exp13,001,012,
D, ,,,,,,,,,,1,4,16,3,,,,,cherry,,,,,,,,,10,1.77,"[(None, 0.0), (u'10', 1.77)]",,,2017_Sep_28_0956,60.0202698746,Exp13,001,012,
D,H,,,,,,,,,,1,5,17,11,,,,,cherry,kiwi,,,,,,,,5,1.803,"[(None, 0.0), (u'5', 1.803)]",,,2017_Sep_28_0956,60.0202698746,Exp13,001,012,
I, ,,,,,,,,,,1,6,18,8,,,,,pear,,,,,,,,,10,1.719,"[(None, 0.0), (u'10', 1.719)]",,,2017_Sep_28_0956,60.0202698746,Exp13,001,012,
E, ,,,,,,,,,,1,7,19,4,,,,,mango,,,,,,,,,0,1.703,"[(None, 0.0), (u'0', 1.703)]",,,2017_Sep_28_0956,60.0202698746,Exp13,001,012,
A, ,,,,,,,,,,1,8,20,0,,,,,peach,,,,,,,,,10,1.67,"[(None, 0.0), (u'10', 1.67)]",,,2017_Sep_28_0956,60.0202698746,Exp13,001,012,
H, ,,,,,,,,,,1,9,21,7,,,,,kiwi,,,,,,,,,0,1.587,"[(None, 0.0), (u'0', 1.587)]",,,2017_Sep_28_0956,60.0202698746,Exp13,001,012,
B, ,,,,,,,,,,1,10,22,1,,,,,plum,,,,,,,,,10,1.47,"[(None, 0.0), (u'10', 1.47)]",,,2017_Sep_28_0956,60.0202698746,Exp13,001,012,
C, ,,,,,,,,,,1,11,23,2,,,,,apple,,,,,,,,,0,4.303,"[(None, 0.0), (u'0', 4.303)]",,,2017_Sep_28_0956,60.0202698746,Exp13,001,012,
,,,,,,,,,,,,,,,,,,,,,,,,,,,,,,,space,1.81668679554,2017_Sep_28_0956,60.0202698746,Exp13,001,012,
