stim1,stim2,outcome,train_trials.thisRepN,train_trials.thisTrialN,train_trials.thisN,train_trials.thisIndex,train_trials2.thisRepN,train_trials2.thisTrialN,train_trials2.thisN,train_trials2.thisIndex,test_trials.thisRepN,test_trials.thisTrialN,test_trials.thisN,test_trials.thisIndex,start_exp.keys,start_exp.rt,start_exp2.keys,start_exp2.rt,stim.A,stim.B,pressed,key_ans.keys,key_ans.rt,key_answ.keys,key_answ.rt,start.keys,start.rt,rating.response,rating.rt,rating.history,exit_exp.keys,exit_exp.rt,date,frameRate,expName,session,participant,
,,,,,,,,,,,,,,,space,381.943765024,,,,,,,,,,,,,,,,,2017_Sep_28_1034,60.0636703055,Exp13,001,013,
,,,,,,,,,,,,,,,,,space,11.966481313,,,,,,,,,,,,,,,2017_Sep_28_1034,60.0636703055,Exp13,001,013,
B,E,Stomach Ache,0,0,0,2,,,,,,,,,,,,,strawberry,apple,no stomach ache,z,9.26647245891,,,,,,,,,,2017_Sep_28_1034,60.0636703055,Exp13,001,013,
A, ,Stomach Ache,0,1,1,0,,,,,,,,,,,,,kiwi,,no stomach ache,z,3.75008302943,,,,,,,,,,2017_Sep_28_1034,60.0636703055,Exp13,001,013,
F,I,Stomach Ache,0,2,2,5,,,,,,,,,,,,,pear,mango,no stomach ache,z,3.78661562297,,,,,,,,,,2017_Sep_28_1034,60.0636703055,Exp13,001,013,
F, ,Stomach Ache,0,3,3,4,,,,,,,,,,,,,pear,,stomach ache,m,2.68411690122,,,,,,,,,,2017_Sep_28_1034,60.0636703055,Exp13,001,013,
H,J,No Stomach Ache,0,4,4,7,,,,,,,,,,,,,cherry,peach,no stomach ache,z,2.79937923043,,,,,,,,,,2017_Sep_28_1034,60.0636703055,Exp13,001,013,
A,D,Stomach Ache,0,5,5,1,,,,,,,,,,,,,kiwi,plum,stomach ache,m,2.11923339263,,,,,,,,,,2017_Sep_28_1034,60.0636703055,Exp13,001,013,
C,E,No Stomach Ache,0,6,6,3,,,,,,,,,,,,,orange,apple,stomach ache,m,3.69970368384,,,,,,,,,,2017_Sep_28_1034,60.0636703055,Exp13,001,013,
G,J,Stomach Ache,0,7,7,6,,,,,,,,,,,,,banana,peach,no stomach ache,z,2.81886253372,,,,,,,,,,2017_Sep_28_1034,60.0636703055,Exp13,001,013,
G,J,Stomach Ache,1,0,8,6,,,,,,,,,,,,,banana,peach,no stomach ache,z,2.11930198595,,,,,,,,,,2017_Sep_28_1034,60.0636703055,Exp13,001,013,
F,I,Stomach Ache,1,1,9,5,,,,,,,,,,,,,pear,mango,stomach ache,m,3.21737713834,,,,,,,,,,2017_Sep_28_1034,60.0636703055,Exp13,001,013,
A,D,Stomach Ache,1,2,10,1,,,,,,,,,,,,,kiwi,plum,stomach ache,m,3.66644222185,,,,,,,,,,2017_Sep_28_1034,60.0636703055,Exp13,001,013,
F, ,Stomach Ache,1,3,11,4,,,,,,,,,,,,,pear,,stomach ache,m,1.73596400391,,,,,,,,,,2017_Sep_28_1034,60.0636703055,Exp13,001,013,
B,E,Stomach Ache,1,4,12,2,,,,,,,,,,,,,strawberry,apple,stomach ache,m,3.15062078707,,,,,,,,,,2017_Sep_28_1034,60.0636703055,Exp13,001,013,
A, ,Stomach Ache,1,5,13,0,,,,,,,,,,,,,kiwi,,stomach ache,m,1.13932528668,,,,,,,,,,2017_Sep_28_1034,60.0636703055,Exp13,001,013,
H,J,No Stomach Ache,1,6,14,7,,,,,,,,,,,,,cherry,peach,stomach ache,m,1.98322088344,,,,,,,,,,2017_Sep_28_1034,60.0636703055,Exp13,001,013,
C,E,No Stomach Ache,1,7,15,3,,,,,,,,,,,,,orange,apple,no stomach ache,z,2.65160121662,,,,,,,,,,2017_Sep_28_1034,60.0636703055,Exp13,001,013,
F,I,Stomach Ache,2,0,16,5,,,,,,,,,,,,,pear,mango,stomach ache,m,1.16674791709,,,,,,,,,,2017_Sep_28_1034,60.0636703055,Exp13,001,013,
B,E,Stomach Ache,2,1,17,2,,,,,,,,,,,,,strawberry,apple,stomach ache,m,1.7653282453,,,,,,,,,,2017_Sep_28_1034,60.0636703055,Exp13,001,013,
A, ,Stomach Ache,2,2,18,0,,,,,,,,,,,,,kiwi,,stomach ache,m,0.80022194839,,,,,,,,,,2017_Sep_28_1034,60.0636703055,Exp13,001,013,
G,J,Stomach Ache,2,3,19,6,,,,,,,,,,,,,banana,peach,no stomach ache,z,2.61828026042,,,,,,,,,,2017_Sep_28_1034,60.0636703055,Exp13,001,013,
C,E,No Stomach Ache,2,4,20,3,,,,,,,,,,,,,orange,apple,stomach ache,m,2.53316084678,,,,,,,,,,2017_Sep_28_1034,60.0636703055,Exp13,001,013,
A,D,Stomach Ache,2,5,21,1,,,,,,,,,,,,,kiwi,plum,stomach ache,m,1.20174695994,,,,,,,,,,2017_Sep_28_1034,60.0636703055,Exp13,001,013,
F, ,Stomach Ache,2,6,22,4,,,,,,,,,,,,,pear,,stomach ache,m,1.05020261278,,,,,,,,,,2017_Sep_28_1034,60.0636703055,Exp13,001,013,
H,J,No Stomach Ache,2,7,23,7,,,,,,,,,,,,,cherry,peach,stomach ache,m,4.2323584799,,,,,,,,,,2017_Sep_28_1034,60.0636703055,Exp13,001,013,
H,J,No Stomach Ache,3,0,24,7,,,,,,,,,,,,,cherry,peach,no stomach ache,z,1.50006526866,,,,,,,,,,2017_Sep_28_1034,60.0636703055,Exp13,001,013,
A,D,Stomach Ache,3,1,25,1,,,,,,,,,,,,,kiwi,plum,stomach ache,m,0.883290561658,,,,,,,,,,2017_Sep_28_1034,60.0636703055,Exp13,001,013,
A, ,Stomach Ache,3,2,26,0,,,,,,,,,,,,,kiwi,,stomach ache,m,0.638107930194,,,,,,,,,,2017_Sep_28_1034,60.0636703055,Exp13,001,013,
F,I,Stomach Ache,3,3,27,5,,,,,,,,,,,,,pear,mango,stomach ache,m,1.16865488145,,,,,,,,,,2017_Sep_28_1034,60.0636703055,Exp13,001,013,
C,E,No Stomach Ache,3,4,28,3,,,,,,,,,,,,,orange,apple,stomach ache,m,2.76428744661,,,,,,,,,,2017_Sep_28_1034,60.0636703055,Exp13,001,013,
F, ,Stomach Ache,3,5,29,4,,,,,,,,,,,,,pear,,stomach ache,m,0.552392874553,,,,,,,,,,2017_Sep_28_1034,60.0636703055,Exp13,001,013,
B,E,Stomach Ache,3,6,30,2,,,,,,,,,,,,,strawberry,apple,stomach ache,m,1.58138580208,,,,,,,,,,2017_Sep_28_1034,60.0636703055,Exp13,001,013,
G,J,Stomach Ache,3,7,31,6,,,,,,,,,,,,,banana,peach,stomach ache,m,1.31983001455,,,,,,,,,,2017_Sep_28_1034,60.0636703055,Exp13,001,013,
A, ,Stomach Ache,4,0,32,0,,,,,,,,,,,,,kiwi,,stomach ache,m,0.686079160194,,,,,,,,,,2017_Sep_28_1034,60.0636703055,Exp13,001,013,
F, ,Stomach Ache,4,1,33,4,,,,,,,,,,,,,pear,,stomach ache,m,0.638174073756,,,,,,,,,,2017_Sep_28_1034,60.0636703055,Exp13,001,013,
G,J,Stomach Ache,4,2,34,6,,,,,,,,,,,,,banana,peach,stomach ache,m,1.13473268379,,,,,,,,,,2017_Sep_28_1034,60.0636703055,Exp13,001,013,
F,I,Stomach Ache,4,3,35,5,,,,,,,,,,,,,pear,mango,stomach ache,m,0.802133812278,,,,,,,,,,2017_Sep_28_1034,60.0636703055,Exp13,001,013,
B,E,Stomach Ache,4,4,36,2,,,,,,,,,,,,,strawberry,apple,stomach ache,m,1.26756330271,,,,,,,,,,2017_Sep_28_1034,60.0636703055,Exp13,001,013,
H,J,No Stomach Ache,4,5,37,7,,,,,,,,,,,,,cherry,peach,no stomach ache,z,2.54996691072,,,,,,,,,,2017_Sep_28_1034,60.0636703055,Exp13,001,013,
C,E,No Stomach Ache,4,6,38,3,,,,,,,,,,,,,orange,apple,no stomach ache,z,1.84759788634,,,,,,,,,,2017_Sep_28_1034,60.0636703055,Exp13,001,013,
A,D,Stomach Ache,4,7,39,1,,,,,,,,,,,,,kiwi,plum,stomach ache,m,0.666245191023,,,,,,,,,,2017_Sep_28_1034,60.0636703055,Exp13,001,013,
C,E,No Stomach Ache,5,0,40,3,,,,,,,,,,,,,orange,apple,no stomach ache,z,1.73686831587,,,,,,,,,,2017_Sep_28_1034,60.0636703055,Exp13,001,013,
B,E,Stomach Ache,5,1,41,2,,,,,,,,,,,,,strawberry,apple,stomach ache,m,0.937565727989,,,,,,,,,,2017_Sep_28_1034,60.0636703055,Exp13,001,013,
H,J,No Stomach Ache,5,2,42,7,,,,,,,,,,,,,cherry,peach,no stomach ache,z,1.78263511047,,,,,,,,,,2017_Sep_28_1034,60.0636703055,Exp13,001,013,
A,D,Stomach Ache,5,3,43,1,,,,,,,,,,,,,kiwi,plum,stomach ache,m,1.13422173352,,,,,,,,,,2017_Sep_28_1034,60.0636703055,Exp13,001,013,
F, ,Stomach Ache,5,4,44,4,,,,,,,,,,,,,pear,,stomach ache,m,0.988154003207,,,,,,,,,,2017_Sep_28_1034,60.0636703055,Exp13,001,013,
F,I,Stomach Ache,5,5,45,5,,,,,,,,,,,,,pear,mango,stomach ache,m,0.621798817883,,,,,,,,,,2017_Sep_28_1034,60.0636703055,Exp13,001,013,
G,J,Stomach Ache,5,6,46,6,,,,,,,,,,,,,banana,peach,stomach ache,m,1.53391257361,,,,,,,,,,2017_Sep_28_1034,60.0636703055,Exp13,001,013,
A, ,Stomach Ache,5,7,47,0,,,,,,,,,,,,,kiwi,,stomach ache,m,0.655020033795,,,,,,,,,,2017_Sep_28_1034,60.0636703055,Exp13,001,013,
F,I,Stomach Ache,6,0,48,5,,,,,,,,,,,,,pear,mango,stomach ache,m,0.715863010744,,,,,,,,,,2017_Sep_28_1034,60.0636703055,Exp13,001,013,
H,J,No Stomach Ache,6,1,49,7,,,,,,,,,,,,,cherry,peach,no stomach ache,z,1.31587714935,,,,,,,,,,2017_Sep_28_1034,60.0636703055,Exp13,001,013,
C,E,No Stomach Ache,6,2,50,3,,,,,,,,,,,,,orange,apple,no stomach ache,z,1.96755430859,,,,,,,,,,2017_Sep_28_1034,60.0636703055,Exp13,001,013,
F, ,Stomach Ache,6,3,51,4,,,,,,,,,,,,,pear,,stomach ache,m,0.666946522761,,,,,,,,,,2017_Sep_28_1034,60.0636703055,Exp13,001,013,
A, ,Stomach Ache,6,4,52,0,,,,,,,,,,,,,kiwi,,stomach ache,m,0.971293344599,,,,,,,,,,2017_Sep_28_1034,60.0636703055,Exp13,001,013,
B,E,Stomach Ache,6,5,53,2,,,,,,,,,,,,,strawberry,apple,stomach ache,m,1.04687058715,,,,,,,,,,2017_Sep_28_1034,60.0636703055,Exp13,001,013,
A,D,Stomach Ache,6,6,54,1,,,,,,,,,,,,,kiwi,plum,stomach ache,m,0.868051645186,,,,,,,,,,2017_Sep_28_1034,60.0636703055,Exp13,001,013,
G,J,Stomach Ache,6,7,55,6,,,,,,,,,,,,,banana,peach,stomach ache,m,1.00181247355,,,,,,,,,,2017_Sep_28_1034,60.0636703055,Exp13,001,013,
G,J,Stomach Ache,7,0,56,6,,,,,,,,,,,,,banana,peach,stomach ache,m,0.550149942908,,,,,,,,,,2017_Sep_28_1034,60.0636703055,Exp13,001,013,
H,J,No Stomach Ache,7,1,57,7,,,,,,,,,,,,,cherry,peach,no stomach ache,z,1.08892669299,,,,,,,,,,2017_Sep_28_1034,60.0636703055,Exp13,001,013,
A, ,Stomach Ache,7,2,58,0,,,,,,,,,,,,,kiwi,,stomach ache,m,0.552374676321,,,,,,,,,,2017_Sep_28_1034,60.0636703055,Exp13,001,013,
B,E,Stomach Ache,7,3,59,2,,,,,,,,,,,,,strawberry,apple,stomach ache,m,0.884001342463,,,,,,,,,,2017_Sep_28_1034,60.0636703055,Exp13,001,013,
F,I,Stomach Ache,7,4,60,5,,,,,,,,,,,,,pear,mango,stomach ache,m,0.849450256021,,,,,,,,,,2017_Sep_28_1034,60.0636703055,Exp13,001,013,
A,D,Stomach Ache,7,5,61,1,,,,,,,,,,,,,kiwi,plum,stomach ache,m,0.985689543115,,,,,,,,,,2017_Sep_28_1034,60.0636703055,Exp13,001,013,
C,E,No Stomach Ache,7,6,62,3,,,,,,,,,,,,,orange,apple,no stomach ache,z,1.31298398101,,,,,,,,,,2017_Sep_28_1034,60.0636703055,Exp13,001,013,
F, ,Stomach Ache,7,7,63,4,,,,,,,,,,,,,pear,,stomach ache,m,0.533633300802,,,,,,,,,,2017_Sep_28_1034,60.0636703055,Exp13,001,013,
C,E,No Stomach Ache,8,0,64,3,,,,,,,,,,,,,orange,apple,no stomach ache,z,0.800748997091,,,,,,,,,,2017_Sep_28_1034,60.0636703055,Exp13,001,013,
G,J,Stomach Ache,8,1,65,6,,,,,,,,,,,,,banana,peach,stomach ache,m,1.04895883385,,,,,,,,,,2017_Sep_28_1034,60.0636703055,Exp13,001,013,
F,I,Stomach Ache,8,2,66,5,,,,,,,,,,,,,pear,mango,stomach ache,m,0.783049820093,,,,,,,,,,2017_Sep_28_1034,60.0636703055,Exp13,001,013,
F, ,Stomach Ache,8,3,67,4,,,,,,,,,,,,,pear,,stomach ache,m,0.600226917915,,,,,,,,,,2017_Sep_28_1034,60.0636703055,Exp13,001,013,
B,E,Stomach Ache,8,4,68,2,,,,,,,,,,,,,strawberry,apple,stomach ache,m,0.847987748391,,,,,,,,,,2017_Sep_28_1034,60.0636703055,Exp13,001,013,
A, ,Stomach Ache,8,5,69,0,,,,,,,,,,,,,kiwi,,stomach ache,m,0.569238834592,,,,,,,,,,2017_Sep_28_1034,60.0636703055,Exp13,001,013,
H,J,No Stomach Ache,8,6,70,7,,,,,,,,,,,,,cherry,peach,no stomach ache,z,1.05141524473,,,,,,,,,,2017_Sep_28_1034,60.0636703055,Exp13,001,013,
A,D,Stomach Ache,8,7,71,1,,,,,,,,,,,,,kiwi,plum,stomach ache,m,0.601369906639,,,,,,,,,,2017_Sep_28_1034,60.0636703055,Exp13,001,013,
A,D,Stomach Ache,9,0,72,1,,,,,,,,,,,,,kiwi,plum,stomach ache,m,0.538676309865,,,,,,,,,,2017_Sep_28_1034,60.0636703055,Exp13,001,013,
G,J,Stomach Ache,9,1,73,6,,,,,,,,,,,,,banana,peach,stomach ache,m,0.686730096815,,,,,,,,,,2017_Sep_28_1034,60.0636703055,Exp13,001,013,
F,I,Stomach Ache,9,2,74,5,,,,,,,,,,,,,pear,mango,stomach ache,m,0.754739326119,,,,,,,,,,2017_Sep_28_1034,60.0636703055,Exp13,001,013,
H,J,No Stomach Ache,9,3,75,7,,,,,,,,,,,,,cherry,peach,no stomach ache,z,1.2827294263,,,,,,,,,,2017_Sep_28_1034,60.0636703055,Exp13,001,013,
F, ,Stomach Ache,9,4,76,4,,,,,,,,,,,,,pear,,stomach ache,m,0.571373276805,,,,,,,,,,2017_Sep_28_1034,60.0636703055,Exp13,001,013,
B,E,Stomach Ache,9,5,77,2,,,,,,,,,,,,,strawberry,apple,stomach ache,m,1.33139848836,,,,,,,,,,2017_Sep_28_1034,60.0636703055,Exp13,001,013,
A, ,Stomach Ache,9,6,78,0,,,,,,,,,,,,,kiwi,,stomach ache,m,0.650300393245,,,,,,,,,,2017_Sep_28_1034,60.0636703055,Exp13,001,013,
C,E,No Stomach Ache,9,7,79,3,,,,,,,,,,,,,orange,apple,no stomach ache,z,1.49795042453,,,,,,,,,,2017_Sep_28_1034,60.0636703055,Exp13,001,013,
G,J,Stomach Ache,10,0,80,6,,,,,,,,,,,,,banana,peach,stomach ache,m,0.816568157083,,,,,,,,,,2017_Sep_28_1034,60.0636703055,Exp13,001,013,
F, ,Stomach Ache,10,1,81,4,,,,,,,,,,,,,pear,,stomach ache,m,0.602414554945,,,,,,,,,,2017_Sep_28_1034,60.0636703055,Exp13,001,013,
H,J,No Stomach Ache,10,2,82,7,,,,,,,,,,,,,cherry,peach,no stomach ache,z,1.34893458123,,,,,,,,,,2017_Sep_28_1034,60.0636703055,Exp13,001,013,
C,E,No Stomach Ache,10,3,83,3,,,,,,,,,,,,,orange,apple,no stomach ache,z,0.984240334205,,,,,,,,,,2017_Sep_28_1034,60.0636703055,Exp13,001,013,
A, ,Stomach Ache,10,4,84,0,,,,,,,,,,,,,kiwi,,stomach ache,m,0.466885698683,,,,,,,,,,2017_Sep_28_1034,60.0636703055,Exp13,001,013,
A,D,Stomach Ache,10,5,85,1,,,,,,,,,,,,,kiwi,plum,stomach ache,m,0.572063409621,,,,,,,,,,2017_Sep_28_1034,60.0636703055,Exp13,001,013,
F,I,Stomach Ache,10,6,86,5,,,,,,,,,,,,,pear,mango,stomach ache,m,1.27125789304,,,,,,,,,,2017_Sep_28_1034,60.0636703055,Exp13,001,013,
B,E,Stomach Ache,10,7,87,2,,,,,,,,,,,,,strawberry,apple,stomach ache,m,0.715131581936,,,,,,,,,,2017_Sep_28_1034,60.0636703055,Exp13,001,013,
C,E,No Stomach Ache,11,0,88,3,,,,,,,,,,,,,orange,apple,no stomach ache,z,0.752780566807,,,,,,,,,,2017_Sep_28_1034,60.0636703055,Exp13,001,013,
B,E,Stomach Ache,11,1,89,2,,,,,,,,,,,,,strawberry,apple,stomach ache,m,1.41747890844,,,,,,,,,,2017_Sep_28_1034,60.0636703055,Exp13,001,013,
A, ,Stomach Ache,11,2,90,0,,,,,,,,,,,,,kiwi,,stomach ache,m,0.685775039805,,,,,,,,,,2017_Sep_28_1034,60.0636703055,Exp13,001,013,
A,D,Stomach Ache,11,3,91,1,,,,,,,,,,,,,kiwi,plum,stomach ache,m,0.602876160003,,,,,,,,,,2017_Sep_28_1034,60.0636703055,Exp13,001,013,
G,J,Stomach Ache,11,4,92,6,,,,,,,,,,,,,banana,peach,stomach ache,m,0.535017766015,,,,,,,,,,2017_Sep_28_1034,60.0636703055,Exp13,001,013,
F, ,Stomach Ache,11,5,93,4,,,,,,,,,,,,,pear,,stomach ache,m,0.467303558005,,,,,,,,,,2017_Sep_28_1034,60.0636703055,Exp13,001,013,
H,J,No Stomach Ache,11,6,94,7,,,,,,,,,,,,,cherry,peach,no stomach ache,z,1.20120416276,,,,,,,,,,2017_Sep_28_1034,60.0636703055,Exp13,001,013,
F,I,Stomach Ache,11,7,95,5,,,,,,,,,,,,,pear,mango,stomach ache,m,0.935386840094,,,,,,,,,,2017_Sep_28_1034,60.0636703055,Exp13,001,013,
D,C,Stomach Ache,,,,,0,0,0,0,,,,,,,,,plum,orange,no stomach ache,,,z,1.28402709996,,,,,,,,2017_Sep_28_1034,60.0636703055,Exp13,001,013,
D,C,Stomach Ache,,,,,1,0,1,0,,,,,,,,,plum,orange,stomach ache,,,m,2.4384611158,,,,,,,,2017_Sep_28_1034,60.0636703055,Exp13,001,013,
D,C,Stomach Ache,,,,,2,0,2,0,,,,,,,,,plum,orange,stomach ache,,,m,1.35534525714,,,,,,,,2017_Sep_28_1034,60.0636703055,Exp13,001,013,
D,C,Stomach Ache,,,,,3,0,3,0,,,,,,,,,plum,orange,stomach ache,,,m,0.884014991141,,,,,,,,2017_Sep_28_1034,60.0636703055,Exp13,001,013,
D,C,Stomach Ache,,,,,4,0,4,0,,,,,,,,,plum,orange,stomach ache,,,m,0.686173651004,,,,,,,,2017_Sep_28_1034,60.0636703055,Exp13,001,013,
D,C,Stomach Ache,,,,,5,0,5,0,,,,,,,,,plum,orange,stomach ache,,,m,1.00070588129,,,,,,,,2017_Sep_28_1034,60.0636703055,Exp13,001,013,
,,,,,,,,,,,,,,,,,,,,,,,,,,space,4.73472092491,,,,,,2017_Sep_28_1034,60.0636703055,Exp13,001,013,
B, ,,,,,,,,,,0,0,0,1,,,,,strawberry,,,,,,,,,10,5.636,"[(None, 0.0), (u'10', 5.636)]",,,2017_Sep_28_1034,60.0636703055,Exp13,001,013,
D, ,,,,,,,,,,0,1,1,3,,,,,plum,,,,,,,,,5,3.669,"[(None, 0.0), (u'5', 3.669)]",,,2017_Sep_28_1034,60.0636703055,Exp13,001,013,
A, ,,,,,,,,,,0,2,2,0,,,,,kiwi,,,,,,,,,10,1.793,"[(None, 0.0), (u'10', 1.793)]",,,2017_Sep_28_1034,60.0636703055,Exp13,001,013,
I,C,,,,,,,,,,0,3,3,10,,,,,mango,orange,,,,,,,,5,8.005,"[(None, 0.0), (u'5', 8.005)]",,,2017_Sep_28_1034,60.0636703055,Exp13,001,013,
D,H,,,,,,,,,,0,4,4,11,,,,,plum,cherry,,,,,,,,5,1.606,"[(None, 0.0), (u'5', 1.606)]",,,2017_Sep_28_1034,60.0636703055,Exp13,001,013,
J, ,,,,,,,,,,0,5,5,9,,,,,peach,,,,,,,,,0,2.205,"[(None, 0.0), (u'0', 2.205)]",,,2017_Sep_28_1034,60.0636703055,Exp13,001,013,
C, ,,,,,,,,,,0,6,6,2,,,,,orange,,,,,,,,,5,2.655,"[(None, 0.0), (u'5', 2.655)]",,,2017_Sep_28_1034,60.0636703055,Exp13,001,013,
G, ,,,,,,,,,,0,7,7,6,,,,,banana,,,,,,,,,10,1.51,"[(None, 0.0), (u'10', 1.51)]",,,2017_Sep_28_1034,60.0636703055,Exp13,001,013,
E, ,,,,,,,,,,0,8,8,4,,,,,apple,,,,,,,,,0,1.909,"[(None, 0.0), (u'0', 1.909)]",,,2017_Sep_28_1034,60.0636703055,Exp13,001,013,
F, ,,,,,,,,,,0,9,9,5,,,,,pear,,,,,,,,,10,1.336,"[(None, 0.0), (u'10', 1.336)]",,,2017_Sep_28_1034,60.0636703055,Exp13,001,013,
H, ,,,,,,,,,,0,10,10,7,,,,,cherry,,,,,,,,,0,1.772,"[(None, 0.0), (u'0', 1.772)]",,,2017_Sep_28_1034,60.0636703055,Exp13,001,013,
I, ,,,,,,,,,,0,11,11,8,,,,,mango,,,,,,,,,0,0.97,"[(None, 0.0), (u'0', 0.97)]",,,2017_Sep_28_1034,60.0636703055,Exp13,001,013,
J, ,,,,,,,,,,1,0,12,9,,,,,peach,,,,,,,,,0,0.943,"[(None, 0.0), (u'0', 0.943)]",,,2017_Sep_28_1034,60.0636703055,Exp13,001,013,
I, ,,,,,,,,,,1,1,13,8,,,,,mango,,,,,,,,,0,1.137,"[(None, 0.0), (u'0', 1.137)]",,,2017_Sep_28_1034,60.0636703055,Exp13,001,013,
G, ,,,,,,,,,,1,2,14,6,,,,,banana,,,,,,,,,10,1.971,"[(None, 0.0), (u'10', 1.971)]",,,2017_Sep_28_1034,60.0636703055,Exp13,001,013,
D, ,,,,,,,,,,1,3,15,3,,,,,plum,,,,,,,,,5,2.97,"[(None, 0.0), (u'5', 2.97)]",,,2017_Sep_28_1034,60.0636703055,Exp13,001,013,
I,C,,,,,,,,,,1,4,16,10,,,,,mango,orange,,,,,,,,5,2.837,"[(None, 0.0), (u'5', 2.836)]",,,2017_Sep_28_1034,60.0636703055,Exp13,001,013,
C, ,,,,,,,,,,1,5,17,2,,,,,orange,,,,,,,,,5,1.471,"[(None, 0.0), (u'5', 1.471)]",,,2017_Sep_28_1034,60.0636703055,Exp13,001,013,
H, ,,,,,,,,,,1,6,18,7,,,,,cherry,,,,,,,,,0,1.637,"[(None, 0.0), (u'0', 1.637)]",,,2017_Sep_28_1034,60.0636703055,Exp13,001,013,
D,H,,,,,,,,,,1,7,19,11,,,,,plum,cherry,,,,,,,,5,1.603,"[(None, 0.0), (u'5', 1.603)]",,,2017_Sep_28_1034,60.0636703055,Exp13,001,013,
A, ,,,,,,,,,,1,8,20,0,,,,,kiwi,,,,,,,,,10,1.953,"[(None, 0.0), (u'10', 1.953)]",,,2017_Sep_28_1034,60.0636703055,Exp13,001,013,
F, ,,,,,,,,,,1,9,21,5,,,,,pear,,,,,,,,,10,1.054,"[(None, 0.0), (u'10', 1.053)]",,,2017_Sep_28_1034,60.0636703055,Exp13,001,013,
B, ,,,,,,,,,,1,10,22,1,,,,,strawberry,,,,,,,,,10,0.876,"[(None, 0.0), (u'10', 0.876)]",,,2017_Sep_28_1034,60.0636703055,Exp13,001,013,
E, ,,,,,,,,,,1,11,23,4,,,,,apple,,,,,,,,,0,1.76,"[(None, 0.0), (u'0', 1.76)]",,,2017_Sep_28_1034,60.0636703055,Exp13,001,013,
,,,,,,,,,,,,,,,,,,,,,,,,,,,,,,,space,2.13232841784,2017_Sep_28_1034,60.0636703055,Exp13,001,013,
