stim1,stim2,outcome,train_trials.thisRepN,train_trials.thisTrialN,train_trials.thisN,train_trials.thisIndex,train_trials2.thisRepN,train_trials2.thisTrialN,train_trials2.thisN,train_trials2.thisIndex,test_trials.thisRepN,test_trials.thisTrialN,test_trials.thisN,test_trials.thisIndex,start_exp.keys,start_exp.rt,start_exp2.keys,start_exp2.rt,stim.A,stim.B,pressed,key_ans.keys,key_ans.rt,key_answ.keys,key_answ.rt,start.keys,start.rt,rating.response,rating.rt,rating.history,exit_exp.keys,exit_exp.rt,date,frameRate,expName,session,participant,
,,,,,,,,,,,,,,,space,146.279232917,,,,,,,,,,,,,,,,,2017_Sep_28_1137,60.0174963967,Exp13,001,014,
,,,,,,,,,,,,,,,,,space,17.0159028019,,,,,,,,,,,,,,,2017_Sep_28_1137,60.0174963967,Exp13,001,014,
A,D,Stomach Ache,0,0,0,1,,,,,,,,,,,,,mango,kiwi,no stomach ache,z,13.6145412244,,,,,,,,,,2017_Sep_28_1137,60.0174963967,Exp13,001,014,
F, ,Stomach Ache,0,1,1,4,,,,,,,,,,,,,orange,,stomach ache,m,4.73565183429,,,,,,,,,,2017_Sep_28_1137,60.0174963967,Exp13,001,014,
F,I,Stomach Ache,0,2,2,5,,,,,,,,,,,,,orange,banana,stomach ache,m,4.03578261656,,,,,,,,,,2017_Sep_28_1137,60.0174963967,Exp13,001,014,
B,E,Stomach Ache,0,3,3,2,,,,,,,,,,,,,peach,cherry,stomach ache,m,5.19923945404,,,,,,,,,,2017_Sep_28_1137,60.0174963967,Exp13,001,014,
A, ,Stomach Ache,0,4,4,0,,,,,,,,,,,,,mango,,stomach ache,m,2.2356590086,,,,,,,,,,2017_Sep_28_1137,60.0174963967,Exp13,001,014,
H,J,No Stomach Ache,0,5,5,7,,,,,,,,,,,,,pear,strawberry,stomach ache,m,4.00367149258,,,,,,,,,,2017_Sep_28_1137,60.0174963967,Exp13,001,014,
C,E,No Stomach Ache,0,6,6,3,,,,,,,,,,,,,apple,cherry,stomach ache,m,3.11638886954,,,,,,,,,,2017_Sep_28_1137,60.0174963967,Exp13,001,014,
G,J,Stomach Ache,0,7,7,6,,,,,,,,,,,,,plum,strawberry,no stomach ache,z,3.10175294435,,,,,,,,,,2017_Sep_28_1137,60.0174963967,Exp13,001,014,
G,J,Stomach Ache,1,0,8,6,,,,,,,,,,,,,plum,strawberry,stomach ache,m,4.33400818431,,,,,,,,,,2017_Sep_28_1137,60.0174963967,Exp13,001,014,
F,I,Stomach Ache,1,1,9,5,,,,,,,,,,,,,orange,banana,stomach ache,m,2.96609915025,,,,,,,,,,2017_Sep_28_1137,60.0174963967,Exp13,001,014,
A, ,Stomach Ache,1,2,10,0,,,,,,,,,,,,,mango,,stomach ache,m,3.68565430156,,,,,,,,,,2017_Sep_28_1137,60.0174963967,Exp13,001,014,
A,D,Stomach Ache,1,3,11,1,,,,,,,,,,,,,mango,kiwi,stomach ache,m,2.73687286543,,,,,,,,,,2017_Sep_28_1137,60.0174963967,Exp13,001,014,
B,E,Stomach Ache,1,4,12,2,,,,,,,,,,,,,peach,cherry,no stomach ache,z,3.33360677339,,,,,,,,,,2017_Sep_28_1137,60.0174963967,Exp13,001,014,
F, ,Stomach Ache,1,5,13,4,,,,,,,,,,,,,orange,,stomach ache,m,2.8524890102,,,,,,,,,,2017_Sep_28_1137,60.0174963967,Exp13,001,014,
C,E,No Stomach Ache,1,6,14,3,,,,,,,,,,,,,apple,cherry,stomach ache,m,3.24915964431,,,,,,,,,,2017_Sep_28_1137,60.0174963967,Exp13,001,014,
H,J,No Stomach Ache,1,7,15,7,,,,,,,,,,,,,pear,strawberry,no stomach ache,z,3.38231923123,,,,,,,,,,2017_Sep_28_1137,60.0174963967,Exp13,001,014,
C,E,No Stomach Ache,2,0,16,3,,,,,,,,,,,,,apple,cherry,stomach ache,m,2.7166605831,,,,,,,,,,2017_Sep_28_1137,60.0174963967,Exp13,001,014,
G,J,Stomach Ache,2,1,17,6,,,,,,,,,,,,,plum,strawberry,stomach ache,m,6.11592691453,,,,,,,,,,2017_Sep_28_1137,60.0174963967,Exp13,001,014,
H,J,No Stomach Ache,2,2,18,7,,,,,,,,,,,,,pear,strawberry,stomach ache,m,2.38856962274,,,,,,,,,,2017_Sep_28_1137,60.0174963967,Exp13,001,014,
F,I,Stomach Ache,2,3,19,5,,,,,,,,,,,,,orange,banana,stomach ache,m,1.11662544652,,,,,,,,,,2017_Sep_28_1137,60.0174963967,Exp13,001,014,
F, ,Stomach Ache,2,4,20,4,,,,,,,,,,,,,orange,,stomach ache,m,1.38394412304,,,,,,,,,,2017_Sep_28_1137,60.0174963967,Exp13,001,014,
A,D,Stomach Ache,2,5,21,1,,,,,,,,,,,,,mango,kiwi,stomach ache,m,1.48310836939,,,,,,,,,,2017_Sep_28_1137,60.0174963967,Exp13,001,014,
B,E,Stomach Ache,2,6,22,2,,,,,,,,,,,,,peach,cherry,no stomach ache,z,2.35248813528,,,,,,,,,,2017_Sep_28_1137,60.0174963967,Exp13,001,014,
A, ,Stomach Ache,2,7,23,0,,,,,,,,,,,,,mango,,stomach ache,m,1.45032076127,,,,,,,,,,2017_Sep_28_1137,60.0174963967,Exp13,001,014,
A,D,Stomach Ache,3,0,24,1,,,,,,,,,,,,,mango,kiwi,stomach ache,m,2.6031011881,,,,,,,,,,2017_Sep_28_1137,60.0174963967,Exp13,001,014,
H,J,No Stomach Ache,3,1,25,7,,,,,,,,,,,,,pear,strawberry,no stomach ache,z,2.6136117149,,,,,,,,,,2017_Sep_28_1137,60.0174963967,Exp13,001,014,
B,E,Stomach Ache,3,2,26,2,,,,,,,,,,,,,peach,cherry,stomach ache,m,1.86633576221,,,,,,,,,,2017_Sep_28_1137,60.0174963967,Exp13,001,014,
F,I,Stomach Ache,3,3,27,5,,,,,,,,,,,,,orange,banana,stomach ache,m,1.12089958042,,,,,,,,,,2017_Sep_28_1137,60.0174963967,Exp13,001,014,
C,E,No Stomach Ache,3,4,28,3,,,,,,,,,,,,,apple,cherry,no stomach ache,z,3.73240939993,,,,,,,,,,2017_Sep_28_1137,60.0174963967,Exp13,001,014,
A, ,Stomach Ache,3,5,29,0,,,,,,,,,,,,,mango,,stomach ache,m,1.26689101815,,,,,,,,,,2017_Sep_28_1137,60.0174963967,Exp13,001,014,
F, ,Stomach Ache,3,6,30,4,,,,,,,,,,,,,orange,,stomach ache,m,1.08556702005,,,,,,,,,,2017_Sep_28_1137,60.0174963967,Exp13,001,014,
G,J,Stomach Ache,3,7,31,6,,,,,,,,,,,,,plum,strawberry,no stomach ache,z,2.3702013109,,,,,,,,,,2017_Sep_28_1137,60.0174963967,Exp13,001,014,
G,J,Stomach Ache,4,0,32,6,,,,,,,,,,,,,plum,strawberry,stomach ache,m,1.71742035913,,,,,,,,,,2017_Sep_28_1137,60.0174963967,Exp13,001,014,
A,D,Stomach Ache,4,1,33,1,,,,,,,,,,,,,mango,kiwi,stomach ache,m,1.04971336039,,,,,,,,,,2017_Sep_28_1137,60.0174963967,Exp13,001,014,
F,I,Stomach Ache,4,2,34,5,,,,,,,,,,,,,orange,banana,stomach ache,m,0.916024275037,,,,,,,,,,2017_Sep_28_1137,60.0174963967,Exp13,001,014,
F, ,Stomach Ache,4,3,35,4,,,,,,,,,,,,,orange,,stomach ache,m,1.68341661939,,,,,,,,,,2017_Sep_28_1137,60.0174963967,Exp13,001,014,
C,E,No Stomach Ache,4,4,36,3,,,,,,,,,,,,,apple,cherry,stomach ache,m,4.43184850954,,,,,,,,,,2017_Sep_28_1137,60.0174963967,Exp13,001,014,
H,J,No Stomach Ache,4,5,37,7,,,,,,,,,,,,,pear,strawberry,stomach ache,m,1.54868323568,,,,,,,,,,2017_Sep_28_1137,60.0174963967,Exp13,001,014,
A, ,Stomach Ache,4,6,38,0,,,,,,,,,,,,,mango,,stomach ache,m,0.867066141116,,,,,,,,,,2017_Sep_28_1137,60.0174963967,Exp13,001,014,
B,E,Stomach Ache,4,7,39,2,,,,,,,,,,,,,peach,cherry,stomach ache,m,2.31518526672,,,,,,,,,,2017_Sep_28_1137,60.0174963967,Exp13,001,014,
F,I,Stomach Ache,5,0,40,5,,,,,,,,,,,,,orange,banana,stomach ache,m,0.832469909044,,,,,,,,,,2017_Sep_28_1137,60.0174963967,Exp13,001,014,
C,E,No Stomach Ache,5,1,41,3,,,,,,,,,,,,,apple,cherry,stomach ache,m,3.76478229844,,,,,,,,,,2017_Sep_28_1137,60.0174963967,Exp13,001,014,
G,J,Stomach Ache,5,2,42,6,,,,,,,,,,,,,plum,strawberry,stomach ache,m,1.93138567961,,,,,,,,,,2017_Sep_28_1137,60.0174963967,Exp13,001,014,
F, ,Stomach Ache,5,3,43,4,,,,,,,,,,,,,orange,,stomach ache,m,1.05481621364,,,,,,,,,,2017_Sep_28_1137,60.0174963967,Exp13,001,014,
A, ,Stomach Ache,5,4,44,0,,,,,,,,,,,,,mango,,stomach ache,m,1.01939721168,,,,,,,,,,2017_Sep_28_1137,60.0174963967,Exp13,001,014,
H,J,No Stomach Ache,5,5,45,7,,,,,,,,,,,,,pear,strawberry,no stomach ache,z,3.51506900803,,,,,,,,,,2017_Sep_28_1137,60.0174963967,Exp13,001,014,
B,E,Stomach Ache,5,6,46,2,,,,,,,,,,,,,peach,cherry,stomach ache,m,1.76652862845,,,,,,,,,,2017_Sep_28_1137,60.0174963967,Exp13,001,014,
A,D,Stomach Ache,5,7,47,1,,,,,,,,,,,,,mango,kiwi,stomach ache,m,1.04865681326,,,,,,,,,,2017_Sep_28_1137,60.0174963967,Exp13,001,014,
F,I,Stomach Ache,6,0,48,5,,,,,,,,,,,,,orange,banana,stomach ache,m,0.949556260704,,,,,,,,,,2017_Sep_28_1137,60.0174963967,Exp13,001,014,
H,J,No Stomach Ache,6,1,49,7,,,,,,,,,,,,,pear,strawberry,no stomach ache,z,4.58189535249,,,,,,,,,,2017_Sep_28_1137,60.0174963967,Exp13,001,014,
A, ,Stomach Ache,6,2,50,0,,,,,,,,,,,,,mango,,stomach ache,m,1.18348888736,,,,,,,,,,2017_Sep_28_1137,60.0174963967,Exp13,001,014,
B,E,Stomach Ache,6,3,51,2,,,,,,,,,,,,,peach,cherry,stomach ache,m,1.4524622028,,,,,,,,,,2017_Sep_28_1137,60.0174963967,Exp13,001,014,
C,E,No Stomach Ache,6,4,52,3,,,,,,,,,,,,,apple,cherry,no stomach ache,z,1.62003638946,,,,,,,,,,2017_Sep_28_1137,60.0174963967,Exp13,001,014,
A,D,Stomach Ache,6,5,53,1,,,,,,,,,,,,,mango,kiwi,stomach ache,m,0.9159826291,,,,,,,,,,2017_Sep_28_1137,60.0174963967,Exp13,001,014,
G,J,Stomach Ache,6,6,54,6,,,,,,,,,,,,,plum,strawberry,stomach ache,m,2.86792565744,,,,,,,,,,2017_Sep_28_1137,60.0174963967,Exp13,001,014,
F, ,Stomach Ache,6,7,55,4,,,,,,,,,,,,,orange,,stomach ache,m,1.33386294845,,,,,,,,,,2017_Sep_28_1137,60.0174963967,Exp13,001,014,
A, ,Stomach Ache,7,0,56,0,,,,,,,,,,,,,mango,,stomach ache,m,0.966996462899,,,,,,,,,,2017_Sep_28_1137,60.0174963967,Exp13,001,014,
A,D,Stomach Ache,7,1,57,1,,,,,,,,,,,,,mango,kiwi,stomach ache,m,0.98857186253,,,,,,,,,,2017_Sep_28_1137,60.0174963967,Exp13,001,014,
G,J,Stomach Ache,7,2,58,6,,,,,,,,,,,,,plum,strawberry,no stomach ache,z,5.08687449277,,,,,,,,,,2017_Sep_28_1137,60.0174963967,Exp13,001,014,
H,J,No Stomach Ache,7,3,59,7,,,,,,,,,,,,,pear,strawberry,stomach ache,m,2.70261155078,,,,,,,,,,2017_Sep_28_1137,60.0174963967,Exp13,001,014,
B,E,Stomach Ache,7,4,60,2,,,,,,,,,,,,,peach,cherry,stomach ache,m,1.84931201948,,,,,,,,,,2017_Sep_28_1137,60.0174963967,Exp13,001,014,
F,I,Stomach Ache,7,5,61,5,,,,,,,,,,,,,orange,banana,stomach ache,m,1.03274806197,,,,,,,,,,2017_Sep_28_1137,60.0174963967,Exp13,001,014,
F, ,Stomach Ache,7,6,62,4,,,,,,,,,,,,,orange,,stomach ache,m,0.667096308171,,,,,,,,,,2017_Sep_28_1137,60.0174963967,Exp13,001,014,
C,E,No Stomach Ache,7,7,63,3,,,,,,,,,,,,,apple,cherry,stomach ache,m,4.70177863186,,,,,,,,,,2017_Sep_28_1137,60.0174963967,Exp13,001,014,
A,D,Stomach Ache,8,0,64,1,,,,,,,,,,,,,mango,kiwi,stomach ache,m,1.06575299895,,,,,,,,,,2017_Sep_28_1137,60.0174963967,Exp13,001,014,
H,J,No Stomach Ache,8,1,65,7,,,,,,,,,,,,,pear,strawberry,no stomach ache,z,3.58127941245,,,,,,,,,,2017_Sep_28_1137,60.0174963967,Exp13,001,014,
G,J,Stomach Ache,8,2,66,6,,,,,,,,,,,,,plum,strawberry,stomach ache,m,1.36746352744,,,,,,,,,,2017_Sep_28_1137,60.0174963967,Exp13,001,014,
F, ,Stomach Ache,8,3,67,4,,,,,,,,,,,,,orange,,stomach ache,m,0.603037494293,,,,,,,,,,2017_Sep_28_1137,60.0174963967,Exp13,001,014,
F,I,Stomach Ache,8,4,68,5,,,,,,,,,,,,,orange,banana,stomach ache,m,0.717471454162,,,,,,,,,,2017_Sep_28_1137,60.0174963967,Exp13,001,014,
B,E,Stomach Ache,8,5,69,2,,,,,,,,,,,,,peach,cherry,stomach ache,m,2.40477864481,,,,,,,,,,2017_Sep_28_1137,60.0174963967,Exp13,001,014,
C,E,No Stomach Ache,8,6,70,3,,,,,,,,,,,,,apple,cherry,no stomach ache,z,1.3336568185,,,,,,,,,,2017_Sep_28_1137,60.0174963967,Exp13,001,014,
A, ,Stomach Ache,8,7,71,0,,,,,,,,,,,,,mango,,stomach ache,m,0.936529478844,,,,,,,,,,2017_Sep_28_1137,60.0174963967,Exp13,001,014,
G,J,Stomach Ache,9,0,72,6,,,,,,,,,,,,,plum,strawberry,stomach ache,m,2.06519655311,,,,,,,,,,2017_Sep_28_1137,60.0174963967,Exp13,001,014,
A, ,Stomach Ache,9,1,73,0,,,,,,,,,,,,,mango,,stomach ache,m,0.616927992072,,,,,,,,,,2017_Sep_28_1137,60.0174963967,Exp13,001,014,
A,D,Stomach Ache,9,2,74,1,,,,,,,,,,,,,mango,kiwi,stomach ache,m,1.08364710695,,,,,,,,,,2017_Sep_28_1137,60.0174963967,Exp13,001,014,
F, ,Stomach Ache,9,3,75,4,,,,,,,,,,,,,orange,,stomach ache,m,0.702450916404,,,,,,,,,,2017_Sep_28_1137,60.0174963967,Exp13,001,014,
B,E,Stomach Ache,9,4,76,2,,,,,,,,,,,,,peach,cherry,no stomach ache,z,3.53222888752,,,,,,,,,,2017_Sep_28_1137,60.0174963967,Exp13,001,014,
F,I,Stomach Ache,9,5,77,5,,,,,,,,,,,,,orange,banana,stomach ache,m,1.23241447445,,,,,,,,,,2017_Sep_28_1137,60.0174963967,Exp13,001,014,
C,E,No Stomach Ache,9,6,78,3,,,,,,,,,,,,,apple,cherry,no stomach ache,z,1.8133404213,,,,,,,,,,2017_Sep_28_1137,60.0174963967,Exp13,001,014,
H,J,No Stomach Ache,9,7,79,7,,,,,,,,,,,,,pear,strawberry,stomach ache,m,1.39907839971,,,,,,,,,,2017_Sep_28_1137,60.0174963967,Exp13,001,014,
B,E,Stomach Ache,10,0,80,2,,,,,,,,,,,,,peach,cherry,stomach ache,m,1.4470394807,,,,,,,,,,2017_Sep_28_1137,60.0174963967,Exp13,001,014,
F, ,Stomach Ache,10,1,81,4,,,,,,,,,,,,,orange,,stomach ache,m,0.717404610667,,,,,,,,,,2017_Sep_28_1137,60.0174963967,Exp13,001,014,
A, ,Stomach Ache,10,2,82,0,,,,,,,,,,,,,mango,,stomach ache,m,1.17160684407,,,,,,,,,,2017_Sep_28_1137,60.0174963967,Exp13,001,014,
A,D,Stomach Ache,10,3,83,1,,,,,,,,,,,,,mango,kiwi,stomach ache,m,0.750888301016,,,,,,,,,,2017_Sep_28_1137,60.0174963967,Exp13,001,014,
G,J,Stomach Ache,10,4,84,6,,,,,,,,,,,,,plum,strawberry,stomach ache,m,1.33290684152,,,,,,,,,,2017_Sep_28_1137,60.0174963967,Exp13,001,014,
F,I,Stomach Ache,10,5,85,5,,,,,,,,,,,,,orange,banana,stomach ache,m,0.649215848825,,,,,,,,,,2017_Sep_28_1137,60.0174963967,Exp13,001,014,
H,J,No Stomach Ache,10,6,86,7,,,,,,,,,,,,,pear,strawberry,stomach ache,m,1.99943270523,,,,,,,,,,2017_Sep_28_1137,60.0174963967,Exp13,001,014,
C,E,No Stomach Ache,10,7,87,3,,,,,,,,,,,,,apple,cherry,stomach ache,m,1.53706366685,,,,,,,,,,2017_Sep_28_1137,60.0174963967,Exp13,001,014,
A,D,Stomach Ache,11,0,88,1,,,,,,,,,,,,,mango,kiwi,stomach ache,m,0.620396154423,,,,,,,,,,2017_Sep_28_1137,60.0174963967,Exp13,001,014,
C,E,No Stomach Ache,11,1,89,3,,,,,,,,,,,,,apple,cherry,stomach ache,m,1.3346185249,,,,,,,,,,2017_Sep_28_1137,60.0174963967,Exp13,001,014,
A, ,Stomach Ache,11,2,90,0,,,,,,,,,,,,,mango,,stomach ache,m,0.600222018387,,,,,,,,,,2017_Sep_28_1137,60.0174963967,Exp13,001,014,
H,J,No Stomach Ache,11,3,91,7,,,,,,,,,,,,,pear,strawberry,stomach ache,m,1.19850382565,,,,,,,,,,2017_Sep_28_1137,60.0174963967,Exp13,001,014,
F, ,Stomach Ache,11,4,92,4,,,,,,,,,,,,,orange,,stomach ache,m,0.788919448692,,,,,,,,,,2017_Sep_28_1137,60.0174963967,Exp13,001,014,
G,J,Stomach Ache,11,5,93,6,,,,,,,,,,,,,plum,strawberry,stomach ache,m,2.64865205373,,,,,,,,,,2017_Sep_28_1137,60.0174963967,Exp13,001,014,
F,I,Stomach Ache,11,6,94,5,,,,,,,,,,,,,orange,banana,stomach ache,m,0.630152154685,,,,,,,,,,2017_Sep_28_1137,60.0174963967,Exp13,001,014,
B,E,Stomach Ache,11,7,95,2,,,,,,,,,,,,,peach,cherry,stomach ache,m,3.76979766019,,,,,,,,,,2017_Sep_28_1137,60.0174963967,Exp13,001,014,
D,C,Stomach Ache,,,,,0,0,0,0,,,,,,,,,kiwi,apple,stomach ache,,,m,0.733372506176,,,,,,,,2017_Sep_28_1137,60.0174963967,Exp13,001,014,
D,C,Stomach Ache,,,,,1,0,1,0,,,,,,,,,kiwi,apple,stomach ache,,,m,1.00081157099,,,,,,,,2017_Sep_28_1137,60.0174963967,Exp13,001,014,
D,C,Stomach Ache,,,,,2,0,2,0,,,,,,,,,kiwi,apple,stomach ache,,,m,0.772327563915,,,,,,,,2017_Sep_28_1137,60.0174963967,Exp13,001,014,
D,C,Stomach Ache,,,,,3,0,3,0,,,,,,,,,kiwi,apple,stomach ache,,,m,1.27163935591,,,,,,,,2017_Sep_28_1137,60.0174963967,Exp13,001,014,
D,C,Stomach Ache,,,,,4,0,4,0,,,,,,,,,kiwi,apple,stomach ache,,,m,0.666659900671,,,,,,,,2017_Sep_28_1137,60.0174963967,Exp13,001,014,
D,C,Stomach Ache,,,,,5,0,5,0,,,,,,,,,kiwi,apple,stomach ache,,,m,1.41693716116,,,,,,,,2017_Sep_28_1137,60.0174963967,Exp13,001,014,
,,,,,,,,,,,,,,,,,,,,,,,,,,space,12.1996765615,,,,,,2017_Sep_28_1137,60.0174963967,Exp13,001,014,
B, ,,,,,,,,,,0,0,0,1,,,,,peach,,,,,,,,,10,12.459,"[(None, 0.0), (u'10', 12.459)]",,,2017_Sep_28_1137,60.0174963967,Exp13,001,014,
G, ,,,,,,,,,,0,1,1,6,,,,,plum,,,,,,,,,10,4.47,"[(None, 0.0), (u'10', 4.47)]",,,2017_Sep_28_1137,60.0174963967,Exp13,001,014,
I,C,,,,,,,,,,0,2,2,10,,,,,banana,apple,,,,,,,,5,3.303,"[(None, 0.0), (u'5', 3.303)]",,,2017_Sep_28_1137,60.0174963967,Exp13,001,014,
D,H,,,,,,,,,,0,3,3,11,,,,,kiwi,pear,,,,,,,,10,4.036,"[(None, 0.0), (u'10', 4.036)]",,,2017_Sep_28_1137,60.0174963967,Exp13,001,014,
D, ,,,,,,,,,,0,4,4,3,,,,,kiwi,,,,,,,,,10,1.788,"[(None, 0.0), (u'10', 1.788)]",,,2017_Sep_28_1137,60.0174963967,Exp13,001,014,
H, ,,,,,,,,,,0,5,5,7,,,,,pear,,,,,,,,,10,5.038,"[(None, 0.0), (u'10', 5.038)]",,,2017_Sep_28_1137,60.0174963967,Exp13,001,014,
F, ,,,,,,,,,,0,6,6,5,,,,,orange,,,,,,,,,10,1.103,"[(None, 0.0), (u'10', 1.103)]",,,2017_Sep_28_1137,60.0174963967,Exp13,001,014,
E, ,,,,,,,,,,0,7,7,4,,,,,cherry,,,,,,,,,5,3.976,"[(None, 0.0), (u'5', 3.976)]",,,2017_Sep_28_1137,60.0174963967,Exp13,001,014,
J, ,,,,,,,,,,0,8,8,9,,,,,strawberry,,,,,,,,,10,6.038,"[(None, 0.0), (u'10', 6.038)]",,,2017_Sep_28_1137,60.0174963967,Exp13,001,014,
I, ,,,,,,,,,,0,9,9,8,,,,,banana,,,,,,,,,10,1.222,"[(None, 0.0), (u'10', 1.222)]",,,2017_Sep_28_1137,60.0174963967,Exp13,001,014,
A, ,,,,,,,,,,0,10,10,0,,,,,mango,,,,,,,,,10,2.303,"[(None, 0.0), (u'10', 2.303)]",,,2017_Sep_28_1137,60.0174963967,Exp13,001,014,
C, ,,,,,,,,,,0,11,11,2,,,,,apple,,,,,,,,,5,5.603,"[(None, 0.0), (u'5', 5.603)]",,,2017_Sep_28_1137,60.0174963967,Exp13,001,014,
H, ,,,,,,,,,,1,0,12,7,,,,,pear,,,,,,,,,5,2.305,"[(None, 0.0), (u'5', 2.305)]",,,2017_Sep_28_1137,60.0174963967,Exp13,001,014,
D, ,,,,,,,,,,1,1,13,3,,,,,kiwi,,,,,,,,,10,1.87,"[(None, 0.0), (u'10', 1.87)]",,,2017_Sep_28_1137,60.0174963967,Exp13,001,014,
F, ,,,,,,,,,,1,2,14,5,,,,,orange,,,,,,,,,10,3.377,"[(None, 0.0), (u'10', 3.377)]",,,2017_Sep_28_1137,60.0174963967,Exp13,001,014,
A, ,,,,,,,,,,1,3,15,0,,,,,mango,,,,,,,,,10,1.343,"[(None, 0.0), (u'10', 1.343)]",,,2017_Sep_28_1137,60.0174963967,Exp13,001,014,
E, ,,,,,,,,,,1,4,16,4,,,,,cherry,,,,,,,,,5,2.737,"[(None, 0.0), (u'5', 2.737)]",,,2017_Sep_28_1137,60.0174963967,Exp13,001,014,
G, ,,,,,,,,,,1,5,17,6,,,,,plum,,,,,,,,,10,4.77,"[(None, 0.0), (u'10', 4.77)]",,,2017_Sep_28_1137,60.0174963967,Exp13,001,014,
B, ,,,,,,,,,,1,6,18,1,,,,,peach,,,,,,,,,10,2.92,"[(None, 0.0), (u'10', 2.92)]",,,2017_Sep_28_1137,60.0174963967,Exp13,001,014,
C, ,,,,,,,,,,1,7,19,2,,,,,apple,,,,,,,,,5,2.97,"[(None, 0.0), (u'5', 2.97)]",,,2017_Sep_28_1137,60.0174963967,Exp13,001,014,
I,C,,,,,,,,,,1,8,20,10,,,,,banana,apple,,,,,,,,5,5.272,"[(None, 0.0), (u'5', 5.272)]",,,2017_Sep_28_1137,60.0174963967,Exp13,001,014,
I, ,,,,,,,,,,1,9,21,8,,,,,banana,,,,,,,,,10,1.57,"[(None, 0.0), (u'10', 1.57)]",,,2017_Sep_28_1137,60.0174963967,Exp13,001,014,
D,H,,,,,,,,,,1,10,22,11,,,,,kiwi,pear,,,,,,,,10,1.576,"[(None, 0.0), (u'10', 1.576)]",,,2017_Sep_28_1137,60.0174963967,Exp13,001,014,
J, ,,,,,,,,,,1,11,23,9,,,,,strawberry,,,,,,,,,10,2.236,"[(None, 0.0), (u'10', 2.236)]",,,2017_Sep_28_1137,60.0174963967,Exp13,001,014,
,,,,,,,,,,,,,,,,,,,,,,,,,,,,,,,space,2.48036428654,2017_Sep_28_1137,60.0174963967,Exp13,001,014,
