stim1,stim2,outcome,train_trials.thisRepN,train_trials.thisTrialN,train_trials.thisN,train_trials.thisIndex,train_trials2.thisRepN,train_trials2.thisTrialN,train_trials2.thisN,train_trials2.thisIndex,test_trials.thisRepN,test_trials.thisTrialN,test_trials.thisN,test_trials.thisIndex,start_exp.keys,start_exp.rt,start_exp2.keys,start_exp2.rt,stim.A,stim.B,pressed,key_ans.keys,key_ans.rt,key_answ.keys,key_answ.rt,start.keys,start.rt,rating.response,rating.rt,rating.history,exit_exp.keys,exit_exp.rt,date,frameRate,expName,session,participant,
,,,,,,,,,,,,,,,space,737.857362636,,,,,,,,,,,,,,,,,2017_Sep_28_1257,60.0354024335,Exp13,001,015,
,,,,,,,,,,,,,,,,,space,11.4332210759,,,,,,,,,,,,,,,2017_Sep_28_1257,60.0354024335,Exp13,001,015,
H,J,No Stomach Ache,0,0,0,7,,,,,,,,,,,,,apple,banana,no stomach ache,z,10.8620983747,,,,,,,,,,2017_Sep_28_1257,60.0354024335,Exp13,001,015,
G,J,Stomach Ache,0,1,1,6,,,,,,,,,,,,,strawberry,banana,no stomach ache,z,6.2862742312,,,,,,,,,,2017_Sep_28_1257,60.0354024335,Exp13,001,015,
A,D,Stomach Ache,0,2,2,1,,,,,,,,,,,,,pear,peach,no stomach ache,z,2.87225928555,,,,,,,,,,2017_Sep_28_1257,60.0354024335,Exp13,001,015,
A, ,Stomach Ache,0,3,3,0,,,,,,,,,,,,,pear,,no stomach ache,z,2.03347984074,,,,,,,,,,2017_Sep_28_1257,60.0354024335,Exp13,001,015,
F,I,Stomach Ache,0,4,4,5,,,,,,,,,,,,,plum,orange,no stomach ache,z,2.76557392138,,,,,,,,,,2017_Sep_28_1257,60.0354024335,Exp13,001,015,
C,E,No Stomach Ache,0,5,5,3,,,,,,,,,,,,,cherry,mango,no stomach ache,z,1.63367981128,,,,,,,,,,2017_Sep_28_1257,60.0354024335,Exp13,001,015,
F, ,Stomach Ache,0,6,6,4,,,,,,,,,,,,,plum,,stomach ache,m,2.5332861346,,,,,,,,,,2017_Sep_28_1257,60.0354024335,Exp13,001,015,
B,E,Stomach Ache,0,7,7,2,,,,,,,,,,,,,kiwi,mango,stomach ache,m,1.62180476732,,,,,,,,,,2017_Sep_28_1257,60.0354024335,Exp13,001,015,
A, ,Stomach Ache,1,0,8,0,,,,,,,,,,,,,pear,,stomach ache,m,1.16993155716,,,,,,,,,,2017_Sep_28_1257,60.0354024335,Exp13,001,015,
G,J,Stomach Ache,1,1,9,6,,,,,,,,,,,,,strawberry,banana,no stomach ache,z,1.86473221831,,,,,,,,,,2017_Sep_28_1257,60.0354024335,Exp13,001,015,
A,D,Stomach Ache,1,2,10,1,,,,,,,,,,,,,pear,peach,stomach ache,m,1.4194422173,,,,,,,,,,2017_Sep_28_1257,60.0354024335,Exp13,001,015,
F,I,Stomach Ache,1,3,11,5,,,,,,,,,,,,,plum,orange,stomach ache,m,0.953007274744,,,,,,,,,,2017_Sep_28_1257,60.0354024335,Exp13,001,015,
C,E,No Stomach Ache,1,4,12,3,,,,,,,,,,,,,cherry,mango,stomach ache,m,2.66635753011,,,,,,,,,,2017_Sep_28_1257,60.0354024335,Exp13,001,015,
B,E,Stomach Ache,1,5,13,2,,,,,,,,,,,,,kiwi,mango,stomach ache,m,1.23370689864,,,,,,,,,,2017_Sep_28_1257,60.0354024335,Exp13,001,015,
F, ,Stomach Ache,1,6,14,4,,,,,,,,,,,,,plum,,stomach ache,m,1.10276294603,,,,,,,,,,2017_Sep_28_1257,60.0354024335,Exp13,001,015,
H,J,No Stomach Ache,1,7,15,7,,,,,,,,,,,,,apple,banana,stomach ache,m,1.11556225001,,,,,,,,,,2017_Sep_28_1257,60.0354024335,Exp13,001,015,
C,E,No Stomach Ache,2,0,16,3,,,,,,,,,,,,,cherry,mango,no stomach ache,z,1.23792783773,,,,,,,,,,2017_Sep_28_1257,60.0354024335,Exp13,001,015,
G,J,Stomach Ache,2,1,17,6,,,,,,,,,,,,,strawberry,banana,no stomach ache,z,0.887632588972,,,,,,,,,,2017_Sep_28_1257,60.0354024335,Exp13,001,015,
H,J,No Stomach Ache,2,2,18,7,,,,,,,,,,,,,apple,banana,no stomach ache,z,1.03454688686,,,,,,,,,,2017_Sep_28_1257,60.0354024335,Exp13,001,015,
B,E,Stomach Ache,2,3,19,2,,,,,,,,,,,,,kiwi,mango,stomach ache,m,1.63589369575,,,,,,,,,,2017_Sep_28_1257,60.0354024335,Exp13,001,015,
F, ,Stomach Ache,2,4,20,4,,,,,,,,,,,,,plum,,stomach ache,m,1.60474847772,,,,,,,,,,2017_Sep_28_1257,60.0354024335,Exp13,001,015,
A, ,Stomach Ache,2,5,21,0,,,,,,,,,,,,,pear,,stomach ache,m,1.76913937429,,,,,,,,,,2017_Sep_28_1257,60.0354024335,Exp13,001,015,
F,I,Stomach Ache,2,6,22,5,,,,,,,,,,,,,plum,orange,stomach ache,m,0.918684366072,,,,,,,,,,2017_Sep_28_1257,60.0354024335,Exp13,001,015,
A,D,Stomach Ache,2,7,23,1,,,,,,,,,,,,,pear,peach,stomach ache,m,1.53358570543,,,,,,,,,,2017_Sep_28_1257,60.0354024335,Exp13,001,015,
A, ,Stomach Ache,3,0,24,0,,,,,,,,,,,,,pear,,stomach ache,m,1.83356355259,,,,,,,,,,2017_Sep_28_1257,60.0354024335,Exp13,001,015,
F, ,Stomach Ache,3,1,25,4,,,,,,,,,,,,,plum,,stomach ache,m,0.783682208537,,,,,,,,,,2017_Sep_28_1257,60.0354024335,Exp13,001,015,
F,I,Stomach Ache,3,2,26,5,,,,,,,,,,,,,plum,orange,stomach ache,m,1.27216360487,,,,,,,,,,2017_Sep_28_1257,60.0354024335,Exp13,001,015,
B,E,Stomach Ache,3,3,27,2,,,,,,,,,,,,,kiwi,mango,stomach ache,m,1.08292757699,,,,,,,,,,2017_Sep_28_1257,60.0354024335,Exp13,001,015,
G,J,Stomach Ache,3,4,28,6,,,,,,,,,,,,,strawberry,banana,no stomach ache,z,0.672109220177,,,,,,,,,,2017_Sep_28_1257,60.0354024335,Exp13,001,015,
A,D,Stomach Ache,3,5,29,1,,,,,,,,,,,,,pear,peach,stomach ache,m,0.999859313699,,,,,,,,,,2017_Sep_28_1257,60.0354024335,Exp13,001,015,
H,J,No Stomach Ache,3,6,30,7,,,,,,,,,,,,,apple,banana,no stomach ache,z,1.06623070243,,,,,,,,,,2017_Sep_28_1257,60.0354024335,Exp13,001,015,
C,E,No Stomach Ache,3,7,31,3,,,,,,,,,,,,,cherry,mango,stomach ache,m,3.01663738035,,,,,,,,,,2017_Sep_28_1257,60.0354024335,Exp13,001,015,
G,J,Stomach Ache,4,0,32,6,,,,,,,,,,,,,strawberry,banana,no stomach ache,z,1.01802044571,,,,,,,,,,2017_Sep_28_1257,60.0354024335,Exp13,001,015,
F, ,Stomach Ache,4,1,33,4,,,,,,,,,,,,,plum,,no stomach ache,z,0.738256630706,,,,,,,,,,2017_Sep_28_1257,60.0354024335,Exp13,001,015,
A,D,Stomach Ache,4,2,34,1,,,,,,,,,,,,,pear,peach,stomach ache,m,1.04849197929,,,,,,,,,,2017_Sep_28_1257,60.0354024335,Exp13,001,015,
H,J,No Stomach Ache,4,3,35,7,,,,,,,,,,,,,apple,banana,stomach ache,m,1.7500494327,,,,,,,,,,2017_Sep_28_1257,60.0354024335,Exp13,001,015,
F,I,Stomach Ache,4,4,36,5,,,,,,,,,,,,,plum,orange,stomach ache,m,0.687909482018,,,,,,,,,,2017_Sep_28_1257,60.0354024335,Exp13,001,015,
B,E,Stomach Ache,4,5,37,2,,,,,,,,,,,,,kiwi,mango,stomach ache,m,1.00552421222,,,,,,,,,,2017_Sep_28_1257,60.0354024335,Exp13,001,015,
A, ,Stomach Ache,4,6,38,0,,,,,,,,,,,,,pear,,stomach ache,m,1.07144624471,,,,,,,,,,2017_Sep_28_1257,60.0354024335,Exp13,001,015,
C,E,No Stomach Ache,4,7,39,3,,,,,,,,,,,,,cherry,mango,stomach ache,m,1.28749631223,,,,,,,,,,2017_Sep_28_1257,60.0354024335,Exp13,001,015,
G,J,Stomach Ache,5,0,40,6,,,,,,,,,,,,,strawberry,banana,stomach ache,m,0.814992960441,,,,,,,,,,2017_Sep_28_1257,60.0354024335,Exp13,001,015,
F,I,Stomach Ache,5,1,41,5,,,,,,,,,,,,,plum,orange,stomach ache,m,0.833779131601,,,,,,,,,,2017_Sep_28_1257,60.0354024335,Exp13,001,015,
F, ,Stomach Ache,5,2,42,4,,,,,,,,,,,,,plum,,stomach ache,m,2.03314212362,,,,,,,,,,2017_Sep_28_1257,60.0354024335,Exp13,001,015,
C,E,No Stomach Ache,5,3,43,3,,,,,,,,,,,,,cherry,mango,no stomach ache,z,2.03260317608,,,,,,,,,,2017_Sep_28_1257,60.0354024335,Exp13,001,015,
B,E,Stomach Ache,5,4,44,2,,,,,,,,,,,,,kiwi,mango,stomach ache,m,0.969436075393,,,,,,,,,,2017_Sep_28_1257,60.0354024335,Exp13,001,015,
A, ,Stomach Ache,5,5,45,0,,,,,,,,,,,,,pear,,stomach ache,m,1.26928163544,,,,,,,,,,2017_Sep_28_1257,60.0354024335,Exp13,001,015,
A,D,Stomach Ache,5,6,46,1,,,,,,,,,,,,,pear,peach,stomach ache,m,1.05027960529,,,,,,,,,,2017_Sep_28_1257,60.0354024335,Exp13,001,015,
H,J,No Stomach Ache,5,7,47,7,,,,,,,,,,,,,apple,banana,no stomach ache,z,4.56776232834,,,,,,,,,,2017_Sep_28_1257,60.0354024335,Exp13,001,015,
H,J,No Stomach Ache,6,0,48,7,,,,,,,,,,,,,apple,banana,no stomach ache,z,0.772745773196,,,,,,,,,,2017_Sep_28_1257,60.0354024335,Exp13,001,015,
G,J,Stomach Ache,6,1,49,6,,,,,,,,,,,,,strawberry,banana,stomach ache,m,1.03871988061,,,,,,,,,,2017_Sep_28_1257,60.0354024335,Exp13,001,015,
F, ,Stomach Ache,6,2,50,4,,,,,,,,,,,,,plum,,stomach ache,m,1.16691100122,,,,,,,,,,2017_Sep_28_1257,60.0354024335,Exp13,001,015,
A, ,Stomach Ache,6,3,51,0,,,,,,,,,,,,,pear,,stomach ache,m,0.766765205408,,,,,,,,,,2017_Sep_28_1257,60.0354024335,Exp13,001,015,
C,E,No Stomach Ache,6,4,52,3,,,,,,,,,,,,,cherry,mango,stomach ache,m,2.1036333113,,,,,,,,,,2017_Sep_28_1257,60.0354024335,Exp13,001,015,
F,I,Stomach Ache,6,5,53,5,,,,,,,,,,,,,plum,orange,stomach ache,m,0.687951827902,,,,,,,,,,2017_Sep_28_1257,60.0354024335,Exp13,001,015,
B,E,Stomach Ache,6,6,54,2,,,,,,,,,,,,,kiwi,mango,stomach ache,m,0.904084137423,,,,,,,,,,2017_Sep_28_1257,60.0354024335,Exp13,001,015,
A,D,Stomach Ache,6,7,55,1,,,,,,,,,,,,,pear,peach,stomach ache,m,1.26900586228,,,,,,,,,,2017_Sep_28_1257,60.0354024335,Exp13,001,015,
A,D,Stomach Ache,7,0,56,1,,,,,,,,,,,,,pear,peach,stomach ache,m,0.519554171406,,,,,,,,,,2017_Sep_28_1257,60.0354024335,Exp13,001,015,
F, ,Stomach Ache,7,1,57,4,,,,,,,,,,,,,plum,,stomach ache,m,0.933750399403,,,,,,,,,,2017_Sep_28_1257,60.0354024335,Exp13,001,015,
G,J,Stomach Ache,7,2,58,6,,,,,,,,,,,,,strawberry,banana,stomach ache,m,1.39751055236,,,,,,,,,,2017_Sep_28_1257,60.0354024335,Exp13,001,015,
H,J,No Stomach Ache,7,3,59,7,,,,,,,,,,,,,apple,banana,no stomach ache,z,0.800222298363,,,,,,,,,,2017_Sep_28_1257,60.0354024335,Exp13,001,015,
B,E,Stomach Ache,7,4,60,2,,,,,,,,,,,,,kiwi,mango,stomach ache,m,1.54955920042,,,,,,,,,,2017_Sep_28_1257,60.0354024335,Exp13,001,015,
F,I,Stomach Ache,7,5,61,5,,,,,,,,,,,,,plum,orange,stomach ache,m,1.05191744583,,,,,,,,,,2017_Sep_28_1257,60.0354024335,Exp13,001,015,
C,E,No Stomach Ache,7,6,62,3,,,,,,,,,,,,,cherry,mango,no stomach ache,z,0.58228101494,,,,,,,,,,2017_Sep_28_1257,60.0354024335,Exp13,001,015,
A, ,Stomach Ache,7,7,63,0,,,,,,,,,,,,,pear,,stomach ache,m,0.637346054369,,,,,,,,,,2017_Sep_28_1257,60.0354024335,Exp13,001,015,
H,J,No Stomach Ache,8,0,64,7,,,,,,,,,,,,,apple,banana,stomach ache,m,4.44832175589,,,,,,,,,,2017_Sep_28_1257,60.0354024335,Exp13,001,015,
A, ,Stomach Ache,8,1,65,0,,,,,,,,,,,,,pear,,stomach ache,m,0.552401273744,,,,,,,,,,2017_Sep_28_1257,60.0354024335,Exp13,001,015,
F,I,Stomach Ache,8,2,66,5,,,,,,,,,,,,,plum,orange,stomach ache,m,0.581807861003,,,,,,,,,,2017_Sep_28_1257,60.0354024335,Exp13,001,015,
A,D,Stomach Ache,8,3,67,1,,,,,,,,,,,,,pear,peach,stomach ache,m,0.887904162519,,,,,,,,,,2017_Sep_28_1257,60.0354024335,Exp13,001,015,
C,E,No Stomach Ache,8,4,68,3,,,,,,,,,,,,,cherry,mango,no stomach ache,z,3.29886845515,,,,,,,,,,2017_Sep_28_1257,60.0354024335,Exp13,001,015,
B,E,Stomach Ache,8,5,69,2,,,,,,,,,,,,,kiwi,mango,stomach ache,m,1.01722042359,,,,,,,,,,2017_Sep_28_1257,60.0354024335,Exp13,001,015,
F, ,Stomach Ache,8,6,70,4,,,,,,,,,,,,,plum,,stomach ache,m,0.769216016823,,,,,,,,,,2017_Sep_28_1257,60.0354024335,Exp13,001,015,
G,J,Stomach Ache,8,7,71,6,,,,,,,,,,,,,strawberry,banana,stomach ache,m,3.81507590237,,,,,,,,,,2017_Sep_28_1257,60.0354024335,Exp13,001,015,
H,J,No Stomach Ache,9,0,72,7,,,,,,,,,,,,,apple,banana,no stomach ache,z,0.633600369008,,,,,,,,,,2017_Sep_28_1257,60.0354024335,Exp13,001,015,
B,E,Stomach Ache,9,1,73,2,,,,,,,,,,,,,kiwi,mango,stomach ache,m,0.749462539825,,,,,,,,,,2017_Sep_28_1257,60.0354024335,Exp13,001,015,
G,J,Stomach Ache,9,2,74,6,,,,,,,,,,,,,strawberry,banana,stomach ache,m,2.64838817941,,,,,,,,,,2017_Sep_28_1257,60.0354024335,Exp13,001,015,
F, ,Stomach Ache,9,3,75,4,,,,,,,,,,,,,plum,,stomach ache,m,0.550327025659,,,,,,,,,,2017_Sep_28_1257,60.0354024335,Exp13,001,015,
A,D,Stomach Ache,9,4,76,1,,,,,,,,,,,,,pear,peach,stomach ache,m,2.03283380362,,,,,,,,,,2017_Sep_28_1257,60.0354024335,Exp13,001,015,
C,E,No Stomach Ache,9,5,77,3,,,,,,,,,,,,,cherry,mango,no stomach ache,z,2.60434181732,,,,,,,,,,2017_Sep_28_1257,60.0354024335,Exp13,001,015,
F,I,Stomach Ache,9,6,78,5,,,,,,,,,,,,,plum,orange,stomach ache,m,0.665971167706,,,,,,,,,,2017_Sep_28_1257,60.0354024335,Exp13,001,015,
A, ,Stomach Ache,9,7,79,0,,,,,,,,,,,,,pear,,stomach ache,m,0.571688246157,,,,,,,,,,2017_Sep_28_1257,60.0354024335,Exp13,001,015,
C,E,No Stomach Ache,10,0,80,3,,,,,,,,,,,,,cherry,mango,stomach ache,m,2.5988176051,,,,,,,,,,2017_Sep_28_1257,60.0354024335,Exp13,001,015,
H,J,No Stomach Ache,10,1,81,7,,,,,,,,,,,,,apple,banana,no stomach ache,z,2.26822508829,,,,,,,,,,2017_Sep_28_1257,60.0354024335,Exp13,001,015,
F,I,Stomach Ache,10,2,82,5,,,,,,,,,,,,,plum,orange,stomach ache,m,1.61622456054,,,,,,,,,,2017_Sep_28_1257,60.0354024335,Exp13,001,015,
F, ,Stomach Ache,10,3,83,4,,,,,,,,,,,,,plum,,stomach ache,m,0.654830002299,,,,,,,,,,2017_Sep_28_1257,60.0354024335,Exp13,001,015,
B,E,Stomach Ache,10,4,84,2,,,,,,,,,,,,,kiwi,mango,stomach ache,m,0.799100657561,,,,,,,,,,2017_Sep_28_1257,60.0354024335,Exp13,001,015,
G,J,Stomach Ache,10,5,85,6,,,,,,,,,,,,,strawberry,banana,stomach ache,m,2.81451070738,,,,,,,,,,2017_Sep_28_1257,60.0354024335,Exp13,001,015,
A,D,Stomach Ache,10,6,86,1,,,,,,,,,,,,,pear,peach,stomach ache,m,0.652731256618,,,,,,,,,,2017_Sep_28_1257,60.0354024335,Exp13,001,015,
A, ,Stomach Ache,10,7,87,0,,,,,,,,,,,,,pear,,stomach ache,m,0.538471929758,,,,,,,,,,2017_Sep_28_1257,60.0354024335,Exp13,001,015,
A, ,Stomach Ache,11,0,88,0,,,,,,,,,,,,,pear,,stomach ache,m,0.638373554335,,,,,,,,,,2017_Sep_28_1257,60.0354024335,Exp13,001,015,
B,E,Stomach Ache,11,1,89,2,,,,,,,,,,,,,kiwi,mango,stomach ache,m,0.601483295613,,,,,,,,,,2017_Sep_28_1257,60.0354024335,Exp13,001,015,
A,D,Stomach Ache,11,2,90,1,,,,,,,,,,,,,pear,peach,stomach ache,m,0.555009219854,,,,,,,,,,2017_Sep_28_1257,60.0354024335,Exp13,001,015,
G,J,Stomach Ache,11,3,91,6,,,,,,,,,,,,,strawberry,banana,stomach ache,m,2.56508018945,,,,,,,,,,2017_Sep_28_1257,60.0354024335,Exp13,001,015,
F,I,Stomach Ache,11,4,92,5,,,,,,,,,,,,,plum,orange,stomach ache,m,0.487898003135,,,,,,,,,,2017_Sep_28_1257,60.0354024335,Exp13,001,015,
C,E,No Stomach Ache,11,5,93,3,,,,,,,,,,,,,cherry,mango,no stomach ache,z,3.11564589187,,,,,,,,,,2017_Sep_28_1257,60.0354024335,Exp13,001,015,
F, ,Stomach Ache,11,6,94,4,,,,,,,,,,,,,plum,,stomach ache,m,0.633492229535,,,,,,,,,,2017_Sep_28_1257,60.0354024335,Exp13,001,015,
H,J,No Stomach Ache,11,7,95,7,,,,,,,,,,,,,apple,banana,no stomach ache,z,1.08184268262,,,,,,,,,,2017_Sep_28_1257,60.0354024335,Exp13,001,015,
D,C,Stomach Ache,,,,,0,0,0,0,,,,,,,,,peach,cherry,stomach ache,,,m,1.06499147309,,,,,,,,2017_Sep_28_1257,60.0354024335,Exp13,001,015,
D,C,Stomach Ache,,,,,1,0,1,0,,,,,,,,,peach,cherry,stomach ache,,,m,0.550206637374,,,,,,,,2017_Sep_28_1257,60.0354024335,Exp13,001,015,
D,C,Stomach Ache,,,,,2,0,2,0,,,,,,,,,peach,cherry,stomach ache,,,m,0.505170221688,,,,,,,,2017_Sep_28_1257,60.0354024335,Exp13,001,015,
D,C,Stomach Ache,,,,,3,0,3,0,,,,,,,,,peach,cherry,stomach ache,,,m,1.00035276567,,,,,,,,2017_Sep_28_1257,60.0354024335,Exp13,001,015,
D,C,Stomach Ache,,,,,4,0,4,0,,,,,,,,,peach,cherry,stomach ache,,,m,0.422371782101,,,,,,,,2017_Sep_28_1257,60.0354024335,Exp13,001,015,
D,C,Stomach Ache,,,,,5,0,5,0,,,,,,,,,peach,cherry,stomach ache,,,m,0.619390702326,,,,,,,,2017_Sep_28_1257,60.0354024335,Exp13,001,015,
,,,,,,,,,,,,,,,,,,,,,,,,,,space,7.29999044593,,,,,,2017_Sep_28_1257,60.0354024335,Exp13,001,015,
E, ,,,,,,,,,,0,0,0,4,,,,,mango,,,,,,,,,4,8.57,"[(None, 0.0), (u'4', 8.57)]",,,2017_Sep_28_1257,60.0354024335,Exp13,001,015,
H, ,,,,,,,,,,0,1,1,7,,,,,apple,,,,,,,,,0,2.638,"[(None, 0.0), (u'0', 2.638)]",,,2017_Sep_28_1257,60.0354024335,Exp13,001,015,
I,C,,,,,,,,,,0,2,2,10,,,,,orange,cherry,,,,,,,,10,4.47,"[(None, 0.0), (u'10', 4.47)]",,,2017_Sep_28_1257,60.0354024335,Exp13,001,015,
J, ,,,,,,,,,,0,3,3,9,,,,,banana,,,,,,,,,2,4.205,"[(None, 0.0), (u'2', 4.205)]",,,2017_Sep_28_1257,60.0354024335,Exp13,001,015,
D,H,,,,,,,,,,0,4,4,11,,,,,peach,apple,,,,,,,,4,2.937,"[(None, 0.0), (u'4', 2.937)]",,,2017_Sep_28_1257,60.0354024335,Exp13,001,015,
G, ,,,,,,,,,,0,5,5,6,,,,,strawberry,,,,,,,,,0,2.387,"[(None, 0.0), (u'0', 2.387)]",,,2017_Sep_28_1257,60.0354024335,Exp13,001,015,
F, ,,,,,,,,,,0,6,6,5,,,,,plum,,,,,,,,,10,1.502,"[(None, 0.0), (u'10', 1.502)]",,,2017_Sep_28_1257,60.0354024335,Exp13,001,015,
B, ,,,,,,,,,,0,7,7,1,,,,,kiwi,,,,,,,,,4,2.309,"[(None, 0.0), (u'4', 2.309)]",,,2017_Sep_28_1257,60.0354024335,Exp13,001,015,
I, ,,,,,,,,,,0,8,8,8,,,,,orange,,,,,,,,,4,1.405,"[(None, 0.0), (u'4', 1.405)]",,,2017_Sep_28_1257,60.0354024335,Exp13,001,015,
A, ,,,,,,,,,,0,9,9,0,,,,,pear,,,,,,,,,10,1.803,"[(None, 0.0), (u'10', 1.803)]",,,2017_Sep_28_1257,60.0354024335,Exp13,001,015,
C, ,,,,,,,,,,0,10,10,2,,,,,cherry,,,,,,,,,10,1.588,"[(None, 0.0), (u'10', 1.588)]",,,2017_Sep_28_1257,60.0354024335,Exp13,001,015,
D, ,,,,,,,,,,0,11,11,3,,,,,peach,,,,,,,,,5,1.425,"[(None, 0.0), (u'5', 1.425)]",,,2017_Sep_28_1257,60.0354024335,Exp13,001,015,
D, ,,,,,,,,,,1,0,12,3,,,,,peach,,,,,,,,,5,0.737,"[(None, 0.0), (u'5', 0.737)]",,,2017_Sep_28_1257,60.0354024335,Exp13,001,015,
C, ,,,,,,,,,,1,1,13,2,,,,,cherry,,,,,,,,,10,2.137,"[(None, 0.0), (u'10', 2.137)]",,,2017_Sep_28_1257,60.0354024335,Exp13,001,015,
D,H,,,,,,,,,,1,2,14,11,,,,,peach,apple,,,,,,,,4,1.769,"[(None, 0.0), (u'4', 1.769)]",,,2017_Sep_28_1257,60.0354024335,Exp13,001,015,
E, ,,,,,,,,,,1,3,15,4,,,,,mango,,,,,,,,,5,5.237,"[(None, 0.0), (u'5', 5.237)]",,,2017_Sep_28_1257,60.0354024335,Exp13,001,015,
I,C,,,,,,,,,,1,4,16,10,,,,,orange,cherry,,,,,,,,9,1.271,"[(None, 0.0), (u'9', 1.271)]",,,2017_Sep_28_1257,60.0354024335,Exp13,001,015,
F, ,,,,,,,,,,1,5,17,5,,,,,plum,,,,,,,,,10,1.303,"[(None, 0.0), (u'10', 1.303)]",,,2017_Sep_28_1257,60.0354024335,Exp13,001,015,
B, ,,,,,,,,,,1,6,18,1,,,,,kiwi,,,,,,,,,4,1.237,"[(None, 0.0), (u'4', 1.236)]",,,2017_Sep_28_1257,60.0354024335,Exp13,001,015,
G, ,,,,,,,,,,1,7,19,6,,,,,strawberry,,,,,,,,,0,2.41,"[(None, 0.0), (u'0', 2.409)]",,,2017_Sep_28_1257,60.0354024335,Exp13,001,015,
J, ,,,,,,,,,,1,8,20,9,,,,,banana,,,,,,,,,2,1.838,"[(None, 0.0), (u'2', 1.838)]",,,2017_Sep_28_1257,60.0354024335,Exp13,001,015,
H, ,,,,,,,,,,1,9,21,7,,,,,apple,,,,,,,,,0,1.276,"[(None, 0.0), (u'0', 1.276)]",,,2017_Sep_28_1257,60.0354024335,Exp13,001,015,
A, ,,,,,,,,,,1,10,22,0,,,,,pear,,,,,,,,,10,2.003,"[(None, 0.0), (u'10', 2.003)]",,,2017_Sep_28_1257,60.0354024335,Exp13,001,015,
I, ,,,,,,,,,,1,11,23,8,,,,,orange,,,,,,,,,3,1.488,"[(None, 0.0), (u'3', 1.488)]",,,2017_Sep_28_1257,60.0354024335,Exp13,001,015,
,,,,,,,,,,,,,,,,,,,,,,,,,,,,,,,space,4.66649401681,2017_Sep_28_1257,60.0354024335,Exp13,001,015,
