stim1,stim2,outcome,train_trials.thisRepN,train_trials.thisTrialN,train_trials.thisN,train_trials.thisIndex,train_trials2.thisRepN,train_trials2.thisTrialN,train_trials2.thisN,train_trials2.thisIndex,test_trials.thisRepN,test_trials.thisTrialN,test_trials.thisN,test_trials.thisIndex,start_exp.keys,start_exp.rt,start_exp2.keys,start_exp2.rt,stim.A,stim.B,pressed,key_ans.keys,key_ans.rt,key_answ.keys,key_answ.rt,start.keys,start.rt,rating.response,rating.rt,rating.history,exit_exp.keys,exit_exp.rt,date,frameRate,expName,session,participant,
,,,,,,,,,,,,,,,space,105.206210065,,,,,,,,,,,,,,,,,2017_Sep_28_1426,60.0023518639,Exp13,001,016,
,,,,,,,,,,,,,,,,,space,8.81749833592,,,,,,,,,,,,,,,2017_Sep_28_1426,60.0023518639,Exp13,001,016,
C,E,No Stomach Ache,0,0,0,3,,,,,,,,,,,,,cherry,peach,stomach ache,m,5.25062941262,,,,,,,,,,2017_Sep_28_1426,60.0023518639,Exp13,001,016,
A,D,Stomach Ache,0,1,1,1,,,,,,,,,,,,,mango,strawberry,no stomach ache,z,3.11719218626,,,,,,,,,,2017_Sep_28_1426,60.0023518639,Exp13,001,016,
H,J,No Stomach Ache,0,2,2,7,,,,,,,,,,,,,apple,plum,stomach ache,m,1.53357567266,,,,,,,,,,2017_Sep_28_1426,60.0023518639,Exp13,001,016,
B,E,Stomach Ache,0,3,3,2,,,,,,,,,,,,,pear,peach,no stomach ache,z,2.78382117332,,,,,,,,,,2017_Sep_28_1426,60.0023518639,Exp13,001,016,
F,I,Stomach Ache,0,4,4,5,,,,,,,,,,,,,kiwi,orange,stomach ache,m,1.98370246509,,,,,,,,,,2017_Sep_28_1426,60.0023518639,Exp13,001,016,
G,J,Stomach Ache,0,5,5,6,,,,,,,,,,,,,banana,plum,no stomach ache,z,2.05042265312,,,,,,,,,,2017_Sep_28_1426,60.0023518639,Exp13,001,016,
F, ,Stomach Ache,0,6,6,4,,,,,,,,,,,,,kiwi,,no stomach ache,z,3.85049131631,,,,,,,,,,2017_Sep_28_1426,60.0023518639,Exp13,001,016,
A, ,Stomach Ache,0,7,7,0,,,,,,,,,,,,,mango,,no stomach ache,z,1.43374736563,,,,,,,,,,2017_Sep_28_1426,60.0023518639,Exp13,001,016,
H,J,No Stomach Ache,1,0,8,7,,,,,,,,,,,,,apple,plum,no stomach ache,z,1.50039791057,,,,,,,,,,2017_Sep_28_1426,60.0023518639,Exp13,001,016,
A,D,Stomach Ache,1,1,9,1,,,,,,,,,,,,,mango,strawberry,no stomach ache,z,1.35040277508,,,,,,,,,,2017_Sep_28_1426,60.0023518639,Exp13,001,016,
A, ,Stomach Ache,1,2,10,0,,,,,,,,,,,,,mango,,stomach ache,m,1.18367474782,,,,,,,,,,2017_Sep_28_1426,60.0023518639,Exp13,001,016,
B,E,Stomach Ache,1,3,11,2,,,,,,,,,,,,,pear,peach,no stomach ache,z,1.50007734234,,,,,,,,,,2017_Sep_28_1426,60.0023518639,Exp13,001,016,
F,I,Stomach Ache,1,4,12,5,,,,,,,,,,,,,kiwi,orange,stomach ache,m,1.43368857146,,,,,,,,,,2017_Sep_28_1426,60.0023518639,Exp13,001,016,
G,J,Stomach Ache,1,5,13,6,,,,,,,,,,,,,banana,plum,no stomach ache,z,2.18376643874,,,,,,,,,,2017_Sep_28_1426,60.0023518639,Exp13,001,016,
F, ,Stomach Ache,1,6,14,4,,,,,,,,,,,,,kiwi,,stomach ache,m,0.883657879502,,,,,,,,,,2017_Sep_28_1426,60.0023518639,Exp13,001,016,
C,E,No Stomach Ache,1,7,15,3,,,,,,,,,,,,,cherry,peach,no stomach ache,z,1.60035430489,,,,,,,,,,2017_Sep_28_1426,60.0023518639,Exp13,001,016,
F,I,Stomach Ache,2,0,16,5,,,,,,,,,,,,,kiwi,orange,stomach ache,m,1.35044337106,,,,,,,,,,2017_Sep_28_1426,60.0023518639,Exp13,001,016,
G,J,Stomach Ache,2,1,17,6,,,,,,,,,,,,,banana,plum,stomach ache,m,1.30043122725,,,,,,,,,,2017_Sep_28_1426,60.0023518639,Exp13,001,016,
B,E,Stomach Ache,2,2,18,2,,,,,,,,,,,,,pear,peach,stomach ache,m,1.03365021525,,,,,,,,,,2017_Sep_28_1426,60.0023518639,Exp13,001,016,
A,D,Stomach Ache,2,3,19,1,,,,,,,,,,,,,mango,strawberry,stomach ache,m,1.01698416687,,,,,,,,,,2017_Sep_28_1426,60.0023518639,Exp13,001,016,
A, ,Stomach Ache,2,4,20,0,,,,,,,,,,,,,mango,,stomach ache,m,0.68364885039,,,,,,,,,,2017_Sep_28_1426,60.0023518639,Exp13,001,016,
H,J,No Stomach Ache,2,5,21,7,,,,,,,,,,,,,apple,plum,no stomach ache,z,1.55053499198,,,,,,,,,,2017_Sep_28_1426,60.0023518639,Exp13,001,016,
F, ,Stomach Ache,2,6,22,4,,,,,,,,,,,,,kiwi,,stomach ache,m,0.750372188108,,,,,,,,,,2017_Sep_28_1426,60.0023518639,Exp13,001,016,
C,E,No Stomach Ache,2,7,23,3,,,,,,,,,,,,,cherry,peach,stomach ache,m,0.766732016855,,,,,,,,,,2017_Sep_28_1426,60.0023518639,Exp13,001,016,
F,I,Stomach Ache,3,0,24,5,,,,,,,,,,,,,kiwi,orange,stomach ache,m,1.63368395192,,,,,,,,,,2017_Sep_28_1426,60.0023518639,Exp13,001,016,
F, ,Stomach Ache,3,1,25,4,,,,,,,,,,,,,kiwi,,stomach ache,m,0.650305554722,,,,,,,,,,2017_Sep_28_1426,60.0023518639,Exp13,001,016,
B,E,Stomach Ache,3,2,26,2,,,,,,,,,,,,,pear,peach,no stomach ache,z,1.90034667564,,,,,,,,,,2017_Sep_28_1426,60.0023518639,Exp13,001,016,
A, ,Stomach Ache,3,3,27,0,,,,,,,,,,,,,mango,,stomach ache,m,0.683700295296,,,,,,,,,,2017_Sep_28_1426,60.0023518639,Exp13,001,016,
G,J,Stomach Ache,3,4,28,6,,,,,,,,,,,,,banana,plum,no stomach ache,z,1.00028907135,,,,,,,,,,2017_Sep_28_1426,60.0023518639,Exp13,001,016,
A,D,Stomach Ache,3,5,29,1,,,,,,,,,,,,,mango,strawberry,stomach ache,m,1.00028452181,,,,,,,,,,2017_Sep_28_1426,60.0023518639,Exp13,001,016,
C,E,No Stomach Ache,3,6,30,3,,,,,,,,,,,,,cherry,peach,no stomach ache,z,1.03363026725,,,,,,,,,,2017_Sep_28_1426,60.0023518639,Exp13,001,016,
H,J,No Stomach Ache,3,7,31,7,,,,,,,,,,,,,apple,plum,no stomach ache,z,0.916955679684,,,,,,,,,,2017_Sep_28_1426,60.0023518639,Exp13,001,016,
A, ,Stomach Ache,4,0,32,0,,,,,,,,,,,,,mango,,stomach ache,m,0.566957114555,,,,,,,,,,2017_Sep_28_1426,60.0023518639,Exp13,001,016,
F,I,Stomach Ache,4,1,33,5,,,,,,,,,,,,,kiwi,orange,stomach ache,m,0.983701065226,,,,,,,,,,2017_Sep_28_1426,60.0023518639,Exp13,001,016,
C,E,No Stomach Ache,4,2,34,3,,,,,,,,,,,,,cherry,peach,no stomach ache,z,2.06701065924,,,,,,,,,,2017_Sep_28_1426,60.0023518639,Exp13,001,016,
F, ,Stomach Ache,4,3,35,4,,,,,,,,,,,,,kiwi,,stomach ache,m,0.500364663865,,,,,,,,,,2017_Sep_28_1426,60.0023518639,Exp13,001,016,
G,J,Stomach Ache,4,4,36,6,,,,,,,,,,,,,banana,plum,stomach ache,m,1.50041645873,,,,,,,,,,2017_Sep_28_1426,60.0023518639,Exp13,001,016,
B,E,Stomach Ache,4,5,37,2,,,,,,,,,,,,,pear,peach,stomach ache,m,1.35038807655,,,,,,,,,,2017_Sep_28_1426,60.0023518639,Exp13,001,016,
A,D,Stomach Ache,4,6,38,1,,,,,,,,,,,,,mango,strawberry,stomach ache,m,1.05043000237,,,,,,,,,,2017_Sep_28_1426,60.0023518639,Exp13,001,016,
H,J,No Stomach Ache,4,7,39,7,,,,,,,,,,,,,apple,plum,no stomach ache,z,1.60042849754,,,,,,,,,,2017_Sep_28_1426,60.0023518639,Exp13,001,016,
B,E,Stomach Ache,5,0,40,2,,,,,,,,,,,,,pear,peach,stomach ache,m,1.25037008832,,,,,,,,,,2017_Sep_28_1426,60.0023518639,Exp13,001,016,
F,I,Stomach Ache,5,1,41,5,,,,,,,,,,,,,kiwi,orange,stomach ache,m,1.13377739266,,,,,,,,,,2017_Sep_28_1426,60.0023518639,Exp13,001,016,
H,J,No Stomach Ache,5,2,42,7,,,,,,,,,,,,,apple,plum,no stomach ache,z,0.883615183731,,,,,,,,,,2017_Sep_28_1426,60.0023518639,Exp13,001,016,
F, ,Stomach Ache,5,3,43,4,,,,,,,,,,,,,kiwi,,stomach ache,m,0.616971708107,,,,,,,,,,2017_Sep_28_1426,60.0023518639,Exp13,001,016,
G,J,Stomach Ache,5,4,44,6,,,,,,,,,,,,,banana,plum,stomach ache,m,1.15029680559,,,,,,,,,,2017_Sep_28_1426,60.0023518639,Exp13,001,016,
C,E,No Stomach Ache,5,5,45,3,,,,,,,,,,,,,cherry,peach,no stomach ache,z,0.917000475252,,,,,,,,,,2017_Sep_28_1426,60.0023518639,Exp13,001,016,
A,D,Stomach Ache,5,6,46,1,,,,,,,,,,,,,mango,strawberry,stomach ache,m,1.31671791326,,,,,,,,,,2017_Sep_28_1426,60.0023518639,Exp13,001,016,
A, ,Stomach Ache,5,7,47,0,,,,,,,,,,,,,mango,,stomach ache,m,0.583570668154,,,,,,,,,,2017_Sep_28_1426,60.0023518639,Exp13,001,016,
G,J,Stomach Ache,6,0,48,6,,,,,,,,,,,,,banana,plum,stomach ache,m,0.783682937021,,,,,,,,,,2017_Sep_28_1426,60.0023518639,Exp13,001,016,
F, ,Stomach Ache,6,1,49,4,,,,,,,,,,,,,kiwi,,stomach ache,m,0.783605594697,,,,,,,,,,2017_Sep_28_1426,60.0023518639,Exp13,001,016,
A,D,Stomach Ache,6,2,50,1,,,,,,,,,,,,,mango,strawberry,stomach ache,m,0.850306184657,,,,,,,,,,2017_Sep_28_1426,60.0023518639,Exp13,001,016,
F,I,Stomach Ache,6,3,51,5,,,,,,,,,,,,,kiwi,orange,stomach ache,m,1.73367744256,,,,,,,,,,2017_Sep_28_1426,60.0023518639,Exp13,001,016,
H,J,No Stomach Ache,6,4,52,7,,,,,,,,,,,,,apple,plum,no stomach ache,z,0.61694126112,,,,,,,,,,2017_Sep_28_1426,60.0023518639,Exp13,001,016,
B,E,Stomach Ache,6,5,53,2,,,,,,,,,,,,,pear,peach,stomach ache,m,1.11697730754,,,,,,,,,,2017_Sep_28_1426,60.0023518639,Exp13,001,016,
C,E,No Stomach Ache,6,6,54,3,,,,,,,,,,,,,cherry,peach,no stomach ache,z,2.08362491278,,,,,,,,,,2017_Sep_28_1426,60.0023518639,Exp13,001,016,
A, ,Stomach Ache,6,7,55,0,,,,,,,,,,,,,mango,,stomach ache,m,0.566861574014,,,,,,,,,,2017_Sep_28_1426,60.0023518639,Exp13,001,016,
F,I,Stomach Ache,7,0,56,5,,,,,,,,,,,,,kiwi,orange,stomach ache,m,0.600223767819,,,,,,,,,,2017_Sep_28_1426,60.0023518639,Exp13,001,016,
H,J,No Stomach Ache,7,1,57,7,,,,,,,,,,,,,apple,plum,no stomach ache,z,1.10033610668,,,,,,,,,,2017_Sep_28_1426,60.0023518639,Exp13,001,016,
B,E,Stomach Ache,7,2,58,2,,,,,,,,,,,,,pear,peach,stomach ache,m,1.41698892639,,,,,,,,,,2017_Sep_28_1426,60.0023518639,Exp13,001,016,
G,J,Stomach Ache,7,3,59,6,,,,,,,,,,,,,banana,plum,stomach ache,m,0.633573012921,,,,,,,,,,2017_Sep_28_1426,60.0023518639,Exp13,001,016,
F, ,Stomach Ache,7,4,60,4,,,,,,,,,,,,,kiwi,,stomach ache,m,0.533553274872,,,,,,,,,,2017_Sep_28_1426,60.0023518639,Exp13,001,016,
A,D,Stomach Ache,7,5,61,1,,,,,,,,,,,,,mango,strawberry,stomach ache,m,0.716944200831,,,,,,,,,,2017_Sep_28_1426,60.0023518639,Exp13,001,016,
A, ,Stomach Ache,7,6,62,0,,,,,,,,,,,,,mango,,stomach ache,m,0.533508129345,,,,,,,,,,2017_Sep_28_1426,60.0023518639,Exp13,001,016,
C,E,No Stomach Ache,7,7,63,3,,,,,,,,,,,,,cherry,peach,no stomach ache,z,0.983610774172,,,,,,,,,,2017_Sep_28_1426,60.0023518639,Exp13,001,016,
H,J,No Stomach Ache,8,0,64,7,,,,,,,,,,,,,apple,plum,no stomach ache,z,0.88361413384,,,,,,,,,,2017_Sep_28_1426,60.0023518639,Exp13,001,016,
A, ,Stomach Ache,8,1,65,0,,,,,,,,,,,,,mango,,stomach ache,m,0.466870533128,,,,,,,,,,2017_Sep_28_1426,60.0023518639,Exp13,001,016,
A,D,Stomach Ache,8,2,66,1,,,,,,,,,,,,,mango,strawberry,stomach ache,m,0.916892335968,,,,,,,,,,2017_Sep_28_1426,60.0023518639,Exp13,001,016,
B,E,Stomach Ache,8,3,67,2,,,,,,,,,,,,,pear,peach,stomach ache,m,0.600278712387,,,,,,,,,,2017_Sep_28_1426,60.0023518639,Exp13,001,016,
F, ,Stomach Ache,8,4,68,4,,,,,,,,,,,,,kiwi,,stomach ache,m,0.517124852922,,,,,,,,,,2017_Sep_28_1426,60.0023518639,Exp13,001,016,
C,E,No Stomach Ache,8,5,69,3,,,,,,,,,,,,,cherry,peach,no stomach ache,z,0.900176242532,,,,,,,,,,2017_Sep_28_1426,60.0023518639,Exp13,001,016,
G,J,Stomach Ache,8,6,70,6,,,,,,,,,,,,,banana,plum,no stomach ache,z,0.833620538193,,,,,,,,,,2017_Sep_28_1426,60.0023518639,Exp13,001,016,
F,I,Stomach Ache,8,7,71,5,,,,,,,,,,,,,kiwi,orange,stomach ache,m,1.11701475385,,,,,,,,,,2017_Sep_28_1426,60.0023518639,Exp13,001,016,
G,J,Stomach Ache,9,0,72,6,,,,,,,,,,,,,banana,plum,stomach ache,m,1.11714144128,,,,,,,,,,2017_Sep_28_1426,60.0023518639,Exp13,001,016,
A, ,Stomach Ache,9,1,73,0,,,,,,,,,,,,,mango,,stomach ache,m,0.716937551479,,,,,,,,,,2017_Sep_28_1426,60.0023518639,Exp13,001,016,
A,D,Stomach Ache,9,2,74,1,,,,,,,,,,,,,mango,strawberry,stomach ache,m,1.9836135739,,,,,,,,,,2017_Sep_28_1426,60.0023518639,Exp13,001,016,
H,J,No Stomach Ache,9,3,75,7,,,,,,,,,,,,,apple,plum,no stomach ache,z,0.616951060161,,,,,,,,,,2017_Sep_28_1426,60.0023518639,Exp13,001,016,
F,I,Stomach Ache,9,4,76,5,,,,,,,,,,,,,kiwi,orange,stomach ache,m,0.600115978508,,,,,,,,,,2017_Sep_28_1426,60.0023518639,Exp13,001,016,
C,E,No Stomach Ache,9,5,77,3,,,,,,,,,,,,,cherry,peach,no stomach ache,z,0.766947245531,,,,,,,,,,2017_Sep_28_1426,60.0023518639,Exp13,001,016,
F, ,Stomach Ache,9,6,78,4,,,,,,,,,,,,,kiwi,,stomach ache,m,0.60031475882,,,,,,,,,,2017_Sep_28_1426,60.0023518639,Exp13,001,016,
B,E,Stomach Ache,9,7,79,2,,,,,,,,,,,,,pear,peach,stomach ache,m,1.41693013223,,,,,,,,,,2017_Sep_28_1426,60.0023518639,Exp13,001,016,
G,J,Stomach Ache,10,0,80,6,,,,,,,,,,,,,banana,plum,stomach ache,m,1.00019248093,,,,,,,,,,2017_Sep_28_1426,60.0023518639,Exp13,001,016,
F,I,Stomach Ache,10,1,81,5,,,,,,,,,,,,,kiwi,orange,stomach ache,m,1.70030299996,,,,,,,,,,2017_Sep_28_1426,60.0023518639,Exp13,001,016,
A,D,Stomach Ache,10,2,82,1,,,,,,,,,,,,,mango,strawberry,stomach ache,m,0.783627642493,,,,,,,,,,2017_Sep_28_1426,60.0023518639,Exp13,001,016,
B,E,Stomach Ache,10,3,83,2,,,,,,,,,,,,,pear,peach,stomach ache,m,0.783623442912,,,,,,,,,,2017_Sep_28_1426,60.0023518639,Exp13,001,016,
F, ,Stomach Ache,10,4,84,4,,,,,,,,,,,,,kiwi,,stomach ache,m,0.533565173682,,,,,,,,,,2017_Sep_28_1426,60.0023518639,Exp13,001,016,
A, ,Stomach Ache,10,5,85,0,,,,,,,,,,,,,mango,,stomach ache,m,0.650360149302,,,,,,,,,,2017_Sep_28_1426,60.0023518639,Exp13,001,016,
C,E,No Stomach Ache,10,6,86,3,,,,,,,,,,,,,cherry,peach,no stomach ache,z,0.700326797611,,,,,,,,,,2017_Sep_28_1426,60.0023518639,Exp13,001,016,
H,J,No Stomach Ache,10,7,87,7,,,,,,,,,,,,,apple,plum,no stomach ache,z,0.833690181302,,,,,,,,,,2017_Sep_28_1426,60.0023518639,Exp13,001,016,
A, ,Stomach Ache,11,0,88,0,,,,,,,,,,,,,mango,,stomach ache,m,0.683626452621,,,,,,,,,,2017_Sep_28_1426,60.0023518639,Exp13,001,016,
F, ,Stomach Ache,11,1,89,4,,,,,,,,,,,,,kiwi,,stomach ache,m,0.466977972494,,,,,,,,,,2017_Sep_28_1426,60.0023518639,Exp13,001,016,
H,J,No Stomach Ache,11,2,90,7,,,,,,,,,,,,,apple,plum,no stomach ache,z,0.800227197484,,,,,,,,,,2017_Sep_28_1426,60.0023518639,Exp13,001,016,
B,E,Stomach Ache,11,3,91,2,,,,,,,,,,,,,pear,peach,stomach ache,m,0.73365049524,,,,,,,,,,2017_Sep_28_1426,60.0023518639,Exp13,001,016,
G,J,Stomach Ache,11,4,92,6,,,,,,,,,,,,,banana,plum,stomach ache,m,0.850284836764,,,,,,,,,,2017_Sep_28_1426,60.0023518639,Exp13,001,016,
F,I,Stomach Ache,11,5,93,5,,,,,,,,,,,,,kiwi,orange,stomach ache,m,1.03365826447,,,,,,,,,,2017_Sep_28_1426,60.0023518639,Exp13,001,016,
A,D,Stomach Ache,11,6,94,1,,,,,,,,,,,,,mango,strawberry,stomach ache,m,0.750179707204,,,,,,,,,,2017_Sep_28_1426,60.0023518639,Exp13,001,016,
C,E,No Stomach Ache,11,7,95,3,,,,,,,,,,,,,cherry,peach,no stomach ache,z,0.816976887596,,,,,,,,,,2017_Sep_28_1426,60.0023518639,Exp13,001,016,
D,C,Stomach Ache,,,,,0,0,0,0,,,,,,,,,strawberry,cherry,no stomach ache,,,z,1.33348825132,,,,,,,,2017_Sep_28_1426,60.0023518639,Exp13,001,016,
D,C,Stomach Ache,,,,,1,0,1,0,,,,,,,,,strawberry,cherry,stomach ache,,,m,2.08377049834,,,,,,,,2017_Sep_28_1426,60.0023518639,Exp13,001,016,
D,C,Stomach Ache,,,,,2,0,2,0,,,,,,,,,strawberry,cherry,stomach ache,,,m,1.15025445979,,,,,,,,2017_Sep_28_1426,60.0023518639,Exp13,001,016,
D,C,Stomach Ache,,,,,3,0,3,0,,,,,,,,,strawberry,cherry,stomach ache,,,m,2.08374915046,,,,,,,,2017_Sep_28_1426,60.0023518639,Exp13,001,016,
D,C,Stomach Ache,,,,,4,0,4,0,,,,,,,,,strawberry,cherry,stomach ache,,,m,0.500303769892,,,,,,,,2017_Sep_28_1426,60.0023518639,Exp13,001,016,
D,C,Stomach Ache,,,,,5,0,5,0,,,,,,,,,strawberry,cherry,stomach ache,,,m,0.650319203371,,,,,,,,2017_Sep_28_1426,60.0023518639,Exp13,001,016,
,,,,,,,,,,,,,,,,,,,,,,,,,,space,5.3007416465,,,,,,2017_Sep_28_1426,60.0023518639,Exp13,001,016,
B, ,,,,,,,,,,0,0,0,1,,,,,pear,,,,,,,,,10,3.519,"[(None, 0.0), (u'10', 3.519)]",,,2017_Sep_28_1426,60.0023518639,Exp13,001,016,
E, ,,,,,,,,,,0,1,1,4,,,,,peach,,,,,,,,,5,3.353,"[(None, 0.0), (u'5', 3.353)]",,,2017_Sep_28_1426,60.0023518639,Exp13,001,016,
D, ,,,,,,,,,,0,2,2,3,,,,,strawberry,,,,,,,,,1,6.887,"[(None, 0.0), (u'1', 6.887)]",,,2017_Sep_28_1426,60.0023518639,Exp13,001,016,
A, ,,,,,,,,,,0,3,3,0,,,,,mango,,,,,,,,,10,1.237,"[(None, 0.0), (u'10', 1.237)]",,,2017_Sep_28_1426,60.0023518639,Exp13,001,016,
I, ,,,,,,,,,,0,4,4,8,,,,,orange,,,,,,,,,8,4.537,"[(None, 0.0), (u'8', 4.537)]",,,2017_Sep_28_1426,60.0023518639,Exp13,001,016,
F, ,,,,,,,,,,0,5,5,5,,,,,kiwi,,,,,,,,,10,0.97,"[(None, 0.0), (u'10', 0.97)]",,,2017_Sep_28_1426,60.0023518639,Exp13,001,016,
C, ,,,,,,,,,,0,6,6,2,,,,,cherry,,,,,,,,,0,2.671,"[(None, 0.0), (u'0', 2.671)]",,,2017_Sep_28_1426,60.0023518639,Exp13,001,016,
G, ,,,,,,,,,,0,7,7,6,,,,,banana,,,,,,,,,10,1.536,"[(None, 0.0), (u'10', 1.536)]",,,2017_Sep_28_1426,60.0023518639,Exp13,001,016,
H, ,,,,,,,,,,0,8,8,7,,,,,apple,,,,,,,,,1,1.503,"[(None, 0.0), (u'1', 1.503)]",,,2017_Sep_28_1426,60.0023518639,Exp13,001,016,
J, ,,,,,,,,,,0,9,9,9,,,,,plum,,,,,,,,,1,0.803,"[(None, 0.0), (u'1', 0.803)]",,,2017_Sep_28_1426,60.0023518639,Exp13,001,016,
I,C,,,,,,,,,,0,10,10,10,,,,,orange,cherry,,,,,,,,2,3.203,"[(None, 0.0), (u'2', 3.203)]",,,2017_Sep_28_1426,60.0023518639,Exp13,001,016,
D,H,,,,,,,,,,0,11,11,11,,,,,strawberry,apple,,,,,,,,0,1.62,"[(None, 0.0), (u'0', 1.62)]",,,2017_Sep_28_1426,60.0023518639,Exp13,001,016,
I,C,,,,,,,,,,1,0,12,10,,,,,orange,cherry,,,,,,,,0,5.603,"[(None, 0.0), (u'0', 5.603)]",,,2017_Sep_28_1426,60.0023518639,Exp13,001,016,
D,H,,,,,,,,,,1,1,13,11,,,,,strawberry,apple,,,,,,,,0,1.253,"[(None, 0.0), (u'0', 1.253)]",,,2017_Sep_28_1426,60.0023518639,Exp13,001,016,
G, ,,,,,,,,,,1,2,14,6,,,,,banana,,,,,,,,,10,1.22,"[(None, 0.0), (u'10', 1.22)]",,,2017_Sep_28_1426,60.0023518639,Exp13,001,016,
I, ,,,,,,,,,,1,3,15,8,,,,,orange,,,,,,,,,2,2.02,"[(None, 0.0), (u'2', 2.02)]",,,2017_Sep_28_1426,60.0023518639,Exp13,001,016,
F, ,,,,,,,,,,1,4,16,5,,,,,kiwi,,,,,,,,,10,1.32,"[(None, 0.0), (u'10', 1.32)]",,,2017_Sep_28_1426,60.0023518639,Exp13,001,016,
B, ,,,,,,,,,,1,5,17,1,,,,,pear,,,,,,,,,10,0.887,"[(None, 0.0), (u'10', 0.887)]",,,2017_Sep_28_1426,60.0023518639,Exp13,001,016,
E, ,,,,,,,,,,1,6,18,4,,,,,peach,,,,,,,,,0,2.436,"[(None, 0.0), (u'0', 2.436)]",,,2017_Sep_28_1426,60.0023518639,Exp13,001,016,
D, ,,,,,,,,,,1,7,19,3,,,,,strawberry,,,,,,,,,2,1.853,"[(None, 0.0), (u'2', 1.853)]",,,2017_Sep_28_1426,60.0023518639,Exp13,001,016,
C, ,,,,,,,,,,1,8,20,2,,,,,cherry,,,,,,,,,2,1.187,"[(None, 0.0), (u'2', 1.187)]",,,2017_Sep_28_1426,60.0023518639,Exp13,001,016,
A, ,,,,,,,,,,1,9,21,0,,,,,mango,,,,,,,,,10,1.22,"[(None, 0.0), (u'10', 1.22)]",,,2017_Sep_28_1426,60.0023518639,Exp13,001,016,
J, ,,,,,,,,,,1,10,22,9,,,,,plum,,,,,,,,,0,2.77,"[(None, 0.0), (u'0', 2.77)]",,,2017_Sep_28_1426,60.0023518639,Exp13,001,016,
H, ,,,,,,,,,,1,11,23,7,,,,,apple,,,,,,,,,0,0.886,"[(None, 0.0), (u'0', 0.886)]",,,2017_Sep_28_1426,60.0023518639,Exp13,001,016,
,,,,,,,,,,,,,,,,,,,,,,,,,,,,,,,space,2.50089696111,2017_Sep_28_1426,60.0023518639,Exp13,001,016,
