stim1,stim2,outcome,train_trials.thisRepN,train_trials.thisTrialN,train_trials.thisN,train_trials.thisIndex,train_trials2.thisRepN,train_trials2.thisTrialN,train_trials2.thisN,train_trials2.thisIndex,test_trials.thisRepN,test_trials.thisTrialN,test_trials.thisN,test_trials.thisIndex,start_exp.keys,start_exp.rt,start_exp2.keys,start_exp2.rt,stim.A,stim.B,pressed,key_ans.keys,key_ans.rt,key_answ.keys,key_answ.rt,start.keys,start.rt,rating.response,rating.rt,rating.history,exit_exp.keys,exit_exp.rt,date,frameRate,expName,session,participant,
,,,,,,,,,,,,,,,space,326.110931151,,,,,,,,,,,,,,,,,2017_Sep_28_1415,60.0505426196,Exp13,001,017,
,,,,,,,,,,,,,,,,,space,20.7826270613,,,,,,,,,,,,,,,2017_Sep_28_1415,60.0505426196,Exp13,001,017,
A,D,Stomach Ache,0,0,0,1,,,,,,,,,,,,,apple,peach,stomach ache,m,10.2342958913,,,,,,,,,,2017_Sep_28_1415,60.0505426196,Exp13,001,017,
F, ,Stomach Ache,0,1,1,4,,,,,,,,,,,,,orange,,stomach ache,m,4.50012056326,,,,,,,,,,2017_Sep_28_1415,60.0505426196,Exp13,001,017,
G,J,Stomach Ache,0,2,2,6,,,,,,,,,,,,,pear,kiwi,no stomach ache,z,2.9336097131,,,,,,,,,,2017_Sep_28_1415,60.0505426196,Exp13,001,017,
F,I,Stomach Ache,0,3,3,5,,,,,,,,,,,,,orange,plum,stomach ache,m,4.16712343052,,,,,,,,,,2017_Sep_28_1415,60.0505426196,Exp13,001,017,
B,E,Stomach Ache,0,4,4,2,,,,,,,,,,,,,banana,mango,stomach ache,m,2.31741454969,,,,,,,,,,2017_Sep_28_1415,60.0505426196,Exp13,001,017,
A, ,Stomach Ache,0,5,5,0,,,,,,,,,,,,,apple,,no stomach ache,z,2.25024663849,,,,,,,,,,2017_Sep_28_1415,60.0505426196,Exp13,001,017,
H,J,No Stomach Ache,0,6,6,7,,,,,,,,,,,,,cherry,kiwi,stomach ache,m,1.80225910008,,,,,,,,,,2017_Sep_28_1415,60.0505426196,Exp13,001,017,
C,E,No Stomach Ache,0,7,7,3,,,,,,,,,,,,,strawberry,mango,no stomach ache,z,4.24840721756,,,,,,,,,,2017_Sep_28_1415,60.0505426196,Exp13,001,017,
A, ,Stomach Ache,1,0,8,0,,,,,,,,,,,,,apple,,stomach ache,m,4.26673808305,,,,,,,,,,2017_Sep_28_1415,60.0505426196,Exp13,001,017,
B,E,Stomach Ache,1,1,9,2,,,,,,,,,,,,,banana,mango,no stomach ache,z,2.33331875142,,,,,,,,,,2017_Sep_28_1415,60.0505426196,Exp13,001,017,
F, ,Stomach Ache,1,2,10,4,,,,,,,,,,,,,orange,,stomach ache,m,1.53559031029,,,,,,,,,,2017_Sep_28_1415,60.0505426196,Exp13,001,017,
F,I,Stomach Ache,1,3,11,5,,,,,,,,,,,,,orange,plum,stomach ache,m,1.78354642175,,,,,,,,,,2017_Sep_28_1415,60.0505426196,Exp13,001,017,
H,J,No Stomach Ache,1,4,12,7,,,,,,,,,,,,,cherry,kiwi,no stomach ache,z,4.57120249343,,,,,,,,,,2017_Sep_28_1415,60.0505426196,Exp13,001,017,
C,E,No Stomach Ache,1,5,13,3,,,,,,,,,,,,,strawberry,mango,stomach ache,m,2.86571282287,,,,,,,,,,2017_Sep_28_1415,60.0505426196,Exp13,001,017,
A,D,Stomach Ache,1,6,14,1,,,,,,,,,,,,,apple,peach,stomach ache,m,1.70023633199,,,,,,,,,,2017_Sep_28_1415,60.0505426196,Exp13,001,017,
G,J,Stomach Ache,1,7,15,6,,,,,,,,,,,,,pear,kiwi,no stomach ache,z,1.50040088597,,,,,,,,,,2017_Sep_28_1415,60.0505426196,Exp13,001,017,
A,D,Stomach Ache,2,0,16,1,,,,,,,,,,,,,apple,peach,stomach ache,m,2.74977050984,,,,,,,,,,2017_Sep_28_1415,60.0505426196,Exp13,001,017,
F, ,Stomach Ache,2,1,17,4,,,,,,,,,,,,,orange,,stomach ache,m,1.15260754366,,,,,,,,,,2017_Sep_28_1415,60.0505426196,Exp13,001,017,
H,J,No Stomach Ache,2,2,18,7,,,,,,,,,,,,,cherry,kiwi,no stomach ache,z,1.68323288728,,,,,,,,,,2017_Sep_28_1415,60.0505426196,Exp13,001,017,
G,J,Stomach Ache,2,3,19,6,,,,,,,,,,,,,pear,kiwi,stomach ache,m,2.03606013955,,,,,,,,,,2017_Sep_28_1415,60.0505426196,Exp13,001,017,
F,I,Stomach Ache,2,4,20,5,,,,,,,,,,,,,orange,plum,stomach ache,m,1.45243140581,,,,,,,,,,2017_Sep_28_1415,60.0505426196,Exp13,001,017,
B,E,Stomach Ache,2,5,21,2,,,,,,,,,,,,,banana,mango,stomach ache,m,2.81871624797,,,,,,,,,,2017_Sep_28_1415,60.0505426196,Exp13,001,017,
C,E,No Stomach Ache,2,6,22,3,,,,,,,,,,,,,strawberry,mango,stomach ache,m,1.97132694132,,,,,,,,,,2017_Sep_28_1415,60.0505426196,Exp13,001,017,
A, ,Stomach Ache,2,7,23,0,,,,,,,,,,,,,apple,,stomach ache,m,1.55521499983,,,,,,,,,,2017_Sep_28_1415,60.0505426196,Exp13,001,017,
A,D,Stomach Ache,3,0,24,1,,,,,,,,,,,,,apple,peach,stomach ache,m,3.40509081441,,,,,,,,,,2017_Sep_28_1415,60.0505426196,Exp13,001,017,
G,J,Stomach Ache,3,1,25,6,,,,,,,,,,,,,pear,kiwi,no stomach ache,z,2.649604661,,,,,,,,,,2017_Sep_28_1415,60.0505426196,Exp13,001,017,
C,E,No Stomach Ache,3,2,26,3,,,,,,,,,,,,,strawberry,mango,stomach ache,m,1.8207775473,,,,,,,,,,2017_Sep_28_1415,60.0505426196,Exp13,001,017,
F, ,Stomach Ache,3,3,27,4,,,,,,,,,,,,,orange,,stomach ache,m,0.738138342233,,,,,,,,,,2017_Sep_28_1415,60.0505426196,Exp13,001,017,
F,I,Stomach Ache,3,4,28,5,,,,,,,,,,,,,orange,plum,stomach ache,m,3.23824525683,,,,,,,,,,2017_Sep_28_1415,60.0505426196,Exp13,001,017,
B,E,Stomach Ache,3,5,29,2,,,,,,,,,,,,,banana,mango,no stomach ache,z,1.97199957585,,,,,,,,,,2017_Sep_28_1415,60.0505426196,Exp13,001,017,
H,J,No Stomach Ache,3,6,30,7,,,,,,,,,,,,,cherry,kiwi,no stomach ache,z,10.0878613967,,,,,,,,,,2017_Sep_28_1415,60.0505426196,Exp13,001,017,
A, ,Stomach Ache,3,7,31,0,,,,,,,,,,,,,apple,,stomach ache,m,5.483328148,,,,,,,,,,2017_Sep_28_1415,60.0505426196,Exp13,001,017,
G,J,Stomach Ache,4,0,32,6,,,,,,,,,,,,,pear,kiwi,stomach ache,m,5.56491815521,,,,,,,,,,2017_Sep_28_1415,60.0505426196,Exp13,001,017,
A, ,Stomach Ache,4,1,33,0,,,,,,,,,,,,,apple,,stomach ache,m,1.5046060766,,,,,,,,,,2017_Sep_28_1415,60.0505426196,Exp13,001,017,
A,D,Stomach Ache,4,2,34,1,,,,,,,,,,,,,apple,peach,stomach ache,m,1.70525484343,,,,,,,,,,2017_Sep_28_1415,60.0505426196,Exp13,001,017,
C,E,No Stomach Ache,4,3,35,3,,,,,,,,,,,,,strawberry,mango,no stomach ache,z,1.65039418412,,,,,,,,,,2017_Sep_28_1415,60.0505426196,Exp13,001,017,
H,J,No Stomach Ache,4,4,36,7,,,,,,,,,,,,,cherry,kiwi,no stomach ache,z,1.34962576393,,,,,,,,,,2017_Sep_28_1415,60.0505426196,Exp13,001,017,
B,E,Stomach Ache,4,5,37,2,,,,,,,,,,,,,banana,mango,stomach ache,m,1.48746544524,,,,,,,,,,2017_Sep_28_1415,60.0505426196,Exp13,001,017,
F,I,Stomach Ache,4,6,38,5,,,,,,,,,,,,,orange,plum,stomach ache,m,1.13366003821,,,,,,,,,,2017_Sep_28_1415,60.0505426196,Exp13,001,017,
F, ,Stomach Ache,4,7,39,4,,,,,,,,,,,,,orange,,stomach ache,m,0.685855531963,,,,,,,,,,2017_Sep_28_1415,60.0505426196,Exp13,001,017,
F,I,Stomach Ache,5,0,40,5,,,,,,,,,,,,,orange,plum,stomach ache,m,2.30069387745,,,,,,,,,,2017_Sep_28_1415,60.0505426196,Exp13,001,017,
A,D,Stomach Ache,5,1,41,1,,,,,,,,,,,,,apple,peach,stomach ache,m,1.06561966192,,,,,,,,,,2017_Sep_28_1415,60.0505426196,Exp13,001,017,
F, ,Stomach Ache,5,2,42,4,,,,,,,,,,,,,orange,,stomach ache,m,0.688249648898,,,,,,,,,,2017_Sep_28_1415,60.0505426196,Exp13,001,017,
C,E,No Stomach Ache,5,3,43,3,,,,,,,,,,,,,strawberry,mango,no stomach ache,z,2.63582860208,,,,,,,,,,2017_Sep_28_1415,60.0505426196,Exp13,001,017,
G,J,Stomach Ache,5,4,44,6,,,,,,,,,,,,,pear,kiwi,stomach ache,m,1.88698410209,,,,,,,,,,2017_Sep_28_1415,60.0505426196,Exp13,001,017,
A, ,Stomach Ache,5,5,45,0,,,,,,,,,,,,,apple,,stomach ache,m,0.766953137121,,,,,,,,,,2017_Sep_28_1415,60.0505426196,Exp13,001,017,
B,E,Stomach Ache,5,6,46,2,,,,,,,,,,,,,banana,mango,stomach ache,m,1.07018461752,,,,,,,,,,2017_Sep_28_1415,60.0505426196,Exp13,001,017,
H,J,No Stomach Ache,5,7,47,7,,,,,,,,,,,,,cherry,kiwi,no stomach ache,z,0.852070450943,,,,,,,,,,2017_Sep_28_1415,60.0505426196,Exp13,001,017,
A,D,Stomach Ache,6,0,48,1,,,,,,,,,,,,,apple,peach,stomach ache,m,0.835058957004,,,,,,,,,,2017_Sep_28_1415,60.0505426196,Exp13,001,017,
F, ,Stomach Ache,6,1,49,4,,,,,,,,,,,,,orange,,stomach ache,m,0.706044716542,,,,,,,,,,2017_Sep_28_1415,60.0505426196,Exp13,001,017,
F,I,Stomach Ache,6,2,50,5,,,,,,,,,,,,,orange,plum,stomach ache,m,0.983797277338,,,,,,,,,,2017_Sep_28_1415,60.0505426196,Exp13,001,017,
C,E,No Stomach Ache,6,3,51,3,,,,,,,,,,,,,strawberry,mango,no stomach ache,z,1.26465753559,,,,,,,,,,2017_Sep_28_1415,60.0505426196,Exp13,001,017,
G,J,Stomach Ache,6,4,52,6,,,,,,,,,,,,,pear,kiwi,stomach ache,m,1.03230010558,,,,,,,,,,2017_Sep_28_1415,60.0505426196,Exp13,001,017,
H,J,No Stomach Ache,6,5,53,7,,,,,,,,,,,,,cherry,kiwi,no stomach ache,z,0.906045696451,,,,,,,,,,2017_Sep_28_1415,60.0505426196,Exp13,001,017,
A, ,Stomach Ache,6,6,54,0,,,,,,,,,,,,,apple,,stomach ache,m,0.800186251858,,,,,,,,,,2017_Sep_28_1415,60.0505426196,Exp13,001,017,
B,E,Stomach Ache,6,7,55,2,,,,,,,,,,,,,banana,mango,stomach ache,m,2.01745980029,,,,,,,,,,2017_Sep_28_1415,60.0505426196,Exp13,001,017,
H,J,No Stomach Ache,7,0,56,7,,,,,,,,,,,,,cherry,kiwi,no stomach ache,z,2.12085863441,,,,,,,,,,2017_Sep_28_1415,60.0505426196,Exp13,001,017,
A, ,Stomach Ache,7,1,57,0,,,,,,,,,,,,,apple,,stomach ache,m,1.01687780695,,,,,,,,,,2017_Sep_28_1415,60.0505426196,Exp13,001,017,
B,E,Stomach Ache,7,2,58,2,,,,,,,,,,,,,banana,mango,stomach ache,m,1.19891433568,,,,,,,,,,2017_Sep_28_1415,60.0505426196,Exp13,001,017,
G,J,Stomach Ache,7,3,59,6,,,,,,,,,,,,,pear,kiwi,stomach ache,m,2.61727865793,,,,,,,,,,2017_Sep_28_1415,60.0505426196,Exp13,001,017,
A,D,Stomach Ache,7,4,60,1,,,,,,,,,,,,,apple,peach,stomach ache,m,3.43455864571,,,,,,,,,,2017_Sep_28_1415,60.0505426196,Exp13,001,017,
C,E,No Stomach Ache,7,5,61,3,,,,,,,,,,,,,strawberry,mango,no stomach ache,z,1.21971001122,,,,,,,,,,2017_Sep_28_1415,60.0505426196,Exp13,001,017,
F,I,Stomach Ache,7,6,62,5,,,,,,,,,,,,,orange,plum,stomach ache,m,0.966306330083,,,,,,,,,,2017_Sep_28_1415,60.0505426196,Exp13,001,017,
F, ,Stomach Ache,7,7,63,4,,,,,,,,,,,,,orange,,stomach ache,m,0.552671447425,,,,,,,,,,2017_Sep_28_1415,60.0505426196,Exp13,001,017,
F, ,Stomach Ache,8,0,64,4,,,,,,,,,,,,,orange,,stomach ache,m,0.516944825416,,,,,,,,,,2017_Sep_28_1415,60.0505426196,Exp13,001,017,
G,J,Stomach Ache,8,1,65,6,,,,,,,,,,,,,pear,kiwi,stomach ache,m,1.81524073631,,,,,,,,,,2017_Sep_28_1415,60.0505426196,Exp13,001,017,
B,E,Stomach Ache,8,2,66,2,,,,,,,,,,,,,banana,mango,stomach ache,m,1.16907694035,,,,,,,,,,2017_Sep_28_1415,60.0505426196,Exp13,001,017,
A,D,Stomach Ache,8,3,67,1,,,,,,,,,,,,,apple,peach,stomach ache,m,1.58190305175,,,,,,,,,,2017_Sep_28_1415,60.0505426196,Exp13,001,017,
A, ,Stomach Ache,8,4,68,0,,,,,,,,,,,,,apple,,stomach ache,m,0.637904250019,,,,,,,,,,2017_Sep_28_1415,60.0505426196,Exp13,001,017,
H,J,No Stomach Ache,8,5,69,7,,,,,,,,,,,,,cherry,kiwi,no stomach ache,z,0.717930959421,,,,,,,,,,2017_Sep_28_1415,60.0505426196,Exp13,001,017,
C,E,No Stomach Ache,8,6,70,3,,,,,,,,,,,,,strawberry,mango,no stomach ache,z,1.01455823275,,,,,,,,,,2017_Sep_28_1415,60.0505426196,Exp13,001,017,
F,I,Stomach Ache,8,7,71,5,,,,,,,,,,,,,orange,plum,stomach ache,m,0.883759166041,,,,,,,,,,2017_Sep_28_1415,60.0505426196,Exp13,001,017,
C,E,No Stomach Ache,9,0,72,3,,,,,,,,,,,,,strawberry,mango,no stomach ache,z,1.3838674805,,,,,,,,,,2017_Sep_28_1415,60.0505426196,Exp13,001,017,
F,I,Stomach Ache,9,1,73,5,,,,,,,,,,,,,orange,plum,stomach ache,m,0.652414187483,,,,,,,,,,2017_Sep_28_1415,60.0505426196,Exp13,001,017,
A, ,Stomach Ache,9,2,74,0,,,,,,,,,,,,,apple,,stomach ache,m,0.61918772207,,,,,,,,,,2017_Sep_28_1415,60.0505426196,Exp13,001,017,
B,E,Stomach Ache,9,3,75,2,,,,,,,,,,,,,banana,mango,stomach ache,m,1.01794170338,,,,,,,,,,2017_Sep_28_1415,60.0505426196,Exp13,001,017,
G,J,Stomach Ache,9,4,76,6,,,,,,,,,,,,,pear,kiwi,stomach ache,m,0.630047514875,,,,,,,,,,2017_Sep_28_1415,60.0505426196,Exp13,001,017,
A,D,Stomach Ache,9,5,77,1,,,,,,,,,,,,,apple,peach,stomach ache,m,0.682583350514,,,,,,,,,,2017_Sep_28_1415,60.0505426196,Exp13,001,017,
F, ,Stomach Ache,9,6,78,4,,,,,,,,,,,,,orange,,stomach ache,m,0.633994780612,,,,,,,,,,2017_Sep_28_1415,60.0505426196,Exp13,001,017,
H,J,No Stomach Ache,9,7,79,7,,,,,,,,,,,,,cherry,kiwi,no stomach ache,z,0.651581268568,,,,,,,,,,2017_Sep_28_1415,60.0505426196,Exp13,001,017,
F, ,Stomach Ache,10,0,80,4,,,,,,,,,,,,,orange,,stomach ache,m,0.683523009036,,,,,,,,,,2017_Sep_28_1415,60.0505426196,Exp13,001,017,
F,I,Stomach Ache,10,1,81,5,,,,,,,,,,,,,orange,plum,stomach ache,m,0.619623429651,,,,,,,,,,2017_Sep_28_1415,60.0505426196,Exp13,001,017,
B,E,Stomach Ache,10,2,82,2,,,,,,,,,,,,,banana,mango,stomach ache,m,1.06805577477,,,,,,,,,,2017_Sep_28_1415,60.0505426196,Exp13,001,017,
H,J,No Stomach Ache,10,3,83,7,,,,,,,,,,,,,cherry,kiwi,no stomach ache,z,1.28266888218,,,,,,,,,,2017_Sep_28_1415,60.0505426196,Exp13,001,017,
C,E,No Stomach Ache,10,4,84,3,,,,,,,,,,,,,strawberry,mango,no stomach ache,z,0.853666645547,,,,,,,,,,2017_Sep_28_1415,60.0505426196,Exp13,001,017,
G,J,Stomach Ache,10,5,85,6,,,,,,,,,,,,,pear,kiwi,stomach ache,m,0.86572612157,,,,,,,,,,2017_Sep_28_1415,60.0505426196,Exp13,001,017,
A,D,Stomach Ache,10,6,86,1,,,,,,,,,,,,,apple,peach,stomach ache,m,0.951432428046,,,,,,,,,,2017_Sep_28_1415,60.0505426196,Exp13,001,017,
A, ,Stomach Ache,10,7,87,0,,,,,,,,,,,,,apple,,stomach ache,m,0.719055049994,,,,,,,,,,2017_Sep_28_1415,60.0505426196,Exp13,001,017,
H,J,No Stomach Ache,11,0,88,7,,,,,,,,,,,,,cherry,kiwi,no stomach ache,z,0.737595545084,,,,,,,,,,2017_Sep_28_1415,60.0505426196,Exp13,001,017,
A,D,Stomach Ache,11,1,89,1,,,,,,,,,,,,,apple,peach,stomach ache,m,1.18748374846,,,,,,,,,,2017_Sep_28_1415,60.0505426196,Exp13,001,017,
A, ,Stomach Ache,11,2,90,0,,,,,,,,,,,,,apple,,stomach ache,m,0.619198221058,,,,,,,,,,2017_Sep_28_1415,60.0505426196,Exp13,001,017,
G,J,Stomach Ache,11,3,91,6,,,,,,,,,,,,,pear,kiwi,stomach ache,m,1.52019565896,,,,,,,,,,2017_Sep_28_1415,60.0505426196,Exp13,001,017,
F, ,Stomach Ache,11,4,92,4,,,,,,,,,,,,,orange,,stomach ache,m,0.752479246148,,,,,,,,,,2017_Sep_28_1415,60.0505426196,Exp13,001,017,
B,E,Stomach Ache,11,5,93,2,,,,,,,,,,,,,banana,mango,stomach ache,m,1.20390799956,,,,,,,,,,2017_Sep_28_1415,60.0505426196,Exp13,001,017,
C,E,No Stomach Ache,11,6,94,3,,,,,,,,,,,,,strawberry,mango,no stomach ache,z,0.955441987724,,,,,,,,,,2017_Sep_28_1415,60.0505426196,Exp13,001,017,
F,I,Stomach Ache,11,7,95,5,,,,,,,,,,,,,orange,plum,stomach ache,m,0.821254550872,,,,,,,,,,2017_Sep_28_1415,60.0505426196,Exp13,001,017,
D,C,Stomach Ache,,,,,0,0,0,0,,,,,,,,,peach,strawberry,no stomach ache,,,z,2.05007277543,,,,,,,,2017_Sep_28_1415,60.0505426196,Exp13,001,017,
D,C,Stomach Ache,,,,,1,0,1,0,,,,,,,,,peach,strawberry,stomach ache,,,m,1.65036583689,,,,,,,,2017_Sep_28_1415,60.0505426196,Exp13,001,017,
D,C,Stomach Ache,,,,,2,0,2,0,,,,,,,,,peach,strawberry,stomach ache,,,m,1.36990523973,,,,,,,,2017_Sep_28_1415,60.0505426196,Exp13,001,017,
D,C,Stomach Ache,,,,,3,0,3,0,,,,,,,,,peach,strawberry,stomach ache,,,m,0.750494239386,,,,,,,,2017_Sep_28_1415,60.0505426196,Exp13,001,017,
D,C,Stomach Ache,,,,,4,0,4,0,,,,,,,,,peach,strawberry,stomach ache,,,m,0.784076270167,,,,,,,,2017_Sep_28_1415,60.0505426196,Exp13,001,017,
D,C,Stomach Ache,,,,,5,0,5,0,,,,,,,,,peach,strawberry,stomach ache,,,m,0.752943650936,,,,,,,,2017_Sep_28_1415,60.0505426196,Exp13,001,017,
,,,,,,,,,,,,,,,,,,,,,,,,,,space,8.45002993959,,,,,,2017_Sep_28_1415,60.0505426196,Exp13,001,017,
I,C,,,,,,,,,,0,0,0,10,,,,,plum,strawberry,,,,,,,,5,9.986,"[(None, 0.0), (u'5', 9.986)]",,,2017_Sep_28_1415,60.0505426196,Exp13,001,017,
B, ,,,,,,,,,,0,1,1,1,,,,,banana,,,,,,,,,10,2.138,"[(None, 0.0), (u'10', 2.138)]",,,2017_Sep_28_1415,60.0505426196,Exp13,001,017,
J, ,,,,,,,,,,0,2,2,9,,,,,kiwi,,,,,,,,,0,2.737,"[(None, 0.0), (u'0', 2.737)]",,,2017_Sep_28_1415,60.0505426196,Exp13,001,017,
D,H,,,,,,,,,,0,3,3,11,,,,,peach,cherry,,,,,,,,10,9.636,"[(None, 0.0), (u'10', 9.636)]",,,2017_Sep_28_1415,60.0505426196,Exp13,001,017,
D, ,,,,,,,,,,0,4,4,3,,,,,peach,,,,,,,,,10,1.072,"[(None, 0.0), (u'10', 1.072)]",,,2017_Sep_28_1415,60.0505426196,Exp13,001,017,
F, ,,,,,,,,,,0,5,5,5,,,,,orange,,,,,,,,,10,2.103,"[(None, 0.0), (u'10', 2.103)]",,,2017_Sep_28_1415,60.0505426196,Exp13,001,017,
I, ,,,,,,,,,,0,6,6,8,,,,,plum,,,,,,,,,5,3.555,"[(None, 0.0), (u'5', 3.555)]",,,2017_Sep_28_1415,60.0505426196,Exp13,001,017,
G, ,,,,,,,,,,0,7,7,6,,,,,pear,,,,,,,,,10,2.953,"[(None, 0.0), (u'10', 2.953)]",,,2017_Sep_28_1415,60.0505426196,Exp13,001,017,
H, ,,,,,,,,,,0,8,8,7,,,,,cherry,,,,,,,,,0,2.355,"[(None, 0.0), (u'0', 2.355)]",,,2017_Sep_28_1415,60.0505426196,Exp13,001,017,
E, ,,,,,,,,,,0,9,9,4,,,,,mango,,,,,,,,,0,1.303,"[(None, 0.0), (u'0', 1.303)]",,,2017_Sep_28_1415,60.0505426196,Exp13,001,017,
C, ,,,,,,,,,,0,10,10,2,,,,,strawberry,,,,,,,,,0,1.17,"[(None, 0.0), (u'0', 1.17)]",,,2017_Sep_28_1415,60.0505426196,Exp13,001,017,
A, ,,,,,,,,,,0,11,11,0,,,,,apple,,,,,,,,,10,1.737,"[(None, 0.0), (u'10', 1.737)]",,,2017_Sep_28_1415,60.0505426196,Exp13,001,017,
I, ,,,,,,,,,,1,0,12,8,,,,,plum,,,,,,,,,5,2.92,"[(None, 0.0), (u'5', 2.92)]",,,2017_Sep_28_1415,60.0505426196,Exp13,001,017,
B, ,,,,,,,,,,1,1,13,1,,,,,banana,,,,,,,,,10,2.276,"[(None, 0.0), (u'10', 2.276)]",,,2017_Sep_28_1415,60.0505426196,Exp13,001,017,
H, ,,,,,,,,,,1,2,14,7,,,,,cherry,,,,,,,,,0,2.339,"[(None, 0.0), (u'0', 2.339)]",,,2017_Sep_28_1415,60.0505426196,Exp13,001,017,
E, ,,,,,,,,,,1,3,15,4,,,,,mango,,,,,,,,,0,1.138,"[(None, 0.0), (u'0', 1.138)]",,,2017_Sep_28_1415,60.0505426196,Exp13,001,017,
I,C,,,,,,,,,,1,4,16,10,,,,,plum,strawberry,,,,,,,,5,4.971,"[(None, 0.0), (u'5', 4.971)]",,,2017_Sep_28_1415,60.0505426196,Exp13,001,017,
A, ,,,,,,,,,,1,5,17,0,,,,,apple,,,,,,,,,10,1.392,"[(None, 0.0), (u'10', 1.392)]",,,2017_Sep_28_1415,60.0505426196,Exp13,001,017,
J, ,,,,,,,,,,1,6,18,9,,,,,kiwi,,,,,,,,,0,2.459,"[(None, 0.0), (u'0', 2.459)]",,,2017_Sep_28_1415,60.0505426196,Exp13,001,017,
C, ,,,,,,,,,,1,7,19,2,,,,,strawberry,,,,,,,,,0,1.639,"[(None, 0.0), (u'0', 1.639)]",,,2017_Sep_28_1415,60.0505426196,Exp13,001,017,
D, ,,,,,,,,,,1,8,20,3,,,,,peach,,,,,,,,,10,2.458,"[(None, 0.0), (u'10', 2.458)]",,,2017_Sep_28_1415,60.0505426196,Exp13,001,017,
D,H,,,,,,,,,,1,9,21,11,,,,,peach,cherry,,,,,,,,10,1.905,"[(None, 0.0), (u'10', 1.905)]",,,2017_Sep_28_1415,60.0505426196,Exp13,001,017,
G, ,,,,,,,,,,1,10,22,6,,,,,pear,,,,,,,,,10,1.104,"[(None, 0.0), (u'10', 1.104)]",,,2017_Sep_28_1415,60.0505426196,Exp13,001,017,
F, ,,,,,,,,,,1,11,23,5,,,,,orange,,,,,,,,,10,1.637,"[(None, 0.0), (u'10', 1.637)]",,,2017_Sep_28_1415,60.0505426196,Exp13,001,017,
,,,,,,,,,,,,,,,,,,,,,,,,,,,,,,,space,2.00022222837,2017_Sep_28_1415,60.0505426196,Exp13,001,017,
