stim1,stim2,outcome,train_trials.thisRepN,train_trials.thisTrialN,train_trials.thisN,train_trials.thisIndex,train_trials2.thisRepN,train_trials2.thisTrialN,train_trials2.thisN,train_trials2.thisIndex,test_trials.thisRepN,test_trials.thisTrialN,test_trials.thisN,test_trials.thisIndex,start_exp.keys,start_exp.rt,start_exp2.keys,start_exp2.rt,stim.A,stim.B,pressed,key_ans.keys,key_ans.rt,key_answ.keys,key_answ.rt,start.keys,start.rt,rating.response,rating.rt,rating.history,exit_exp.keys,exit_exp.rt,date,frameRate,expName,session,participant,
,,,,,,,,,,,,,,,space,571.565935566,,,,,,,,,,,,,,,,,2017_Sep_28_1529,60.0329848593,Exp13,001,018,
,,,,,,,,,,,,,,,,,space,21.0014982015,,,,,,,,,,,,,,,2017_Sep_28_1529,60.0329848593,Exp13,001,018,
A, ,Stomach Ache,0,0,0,0,,,,,,,,,,,,,plum,,no stomach ache,z,6.95071333431,,,,,,,,,,2017_Sep_28_1529,60.0329848593,Exp13,001,018,
H,J,No Stomach Ache,0,1,1,7,,,,,,,,,,,,,mango,peach,stomach ache,m,6.60062167839,,,,,,,,,,2017_Sep_28_1529,60.0329848593,Exp13,001,018,
G,J,Stomach Ache,0,2,2,6,,,,,,,,,,,,,banana,peach,no stomach ache,z,5.51725469006,,,,,,,,,,2017_Sep_28_1529,60.0329848593,Exp13,001,018,
B,E,Stomach Ache,0,3,3,2,,,,,,,,,,,,,orange,cherry,no stomach ache,z,5.867356145,,,,,,,,,,2017_Sep_28_1529,60.0329848593,Exp13,001,018,
F,I,Stomach Ache,0,4,4,5,,,,,,,,,,,,,apple,kiwi,stomach ache,m,2.91716180927,,,,,,,,,,2017_Sep_28_1529,60.0329848593,Exp13,001,018,
A,D,Stomach Ache,0,5,5,1,,,,,,,,,,,,,plum,pear,stomach ache,m,4.63395377519,,,,,,,,,,2017_Sep_28_1529,60.0329848593,Exp13,001,018,
F, ,Stomach Ache,0,6,6,4,,,,,,,,,,,,,apple,,no stomach ache,z,2.03367821249,,,,,,,,,,2017_Sep_28_1529,60.0329848593,Exp13,001,018,
C,E,No Stomach Ache,0,7,7,3,,,,,,,,,,,,,strawberry,cherry,stomach ache,m,3.78379562584,,,,,,,,,,2017_Sep_28_1529,60.0329848593,Exp13,001,018,
A,D,Stomach Ache,1,0,8,1,,,,,,,,,,,,,plum,pear,stomach ache,m,1.4670927611,,,,,,,,,,2017_Sep_28_1529,60.0329848593,Exp13,001,018,
H,J,No Stomach Ache,1,1,9,7,,,,,,,,,,,,,mango,peach,stomach ache,m,4.85064040154,,,,,,,,,,2017_Sep_28_1529,60.0329848593,Exp13,001,018,
B,E,Stomach Ache,1,2,10,2,,,,,,,,,,,,,orange,cherry,stomach ache,m,2.78381662376,,,,,,,,,,2017_Sep_28_1529,60.0329848593,Exp13,001,018,
F, ,Stomach Ache,1,3,11,4,,,,,,,,,,,,,apple,,stomach ache,m,2.90053670682,,,,,,,,,,2017_Sep_28_1529,60.0329848593,Exp13,001,018,
F,I,Stomach Ache,1,4,12,5,,,,,,,,,,,,,apple,kiwi,stomach ache,m,1.41701552375,,,,,,,,,,2017_Sep_28_1529,60.0329848593,Exp13,001,018,
A, ,Stomach Ache,1,5,13,0,,,,,,,,,,,,,plum,,stomach ache,m,2.63384808565,,,,,,,,,,2017_Sep_28_1529,60.0329848593,Exp13,001,018,
C,E,No Stomach Ache,1,6,14,3,,,,,,,,,,,,,strawberry,cherry,stomach ache,m,1.48368251705,,,,,,,,,,2017_Sep_28_1529,60.0329848593,Exp13,001,018,
G,J,Stomach Ache,1,7,15,6,,,,,,,,,,,,,banana,peach,stomach ache,m,1.28365144014,,,,,,,,,,2017_Sep_28_1529,60.0329848593,Exp13,001,018,
A,D,Stomach Ache,2,0,16,1,,,,,,,,,,,,,plum,pear,stomach ache,m,0.833608639383,,,,,,,,,,2017_Sep_28_1529,60.0329848593,Exp13,001,018,
H,J,No Stomach Ache,2,1,17,7,,,,,,,,,,,,,mango,peach,stomach ache,m,1.56700645965,,,,,,,,,,2017_Sep_28_1529,60.0329848593,Exp13,001,018,
G,J,Stomach Ache,2,2,18,6,,,,,,,,,,,,,banana,peach,no stomach ache,z,3.70060187035,,,,,,,,,,2017_Sep_28_1529,60.0329848593,Exp13,001,018,
F, ,Stomach Ache,2,3,19,4,,,,,,,,,,,,,apple,,stomach ache,m,1.46705671467,,,,,,,,,,2017_Sep_28_1529,60.0329848593,Exp13,001,018,
B,E,Stomach Ache,2,4,20,2,,,,,,,,,,,,,orange,cherry,no stomach ache,z,1.66696810345,,,,,,,,,,2017_Sep_28_1529,60.0329848593,Exp13,001,018,
F,I,Stomach Ache,2,5,21,5,,,,,,,,,,,,,apple,kiwi,stomach ache,m,1.35031738355,,,,,,,,,,2017_Sep_28_1529,60.0329848593,Exp13,001,018,
C,E,No Stomach Ache,2,6,22,3,,,,,,,,,,,,,strawberry,cherry,no stomach ache,z,1.500373413,,,,,,,,,,2017_Sep_28_1529,60.0329848593,Exp13,001,018,
A, ,Stomach Ache,2,7,23,0,,,,,,,,,,,,,plum,,stomach ache,m,0.600306709603,,,,,,,,,,2017_Sep_28_1529,60.0329848593,Exp13,001,018,
G,J,Stomach Ache,3,0,24,6,,,,,,,,,,,,,banana,peach,stomach ache,m,6.21735401021,,,,,,,,,,2017_Sep_28_1529,60.0329848593,Exp13,001,018,
B,E,Stomach Ache,3,1,25,2,,,,,,,,,,,,,orange,cherry,no stomach ache,z,2.43350518963,,,,,,,,,,2017_Sep_28_1529,60.0329848593,Exp13,001,018,
A, ,Stomach Ache,3,2,26,0,,,,,,,,,,,,,plum,,stomach ache,m,0.567028157515,,,,,,,,,,2017_Sep_28_1529,60.0329848593,Exp13,001,018,
H,J,No Stomach Ache,3,3,27,7,,,,,,,,,,,,,mango,peach,stomach ache,m,3.7505499705,,,,,,,,,,2017_Sep_28_1529,60.0329848593,Exp13,001,018,
A,D,Stomach Ache,3,4,28,1,,,,,,,,,,,,,plum,pear,stomach ache,m,0.667021998132,,,,,,,,,,2017_Sep_28_1529,60.0329848593,Exp13,001,018,
F,I,Stomach Ache,3,5,29,5,,,,,,,,,,,,,apple,kiwi,stomach ache,m,1.00030586969,,,,,,,,,,2017_Sep_28_1529,60.0329848593,Exp13,001,018,
F, ,Stomach Ache,3,6,30,4,,,,,,,,,,,,,apple,,stomach ache,m,1.23369844048,,,,,,,,,,2017_Sep_28_1529,60.0329848593,Exp13,001,018,
C,E,No Stomach Ache,3,7,31,3,,,,,,,,,,,,,strawberry,cherry,no stomach ache,z,2.46755751505,,,,,,,,,,2017_Sep_28_1529,60.0329848593,Exp13,001,018,
C,E,No Stomach Ache,4,0,32,3,,,,,,,,,,,,,strawberry,cherry,no stomach ache,z,0.967078762493,,,,,,,,,,2017_Sep_28_1529,60.0329848593,Exp13,001,018,
F,I,Stomach Ache,4,1,33,5,,,,,,,,,,,,,apple,kiwi,stomach ache,m,0.883793316083,,,,,,,,,,2017_Sep_28_1529,60.0329848593,Exp13,001,018,
H,J,No Stomach Ache,4,2,34,7,,,,,,,,,,,,,mango,peach,no stomach ache,z,1.68382068336,,,,,,,,,,2017_Sep_28_1529,60.0329848593,Exp13,001,018,
B,E,Stomach Ache,4,3,35,2,,,,,,,,,,,,,orange,cherry,stomach ache,m,1.65033880142,,,,,,,,,,2017_Sep_28_1529,60.0329848593,Exp13,001,018,
F, ,Stomach Ache,4,4,36,4,,,,,,,,,,,,,apple,,stomach ache,m,0.750225902608,,,,,,,,,,2017_Sep_28_1529,60.0329848593,Exp13,001,018,
G,J,Stomach Ache,4,5,37,6,,,,,,,,,,,,,banana,peach,no stomach ache,z,2.30046027439,,,,,,,,,,2017_Sep_28_1529,60.0329848593,Exp13,001,018,
A, ,Stomach Ache,4,6,38,0,,,,,,,,,,,,,plum,,stomach ache,m,0.700381392206,,,,,,,,,,2017_Sep_28_1529,60.0329848593,Exp13,001,018,
A,D,Stomach Ache,4,7,39,1,,,,,,,,,,,,,plum,pear,stomach ache,m,1.03371355899,,,,,,,,,,2017_Sep_28_1529,60.0329848593,Exp13,001,018,
C,E,No Stomach Ache,5,0,40,3,,,,,,,,,,,,,strawberry,cherry,no stomach ache,z,2.95051910356,,,,,,,,,,2017_Sep_28_1529,60.0329848593,Exp13,001,018,
A, ,Stomach Ache,5,1,41,0,,,,,,,,,,,,,plum,,stomach ache,m,0.966946125627,,,,,,,,,,2017_Sep_28_1529,60.0329848593,Exp13,001,018,
G,J,Stomach Ache,5,2,42,6,,,,,,,,,,,,,banana,peach,stomach ache,m,5.66731666891,,,,,,,,,,2017_Sep_28_1529,60.0329848593,Exp13,001,018,
F, ,Stomach Ache,5,3,43,4,,,,,,,,,,,,,apple,,stomach ache,m,1.9671361568,,,,,,,,,,2017_Sep_28_1529,60.0329848593,Exp13,001,018,
B,E,Stomach Ache,5,4,44,2,,,,,,,,,,,,,orange,cherry,stomach ache,m,1.86713811661,,,,,,,,,,2017_Sep_28_1529,60.0329848593,Exp13,001,018,
A,D,Stomach Ache,5,5,45,1,,,,,,,,,,,,,plum,pear,stomach ache,m,0.800223697835,,,,,,,,,,2017_Sep_28_1529,60.0329848593,Exp13,001,018,
F,I,Stomach Ache,5,6,46,5,,,,,,,,,,,,,apple,kiwi,stomach ache,m,0.717023292978,,,,,,,,,,2017_Sep_28_1529,60.0329848593,Exp13,001,018,
H,J,No Stomach Ache,5,7,47,7,,,,,,,,,,,,,mango,peach,no stomach ache,z,1.01703176215,,,,,,,,,,2017_Sep_28_1529,60.0329848593,Exp13,001,018,
G,J,Stomach Ache,6,0,48,6,,,,,,,,,,,,,banana,peach,stomach ache,m,1.23372783758,,,,,,,,,,2017_Sep_28_1529,60.0329848593,Exp13,001,018,
C,E,No Stomach Ache,6,1,49,3,,,,,,,,,,,,,strawberry,cherry,no stomach ache,z,1.41707851752,,,,,,,,,,2017_Sep_28_1529,60.0329848593,Exp13,001,018,
A, ,Stomach Ache,6,2,50,0,,,,,,,,,,,,,plum,,stomach ache,m,0.683698895446,,,,,,,,,,2017_Sep_28_1529,60.0329848593,Exp13,001,018,
B,E,Stomach Ache,6,3,51,2,,,,,,,,,,,,,orange,cherry,no stomach ache,z,1.43380615981,,,,,,,,,,2017_Sep_28_1529,60.0329848593,Exp13,001,018,
H,J,No Stomach Ache,6,4,52,7,,,,,,,,,,,,,mango,peach,no stomach ache,z,4.71723852165,,,,,,,,,,2017_Sep_28_1529,60.0329848593,Exp13,001,018,
A,D,Stomach Ache,6,5,53,1,,,,,,,,,,,,,plum,pear,stomach ache,m,2.8836921761,,,,,,,,,,2017_Sep_28_1529,60.0329848593,Exp13,001,018,
F, ,Stomach Ache,6,6,54,4,,,,,,,,,,,,,apple,,stomach ache,m,0.783583896831,,,,,,,,,,2017_Sep_28_1529,60.0329848593,Exp13,001,018,
F,I,Stomach Ache,6,7,55,5,,,,,,,,,,,,,apple,kiwi,stomach ache,m,1.01706080927,,,,,,,,,,2017_Sep_28_1529,60.0329848593,Exp13,001,018,
F, ,Stomach Ache,7,0,56,4,,,,,,,,,,,,,apple,,stomach ache,m,0.733658894402,,,,,,,,,,2017_Sep_28_1529,60.0329848593,Exp13,001,018,
C,E,No Stomach Ache,7,1,57,3,,,,,,,,,,,,,strawberry,cherry,no stomach ache,z,0.933593380891,,,,,,,,,,2017_Sep_28_1529,60.0329848593,Exp13,001,018,
A, ,Stomach Ache,7,2,58,0,,,,,,,,,,,,,plum,,stomach ache,m,0.800251695066,,,,,,,,,,2017_Sep_28_1529,60.0329848593,Exp13,001,018,
B,E,Stomach Ache,7,3,59,2,,,,,,,,,,,,,orange,cherry,stomach ache,m,2.96713405702,,,,,,,,,,2017_Sep_28_1529,60.0329848593,Exp13,001,018,
H,J,No Stomach Ache,7,4,60,7,,,,,,,,,,,,,mango,peach,no stomach ache,z,1.40038867148,,,,,,,,,,2017_Sep_28_1529,60.0329848593,Exp13,001,018,
F,I,Stomach Ache,7,5,61,5,,,,,,,,,,,,,apple,kiwi,stomach ache,m,2.08392098344,,,,,,,,,,2017_Sep_28_1529,60.0329848593,Exp13,001,018,
A,D,Stomach Ache,7,6,62,1,,,,,,,,,,,,,plum,pear,stomach ache,m,1.06700925938,,,,,,,,,,2017_Sep_28_1529,60.0329848593,Exp13,001,018,
G,J,Stomach Ache,7,7,63,6,,,,,,,,,,,,,banana,peach,stomach ache,m,1.51694287096,,,,,,,,,,2017_Sep_28_1529,60.0329848593,Exp13,001,018,
G,J,Stomach Ache,8,0,64,6,,,,,,,,,,,,,banana,peach,stomach ache,m,1.26685415475,,,,,,,,,,2017_Sep_28_1529,60.0329848593,Exp13,001,018,
A, ,Stomach Ache,8,1,65,0,,,,,,,,,,,,,plum,,stomach ache,m,0.533770953305,,,,,,,,,,2017_Sep_28_1529,60.0329848593,Exp13,001,018,
C,E,No Stomach Ache,8,2,66,3,,,,,,,,,,,,,strawberry,cherry,no stomach ache,z,2.41729689587,,,,,,,,,,2017_Sep_28_1529,60.0329848593,Exp13,001,018,
H,J,No Stomach Ache,8,3,67,7,,,,,,,,,,,,,mango,peach,no stomach ache,z,3.60050444001,,,,,,,,,,2017_Sep_28_1529,60.0329848593,Exp13,001,018,
F, ,Stomach Ache,8,4,68,4,,,,,,,,,,,,,apple,,stomach ache,m,0.783680837238,,,,,,,,,,2017_Sep_28_1529,60.0329848593,Exp13,001,018,
F,I,Stomach Ache,8,5,69,5,,,,,,,,,,,,,apple,kiwi,stomach ache,m,0.716992846006,,,,,,,,,,2017_Sep_28_1529,60.0329848593,Exp13,001,018,
B,E,Stomach Ache,8,6,70,2,,,,,,,,,,,,,orange,cherry,stomach ache,m,1.53382799764,,,,,,,,,,2017_Sep_28_1529,60.0329848593,Exp13,001,018,
A,D,Stomach Ache,8,7,71,1,,,,,,,,,,,,,plum,pear,stomach ache,m,0.683662849013,,,,,,,,,,2017_Sep_28_1529,60.0329848593,Exp13,001,018,
F, ,Stomach Ache,9,0,72,4,,,,,,,,,,,,,apple,,stomach ache,m,0.600233916819,,,,,,,,,,2017_Sep_28_1529,60.0329848593,Exp13,001,018,
B,E,Stomach Ache,9,1,73,2,,,,,,,,,,,,,orange,cherry,stomach ache,m,1.93375611477,,,,,,,,,,2017_Sep_28_1529,60.0329848593,Exp13,001,018,
A, ,Stomach Ache,9,2,74,0,,,,,,,,,,,,,plum,,stomach ache,m,0.717062839074,,,,,,,,,,2017_Sep_28_1529,60.0329848593,Exp13,001,018,
H,J,No Stomach Ache,9,3,75,7,,,,,,,,,,,,,mango,peach,no stomach ache,z,1.88402429319,,,,,,,,,,2017_Sep_28_1529,60.0329848593,Exp13,001,018,
F,I,Stomach Ache,9,4,76,5,,,,,,,,,,,,,apple,kiwi,stomach ache,m,1.05052589289,,,,,,,,,,2017_Sep_28_1529,60.0329848593,Exp13,001,018,
G,J,Stomach Ache,9,5,77,6,,,,,,,,,,,,,banana,peach,stomach ache,m,1.95049460598,,,,,,,,,,2017_Sep_28_1529,60.0329848593,Exp13,001,018,
A,D,Stomach Ache,9,6,78,1,,,,,,,,,,,,,plum,pear,stomach ache,m,1.31694154108,,,,,,,,,,2017_Sep_28_1529,60.0329848593,Exp13,001,018,
C,E,No Stomach Ache,9,7,79,3,,,,,,,,,,,,,strawberry,cherry,no stomach ache,z,1.13363915635,,,,,,,,,,2017_Sep_28_1529,60.0329848593,Exp13,001,018,
H,J,No Stomach Ache,10,0,80,7,,,,,,,,,,,,,mango,peach,no stomach ache,z,1.55035196012,,,,,,,,,,2017_Sep_28_1529,60.0329848593,Exp13,001,018,
B,E,Stomach Ache,10,1,81,2,,,,,,,,,,,,,orange,cherry,stomach ache,m,1.40049541091,,,,,,,,,,2017_Sep_28_1529,60.0329848593,Exp13,001,018,
A, ,Stomach Ache,10,2,82,0,,,,,,,,,,,,,plum,,stomach ache,m,1.13372874747,,,,,,,,,,2017_Sep_28_1529,60.0329848593,Exp13,001,018,
F,I,Stomach Ache,10,3,83,5,,,,,,,,,,,,,apple,kiwi,stomach ache,m,1.23372818754,,,,,,,,,,2017_Sep_28_1529,60.0329848593,Exp13,001,018,
G,J,Stomach Ache,10,4,84,6,,,,,,,,,,,,,banana,peach,stomach ache,m,1.30040392997,,,,,,,,,,2017_Sep_28_1529,60.0329848593,Exp13,001,018,
F, ,Stomach Ache,10,5,85,4,,,,,,,,,,,,,apple,,stomach ache,m,1.53359772047,,,,,,,,,,2017_Sep_28_1529,60.0329848593,Exp13,001,018,
A,D,Stomach Ache,10,6,86,1,,,,,,,,,,,,,plum,pear,stomach ache,m,0.617106794714,,,,,,,,,,2017_Sep_28_1529,60.0329848593,Exp13,001,018,
C,E,No Stomach Ache,10,7,87,3,,,,,,,,,,,,,strawberry,cherry,no stomach ache,z,1.58374285109,,,,,,,,,,2017_Sep_28_1529,60.0329848593,Exp13,001,018,
F, ,Stomach Ache,11,0,88,4,,,,,,,,,,,,,apple,,stomach ache,m,0.517173848071,,,,,,,,,,2017_Sep_28_1529,60.0329848593,Exp13,001,018,
H,J,No Stomach Ache,11,1,89,7,,,,,,,,,,,,,mango,peach,no stomach ache,z,0.933708169527,,,,,,,,,,2017_Sep_28_1529,60.0329848593,Exp13,001,018,
C,E,No Stomach Ache,11,2,90,3,,,,,,,,,,,,,strawberry,cherry,no stomach ache,z,0.900478962532,,,,,,,,,,2017_Sep_28_1529,60.0329848593,Exp13,001,018,
B,E,Stomach Ache,11,3,91,2,,,,,,,,,,,,,orange,cherry,stomach ache,m,0.866998480444,,,,,,,,,,2017_Sep_28_1529,60.0329848593,Exp13,001,018,
F,I,Stomach Ache,11,4,92,5,,,,,,,,,,,,,apple,kiwi,stomach ache,m,0.700207809408,,,,,,,,,,2017_Sep_28_1529,60.0329848593,Exp13,001,018,
G,J,Stomach Ache,11,5,93,6,,,,,,,,,,,,,banana,peach,stomach ache,m,1.18366074922,,,,,,,,,,2017_Sep_28_1529,60.0329848593,Exp13,001,018,
A,D,Stomach Ache,11,6,94,1,,,,,,,,,,,,,plum,pear,stomach ache,m,0.750369038418,,,,,,,,,,2017_Sep_28_1529,60.0329848593,Exp13,001,018,
A, ,Stomach Ache,11,7,95,0,,,,,,,,,,,,,plum,,stomach ache,m,0.700256804543,,,,,,,,,,2017_Sep_28_1529,60.0329848593,Exp13,001,018,
D,C,Stomach Ache,,,,,0,0,0,0,,,,,,,,,pear,strawberry,stomach ache,,,m,1.38375446993,,,,,,,,2017_Sep_28_1529,60.0329848593,Exp13,001,018,
D,C,Stomach Ache,,,,,1,0,1,0,,,,,,,,,pear,strawberry,stomach ache,,,m,0.750723203324,,,,,,,,2017_Sep_28_1529,60.0329848593,Exp13,001,018,
D,C,Stomach Ache,,,,,2,0,2,0,,,,,,,,,pear,strawberry,stomach ache,,,m,1.58346637849,,,,,,,,2017_Sep_28_1529,60.0329848593,Exp13,001,018,
D,C,Stomach Ache,,,,,3,0,3,0,,,,,,,,,pear,strawberry,stomach ache,,,m,0.70017911226,,,,,,,,2017_Sep_28_1529,60.0329848593,Exp13,001,018,
D,C,Stomach Ache,,,,,4,0,4,0,,,,,,,,,pear,strawberry,stomach ache,,,m,1.86702962736,,,,,,,,2017_Sep_28_1529,60.0329848593,Exp13,001,018,
D,C,Stomach Ache,,,,,5,0,5,0,,,,,,,,,pear,strawberry,stomach ache,,,m,0.95035426988,,,,,,,,2017_Sep_28_1529,60.0329848593,Exp13,001,018,
,,,,,,,,,,,,,,,,,,,,,,,,,,space,9.61758729711,,,,,,2017_Sep_28_1529,60.0329848593,Exp13,001,018,
C, ,,,,,,,,,,0,0,0,2,,,,,strawberry,,,,,,,,,0,8.203,"[(None, 0.0), (u'0', 8.203)]",,,2017_Sep_28_1529,60.0329848593,Exp13,001,018,
F, ,,,,,,,,,,0,1,1,5,,,,,apple,,,,,,,,,10,3.653,"[(None, 0.0), (u'10', 3.653)]",,,2017_Sep_28_1529,60.0329848593,Exp13,001,018,
J, ,,,,,,,,,,0,2,2,9,,,,,peach,,,,,,,,,0,4.686,"[(None, 0.0), (u'0', 4.686)]",,,2017_Sep_28_1529,60.0329848593,Exp13,001,018,
D,H,,,,,,,,,,0,3,3,11,,,,,pear,mango,,,,,,,,5,7.92,"[(None, 0.0), (u'5', 7.92)]",,,2017_Sep_28_1529,60.0329848593,Exp13,001,018,
A, ,,,,,,,,,,0,4,4,0,,,,,plum,,,,,,,,,10,2.303,"[(None, 0.0), (u'10', 2.303)]",,,2017_Sep_28_1529,60.0329848593,Exp13,001,018,
G, ,,,,,,,,,,0,5,5,6,,,,,banana,,,,,,,,,10,2.253,"[(None, 0.0), (u'10', 2.253)]",,,2017_Sep_28_1529,60.0329848593,Exp13,001,018,
B, ,,,,,,,,,,0,6,6,1,,,,,orange,,,,,,,,,10,0.92,"[(None, 0.0), (u'10', 0.92)]",,,2017_Sep_28_1529,60.0329848593,Exp13,001,018,
I,C,,,,,,,,,,0,7,7,10,,,,,kiwi,strawberry,,,,,,,,5,2.853,"[(None, 0.0), (u'5', 2.853)]",,,2017_Sep_28_1529,60.0329848593,Exp13,001,018,
E, ,,,,,,,,,,0,8,8,4,,,,,cherry,,,,,,,,,0,2.22,"[(None, 0.0), (u'0', 2.22)]",,,2017_Sep_28_1529,60.0329848593,Exp13,001,018,
I, ,,,,,,,,,,0,9,9,8,,,,,kiwi,,,,,,,,,10,1.503,"[(None, 0.0), (u'10', 1.503)]",,,2017_Sep_28_1529,60.0329848593,Exp13,001,018,
D, ,,,,,,,,,,0,10,10,3,,,,,pear,,,,,,,,,10,0.855,"[(None, 0.0), (u'10', 0.855)]",,,2017_Sep_28_1529,60.0329848593,Exp13,001,018,
H, ,,,,,,,,,,0,11,11,7,,,,,mango,,,,,,,,,0,1.753,"[(None, 0.0), (u'0', 1.753)]",,,2017_Sep_28_1529,60.0329848593,Exp13,001,018,
E, ,,,,,,,,,,1,0,12,4,,,,,cherry,,,,,,,,,0,3.553,"[(None, 0.0), (u'0', 3.553)]",,,2017_Sep_28_1529,60.0329848593,Exp13,001,018,
F, ,,,,,,,,,,1,1,13,5,,,,,apple,,,,,,,,,10,1.27,"[(None, 0.0), (u'10', 1.27)]",,,2017_Sep_28_1529,60.0329848593,Exp13,001,018,
I, ,,,,,,,,,,1,2,14,8,,,,,kiwi,,,,,,,,,10,2.153,"[(None, 0.0), (u'10', 2.153)]",,,2017_Sep_28_1529,60.0329848593,Exp13,001,018,
A, ,,,,,,,,,,1,3,15,0,,,,,plum,,,,,,,,,10,0.686,"[(None, 0.0), (u'10', 0.686)]",,,2017_Sep_28_1529,60.0329848593,Exp13,001,018,
B, ,,,,,,,,,,1,4,16,1,,,,,orange,,,,,,,,,10,0.587,"[(None, 0.0), (u'10', 0.587)]",,,2017_Sep_28_1529,60.0329848593,Exp13,001,018,
C, ,,,,,,,,,,1,5,17,2,,,,,strawberry,,,,,,,,,0,2.053,"[(None, 0.0), (u'0', 2.053)]",,,2017_Sep_28_1529,60.0329848593,Exp13,001,018,
H, ,,,,,,,,,,1,6,18,7,,,,,mango,,,,,,,,,0,1.77,"[(None, 0.0), (u'0', 1.769)]",,,2017_Sep_28_1529,60.0329848593,Exp13,001,018,
D,H,,,,,,,,,,1,7,19,11,,,,,pear,mango,,,,,,,,5,1.686,"[(None, 0.0), (u'5', 1.686)]",,,2017_Sep_28_1529,60.0329848593,Exp13,001,018,
I,C,,,,,,,,,,1,8,20,10,,,,,kiwi,strawberry,,,,,,,,5,1.586,"[(None, 0.0), (u'5', 1.586)]",,,2017_Sep_28_1529,60.0329848593,Exp13,001,018,
G, ,,,,,,,,,,1,9,21,6,,,,,banana,,,,,,,,,10,1.47,"[(None, 0.0), (u'10', 1.47)]",,,2017_Sep_28_1529,60.0329848593,Exp13,001,018,
J, ,,,,,,,,,,1,10,22,9,,,,,peach,,,,,,,,,0,1.77,"[(None, 0.0), (u'0', 1.77)]",,,2017_Sep_28_1529,60.0329848593,Exp13,001,018,
D, ,,,,,,,,,,1,11,23,3,,,,,pear,,,,,,,,,10,2.086,"[(None, 0.0), (u'10', 2.086)]",,,2017_Sep_28_1529,60.0329848593,Exp13,001,018,
,,,,,,,,,,,,,,,,,,,,,,,,,,,,,,,space,2.40039882048,2017_Sep_28_1529,60.0329848593,Exp13,001,018,
