stim1,stim2,outcome,train_trials.thisRepN,train_trials.thisTrialN,train_trials.thisN,train_trials.thisIndex,train_trials2.thisRepN,train_trials2.thisTrialN,train_trials2.thisN,train_trials2.thisIndex,test_trials.thisRepN,test_trials.thisTrialN,test_trials.thisN,test_trials.thisIndex,start_exp.keys,start_exp.rt,start_exp2.keys,start_exp2.rt,stim.A,stim.B,pressed,key_ans.keys,key_ans.rt,key_answ.keys,key_answ.rt,start.keys,start.rt,rating.response,rating.rt,rating.history,exit_exp.keys,exit_exp.rt,date,frameRate,expName,session,participant,
,,,,,,,,,,,,,,,space,364.412968897,,,,,,,,,,,,,,,,,2017_Sep_29_0953,60.031870817,Exp13,001,019,
,,,,,,,,,,,,,,,,,space,13.8158237796,,,,,,,,,,,,,,,2017_Sep_29_0953,60.031870817,Exp13,001,019,
C,E,No Stomach Ache,0,0,0,3,,,,,,,,,,,,,kiwi,orange,no stomach ache,z,7.3625125594,,,,,,,,,,2017_Sep_29_0953,60.031870817,Exp13,001,019,
A, ,Stomach Ache,0,1,1,0,,,,,,,,,,,,,pear,,no stomach ache,z,2.68550696588,,,,,,,,,,2017_Sep_29_0953,60.031870817,Exp13,001,019,
B,E,Stomach Ache,0,2,2,2,,,,,,,,,,,,,mango,orange,no stomach ache,z,1.28500630462,,,,,,,,,,2017_Sep_29_0953,60.031870817,Exp13,001,019,
F,I,Stomach Ache,0,3,3,5,,,,,,,,,,,,,plum,banana,no stomach ache,z,1.43613454231,,,,,,,,,,2017_Sep_29_0953,60.031870817,Exp13,001,019,
A,D,Stomach Ache,0,4,4,1,,,,,,,,,,,,,pear,strawberry,stomach ache,m,1.60026156454,,,,,,,,,,2017_Sep_29_0953,60.031870817,Exp13,001,019,
F, ,Stomach Ache,0,5,5,4,,,,,,,,,,,,,plum,,stomach ache,m,1.43394060587,,,,,,,,,,2017_Sep_29_0953,60.031870817,Exp13,001,019,
H,J,No Stomach Ache,0,6,6,7,,,,,,,,,,,,,cherry,apple,no stomach ache,z,1.60356524293,,,,,,,,,,2017_Sep_29_0953,60.031870817,Exp13,001,019,
G,J,Stomach Ache,0,7,7,6,,,,,,,,,,,,,peach,apple,no stomach ache,z,1.90262757923,,,,,,,,,,2017_Sep_29_0953,60.031870817,Exp13,001,019,
A, ,Stomach Ache,1,0,8,0,,,,,,,,,,,,,pear,,stomach ache,m,0.654632621503,,,,,,,,,,2017_Sep_29_0953,60.031870817,Exp13,001,019,
H,J,No Stomach Ache,1,1,9,7,,,,,,,,,,,,,cherry,apple,no stomach ache,z,1.94944182184,,,,,,,,,,2017_Sep_29_0953,60.031870817,Exp13,001,019,
F,I,Stomach Ache,1,2,10,5,,,,,,,,,,,,,plum,banana,stomach ache,m,0.788563183363,,,,,,,,,,2017_Sep_29_0953,60.031870817,Exp13,001,019,
F, ,Stomach Ache,1,3,11,4,,,,,,,,,,,,,plum,,stomach ache,m,0.650378435646,,,,,,,,,,2017_Sep_29_0953,60.031870817,Exp13,001,019,
G,J,Stomach Ache,1,4,12,6,,,,,,,,,,,,,peach,apple,stomach ache,m,0.888747580437,,,,,,,,,,2017_Sep_29_0953,60.031870817,Exp13,001,019,
A,D,Stomach Ache,1,5,13,1,,,,,,,,,,,,,pear,strawberry,stomach ache,m,0.649332737463,,,,,,,,,,2017_Sep_29_0953,60.031870817,Exp13,001,019,
C,E,No Stomach Ache,1,6,14,3,,,,,,,,,,,,,kiwi,orange,no stomach ache,z,1.03190464407,,,,,,,,,,2017_Sep_29_0953,60.031870817,Exp13,001,019,
B,E,Stomach Ache,1,7,15,2,,,,,,,,,,,,,mango,orange,stomach ache,m,1.55071128826,,,,,,,,,,2017_Sep_29_0953,60.031870817,Exp13,001,019,
A,D,Stomach Ache,2,0,16,1,,,,,,,,,,,,,pear,strawberry,stomach ache,m,0.948479415529,,,,,,,,,,2017_Sep_29_0953,60.031870817,Exp13,001,019,
H,J,No Stomach Ache,2,1,17,7,,,,,,,,,,,,,cherry,apple,no stomach ache,z,1.21634683863,,,,,,,,,,2017_Sep_29_0953,60.031870817,Exp13,001,019,
G,J,Stomach Ache,2,2,18,6,,,,,,,,,,,,,peach,apple,stomach ache,m,1.38872710741,,,,,,,,,,2017_Sep_29_0953,60.031870817,Exp13,001,019,
F,I,Stomach Ache,2,3,19,5,,,,,,,,,,,,,plum,banana,stomach ache,m,2.26948321582,,,,,,,,,,2017_Sep_29_0953,60.031870817,Exp13,001,019,
B,E,Stomach Ache,2,4,20,2,,,,,,,,,,,,,mango,orange,stomach ache,m,1.3989912582,,,,,,,,,,2017_Sep_29_0953,60.031870817,Exp13,001,019,
A, ,Stomach Ache,2,5,21,0,,,,,,,,,,,,,pear,,stomach ache,m,1.6502555976,,,,,,,,,,2017_Sep_29_0953,60.031870817,Exp13,001,019,
C,E,No Stomach Ache,2,6,22,3,,,,,,,,,,,,,kiwi,orange,no stomach ache,z,0.900215963949,,,,,,,,,,2017_Sep_29_0953,60.031870817,Exp13,001,019,
F, ,Stomach Ache,2,7,23,4,,,,,,,,,,,,,plum,,stomach ache,m,0.855845533428,,,,,,,,,,2017_Sep_29_0953,60.031870817,Exp13,001,019,
A,D,Stomach Ache,3,0,24,1,,,,,,,,,,,,,pear,strawberry,stomach ache,m,0.900544931967,,,,,,,,,,2017_Sep_29_0953,60.031870817,Exp13,001,019,
B,E,Stomach Ache,3,1,25,2,,,,,,,,,,,,,mango,orange,stomach ache,m,1.13530907768,,,,,,,,,,2017_Sep_29_0953,60.031870817,Exp13,001,019,
C,E,No Stomach Ache,3,2,26,3,,,,,,,,,,,,,kiwi,orange,no stomach ache,z,1.28850246427,,,,,,,,,,2017_Sep_29_0953,60.031870817,Exp13,001,019,
G,J,Stomach Ache,3,3,27,6,,,,,,,,,,,,,peach,apple,stomach ache,m,1.00021767881,,,,,,,,,,2017_Sep_29_0953,60.031870817,Exp13,001,019,
F, ,Stomach Ache,3,4,28,4,,,,,,,,,,,,,plum,,stomach ache,m,0.686083009845,,,,,,,,,,2017_Sep_29_0953,60.031870817,Exp13,001,019,
F,I,Stomach Ache,3,5,29,5,,,,,,,,,,,,,plum,banana,stomach ache,m,0.622045193915,,,,,,,,,,2017_Sep_29_0953,60.031870817,Exp13,001,019,
A, ,Stomach Ache,3,6,30,0,,,,,,,,,,,,,pear,,stomach ache,m,0.903093383851,,,,,,,,,,2017_Sep_29_0953,60.031870817,Exp13,001,019,
H,J,No Stomach Ache,3,7,31,7,,,,,,,,,,,,,cherry,apple,no stomach ache,z,1.3354164472,,,,,,,,,,2017_Sep_29_0953,60.031870817,Exp13,001,019,
G,J,Stomach Ache,4,0,32,6,,,,,,,,,,,,,peach,apple,stomach ache,m,1.02186377157,,,,,,,,,,2017_Sep_29_0953,60.031870817,Exp13,001,019,
F, ,Stomach Ache,4,1,33,4,,,,,,,,,,,,,plum,,stomach ache,m,0.750344104017,,,,,,,,,,2017_Sep_29_0953,60.031870817,Exp13,001,019,
H,J,No Stomach Ache,4,2,34,7,,,,,,,,,,,,,cherry,apple,no stomach ache,z,0.982724981703,,,,,,,,,,2017_Sep_29_0953,60.031870817,Exp13,001,019,
F,I,Stomach Ache,4,3,35,5,,,,,,,,,,,,,plum,banana,stomach ache,m,0.738553051866,,,,,,,,,,2017_Sep_29_0953,60.031870817,Exp13,001,019,
C,E,No Stomach Ache,4,4,36,3,,,,,,,,,,,,,kiwi,orange,no stomach ache,z,0.933133059501,,,,,,,,,,2017_Sep_29_0953,60.031870817,Exp13,001,019,
A, ,Stomach Ache,4,5,37,0,,,,,,,,,,,,,pear,,stomach ache,m,0.900090676179,,,,,,,,,,2017_Sep_29_0953,60.031870817,Exp13,001,019,
B,E,Stomach Ache,4,6,38,2,,,,,,,,,,,,,mango,orange,stomach ache,m,1.1168658731,,,,,,,,,,2017_Sep_29_0953,60.031870817,Exp13,001,019,
A,D,Stomach Ache,4,7,39,1,,,,,,,,,,,,,pear,strawberry,stomach ache,m,0.802185257286,,,,,,,,,,2017_Sep_29_0953,60.031870817,Exp13,001,019,
F, ,Stomach Ache,5,0,40,4,,,,,,,,,,,,,plum,,stomach ache,m,0.600354305527,,,,,,,,,,2017_Sep_29_0953,60.031870817,Exp13,001,019,
G,J,Stomach Ache,5,1,41,6,,,,,,,,,,,,,peach,apple,stomach ache,m,0.601982696971,,,,,,,,,,2017_Sep_29_0953,60.031870817,Exp13,001,019,
F,I,Stomach Ache,5,2,42,5,,,,,,,,,,,,,plum,banana,stomach ache,m,0.669687455927,,,,,,,,,,2017_Sep_29_0953,60.031870817,Exp13,001,019,
H,J,No Stomach Ache,5,3,43,7,,,,,,,,,,,,,cherry,apple,no stomach ache,z,0.883153025061,,,,,,,,,,2017_Sep_29_0953,60.031870817,Exp13,001,019,
B,E,Stomach Ache,5,4,44,2,,,,,,,,,,,,,mango,orange,stomach ache,m,0.80243548291,,,,,,,,,,2017_Sep_29_0953,60.031870817,Exp13,001,019,
A,D,Stomach Ache,5,5,45,1,,,,,,,,,,,,,pear,strawberry,stomach ache,m,0.899922342564,,,,,,,,,,2017_Sep_29_0953,60.031870817,Exp13,001,019,
A, ,Stomach Ache,5,6,46,0,,,,,,,,,,,,,pear,,stomach ache,m,0.634105019883,,,,,,,,,,2017_Sep_29_0953,60.031870817,Exp13,001,019,
C,E,No Stomach Ache,5,7,47,3,,,,,,,,,,,,,kiwi,orange,no stomach ache,z,0.95405962228,,,,,,,,,,2017_Sep_29_0953,60.031870817,Exp13,001,019,
A,D,Stomach Ache,6,0,48,1,,,,,,,,,,,,,pear,strawberry,stomach ache,m,0.783607665799,,,,,,,,,,2017_Sep_29_0953,60.031870817,Exp13,001,019,
H,J,No Stomach Ache,6,1,49,7,,,,,,,,,,,,,cherry,apple,no stomach ache,z,0.817195645999,,,,,,,,,,2017_Sep_29_0953,60.031870817,Exp13,001,019,
A, ,Stomach Ache,6,2,50,0,,,,,,,,,,,,,pear,,stomach ache,m,0.616700164246,,,,,,,,,,2017_Sep_29_0953,60.031870817,Exp13,001,019,
C,E,No Stomach Ache,6,3,51,3,,,,,,,,,,,,,kiwi,orange,no stomach ache,z,0.715908506303,,,,,,,,,,2017_Sep_29_0953,60.031870817,Exp13,001,019,
F, ,Stomach Ache,6,4,52,4,,,,,,,,,,,,,plum,,stomach ache,m,0.655432293657,,,,,,,,,,2017_Sep_29_0953,60.031870817,Exp13,001,019,
B,E,Stomach Ache,6,5,53,2,,,,,,,,,,,,,mango,orange,stomach ache,m,1.23440613056,,,,,,,,,,2017_Sep_29_0953,60.031870817,Exp13,001,019,
F,I,Stomach Ache,6,6,54,5,,,,,,,,,,,,,plum,banana,stomach ache,m,0.819401831221,,,,,,,,,,2017_Sep_29_0953,60.031870817,Exp13,001,019,
G,J,Stomach Ache,6,7,55,6,,,,,,,,,,,,,peach,apple,stomach ache,m,0.735388309957,,,,,,,,,,2017_Sep_29_0953,60.031870817,Exp13,001,019,
F, ,Stomach Ache,7,0,56,4,,,,,,,,,,,,,plum,,stomach ache,m,0.550269631261,,,,,,,,,,2017_Sep_29_0953,60.031870817,Exp13,001,019,
H,J,No Stomach Ache,7,1,57,7,,,,,,,,,,,,,cherry,apple,no stomach ache,z,0.782322240906,,,,,,,,,,2017_Sep_29_0953,60.031870817,Exp13,001,019,
A, ,Stomach Ache,7,2,58,0,,,,,,,,,,,,,pear,,stomach ache,m,0.666852731869,,,,,,,,,,2017_Sep_29_0953,60.031870817,Exp13,001,019,
C,E,No Stomach Ache,7,3,59,3,,,,,,,,,,,,,kiwi,orange,no stomach ache,z,1.08186508043,,,,,,,,,,2017_Sep_29_0953,60.031870817,Exp13,001,019,
B,E,Stomach Ache,7,4,60,2,,,,,,,,,,,,,mango,orange,stomach ache,m,0.955373744393,,,,,,,,,,2017_Sep_29_0953,60.031870817,Exp13,001,019,
G,J,Stomach Ache,7,5,61,6,,,,,,,,,,,,,peach,apple,stomach ache,m,1.06351006727,,,,,,,,,,2017_Sep_29_0953,60.031870817,Exp13,001,019,
A,D,Stomach Ache,7,6,62,1,,,,,,,,,,,,,pear,strawberry,stomach ache,m,0.781836138252,,,,,,,,,,2017_Sep_29_0953,60.031870817,Exp13,001,019,
F,I,Stomach Ache,7,7,63,5,,,,,,,,,,,,,plum,banana,stomach ache,m,0.652547524514,,,,,,,,,,2017_Sep_29_0953,60.031870817,Exp13,001,019,
A,D,Stomach Ache,8,0,64,1,,,,,,,,,,,,,pear,strawberry,stomach ache,m,0.68616630169,,,,,,,,,,2017_Sep_29_0953,60.031870817,Exp13,001,019,
H,J,No Stomach Ache,8,1,65,7,,,,,,,,,,,,,cherry,apple,no stomach ache,z,1.25259281008,,,,,,,,,,2017_Sep_29_0953,60.031870817,Exp13,001,019,
F, ,Stomach Ache,8,2,66,4,,,,,,,,,,,,,plum,,stomach ache,m,0.567293723958,,,,,,,,,,2017_Sep_29_0953,60.031870817,Exp13,001,019,
A, ,Stomach Ache,8,3,67,0,,,,,,,,,,,,,pear,,stomach ache,m,0.504992438975,,,,,,,,,,2017_Sep_29_0953,60.031870817,Exp13,001,019,
G,J,Stomach Ache,8,4,68,6,,,,,,,,,,,,,peach,apple,stomach ache,m,0.649075512483,,,,,,,,,,2017_Sep_29_0953,60.031870817,Exp13,001,019,
C,E,No Stomach Ache,8,5,69,3,,,,,,,,,,,,,kiwi,orange,no stomach ache,z,0.934591717494,,,,,,,,,,2017_Sep_29_0953,60.031870817,Exp13,001,019,
F,I,Stomach Ache,8,6,70,5,,,,,,,,,,,,,plum,banana,stomach ache,m,0.83346241244,,,,,,,,,,2017_Sep_29_0953,60.031870817,Exp13,001,019,
B,E,Stomach Ache,8,7,71,2,,,,,,,,,,,,,mango,orange,stomach ache,m,0.899422241258,,,,,,,,,,2017_Sep_29_0953,60.031870817,Exp13,001,019,
B,E,Stomach Ache,9,0,72,2,,,,,,,,,,,,,mango,orange,stomach ache,m,0.955401741638,,,,,,,,,,2017_Sep_29_0953,60.031870817,Exp13,001,019,
G,J,Stomach Ache,9,1,73,6,,,,,,,,,,,,,peach,apple,stomach ache,m,1.05435530853,,,,,,,,,,2017_Sep_29_0953,60.031870817,Exp13,001,019,
H,J,No Stomach Ache,9,2,74,7,,,,,,,,,,,,,cherry,apple,no stomach ache,z,0.738501256885,,,,,,,,,,2017_Sep_29_0953,60.031870817,Exp13,001,019,
C,E,No Stomach Ache,9,3,75,3,,,,,,,,,,,,,kiwi,orange,no stomach ache,z,0.684595654631,,,,,,,,,,2017_Sep_29_0953,60.031870817,Exp13,001,019,
A,D,Stomach Ache,9,4,76,1,,,,,,,,,,,,,pear,strawberry,stomach ache,m,0.854023260821,,,,,,,,,,2017_Sep_29_0953,60.031870817,Exp13,001,019,
F,I,Stomach Ache,9,5,77,5,,,,,,,,,,,,,plum,banana,stomach ache,m,0.815842677723,,,,,,,,,,2017_Sep_29_0953,60.031870817,Exp13,001,019,
F, ,Stomach Ache,9,6,78,4,,,,,,,,,,,,,plum,,stomach ache,m,0.584150882903,,,,,,,,,,2017_Sep_29_0953,60.031870817,Exp13,001,019,
A, ,Stomach Ache,9,7,79,0,,,,,,,,,,,,,pear,,stomach ache,m,0.533638200315,,,,,,,,,,2017_Sep_29_0953,60.031870817,Exp13,001,019,
A, ,Stomach Ache,10,0,80,0,,,,,,,,,,,,,pear,,stomach ache,m,0.53402491266,,,,,,,,,,2017_Sep_29_0953,60.031870817,Exp13,001,019,
B,E,Stomach Ache,10,1,81,2,,,,,,,,,,,,,mango,orange,stomach ache,m,0.867571141949,,,,,,,,,,2017_Sep_29_0953,60.031870817,Exp13,001,019,
C,E,No Stomach Ache,10,2,82,3,,,,,,,,,,,,,kiwi,orange,no stomach ache,z,0.938557531423,,,,,,,,,,2017_Sep_29_0953,60.031870817,Exp13,001,019,
A,D,Stomach Ache,10,3,83,1,,,,,,,,,,,,,pear,strawberry,stomach ache,m,0.581037586002,,,,,,,,,,2017_Sep_29_0953,60.031870817,Exp13,001,019,
G,J,Stomach Ache,10,4,84,6,,,,,,,,,,,,,peach,apple,stomach ache,m,0.634678614035,,,,,,,,,,2017_Sep_29_0953,60.031870817,Exp13,001,019,
H,J,No Stomach Ache,10,5,85,7,,,,,,,,,,,,,cherry,apple,no stomach ache,z,0.936004879943,,,,,,,,,,2017_Sep_29_0953,60.031870817,Exp13,001,019,
F,I,Stomach Ache,10,6,86,5,,,,,,,,,,,,,plum,banana,stomach ache,m,0.716575541359,,,,,,,,,,2017_Sep_29_0953,60.031870817,Exp13,001,019,
F, ,Stomach Ache,10,7,87,4,,,,,,,,,,,,,plum,,stomach ache,m,0.688260147872,,,,,,,,,,2017_Sep_29_0953,60.031870817,Exp13,001,019,
B,E,Stomach Ache,11,0,88,2,,,,,,,,,,,,,mango,orange,stomach ache,m,0.937170266465,,,,,,,,,,2017_Sep_29_0953,60.031870817,Exp13,001,019,
A,D,Stomach Ache,11,1,89,1,,,,,,,,,,,,,pear,strawberry,stomach ache,m,1.15094975504,,,,,,,,,,2017_Sep_29_0953,60.031870817,Exp13,001,019,
H,J,No Stomach Ache,11,2,90,7,,,,,,,,,,,,,cherry,apple,no stomach ache,z,0.699127989908,,,,,,,,,,2017_Sep_29_0953,60.031870817,Exp13,001,019,
F, ,Stomach Ache,11,3,91,4,,,,,,,,,,,,,plum,,stomach ache,m,0.749666569958,,,,,,,,,,2017_Sep_29_0953,60.031870817,Exp13,001,019,
C,E,No Stomach Ache,11,4,92,3,,,,,,,,,,,,,kiwi,orange,no stomach ache,z,0.797202092363,,,,,,,,,,2017_Sep_29_0953,60.031870817,Exp13,001,019,
F,I,Stomach Ache,11,5,93,5,,,,,,,,,,,,,plum,banana,stomach ache,m,0.533483865351,,,,,,,,,,2017_Sep_29_0953,60.031870817,Exp13,001,019,
A, ,Stomach Ache,11,6,94,0,,,,,,,,,,,,,pear,,stomach ache,m,1.03842695913,,,,,,,,,,2017_Sep_29_0953,60.031870817,Exp13,001,019,
G,J,Stomach Ache,11,7,95,6,,,,,,,,,,,,,peach,apple,stomach ache,m,0.786694715265,,,,,,,,,,2017_Sep_29_0953,60.031870817,Exp13,001,019,
D,C,Stomach Ache,,,,,0,0,0,0,,,,,,,,,strawberry,kiwi,no stomach ache,,,z,1.01928417268,,,,,,,,2017_Sep_29_0953,60.031870817,Exp13,001,019,
D,C,Stomach Ache,,,,,1,0,1,0,,,,,,,,,strawberry,kiwi,stomach ache,,,m,1.16946645244,,,,,,,,2017_Sep_29_0953,60.031870817,Exp13,001,019,
D,C,Stomach Ache,,,,,2,0,2,0,,,,,,,,,strawberry,kiwi,stomach ache,,,m,0.583679828764,,,,,,,,2017_Sep_29_0953,60.031870817,Exp13,001,019,
D,C,Stomach Ache,,,,,3,0,3,0,,,,,,,,,strawberry,kiwi,stomach ache,,,m,0.816892925475,,,,,,,,2017_Sep_29_0953,60.031870817,Exp13,001,019,
D,C,Stomach Ache,,,,,4,0,4,0,,,,,,,,,strawberry,kiwi,stomach ache,,,m,0.533604253607,,,,,,,,2017_Sep_29_0953,60.031870817,Exp13,001,019,
D,C,Stomach Ache,,,,,5,0,5,0,,,,,,,,,strawberry,kiwi,stomach ache,,,m,0.360630792595,,,,,,,,2017_Sep_29_0953,60.031870817,Exp13,001,019,
,,,,,,,,,,,,,,,,,,,,,,,,,,space,8.28162633366,,,,,,2017_Sep_29_0953,60.031870817,Exp13,001,019,
H, ,,,,,,,,,,0,0,0,7,,,,,cherry,,,,,,,,,0,8.369,"[(None, 0.0), (u'0', 8.369)]",,,2017_Sep_29_0953,60.031870817,Exp13,001,019,
D, ,,,,,,,,,,0,1,1,3,,,,,strawberry,,,,,,,,,7,3.526,"[(None, 0.0), (u'7', 3.526)]",,,2017_Sep_29_0953,60.031870817,Exp13,001,019,
G, ,,,,,,,,,,0,2,2,6,,,,,peach,,,,,,,,,10,1.803,"[(None, 0.0), (u'10', 1.803)]",,,2017_Sep_29_0953,60.031870817,Exp13,001,019,
A, ,,,,,,,,,,0,3,3,0,,,,,pear,,,,,,,,,10,0.737,"[(None, 0.0), (u'10', 0.737)]",,,2017_Sep_29_0953,60.031870817,Exp13,001,019,
D,H,,,,,,,,,,0,4,4,11,,,,,strawberry,cherry,,,,,,,,5,3.67,"[(None, 0.0), (u'5', 3.67)]",,,2017_Sep_29_0953,60.031870817,Exp13,001,019,
I,C,,,,,,,,,,0,5,5,10,,,,,banana,kiwi,,,,,,,,0,3.67,"[(None, 0.0), (u'0', 3.67)]",,,2017_Sep_29_0953,60.031870817,Exp13,001,019,
J, ,,,,,,,,,,0,6,6,9,,,,,apple,,,,,,,,,0,1.493,"[(None, 0.0), (u'0', 1.493)]",,,2017_Sep_29_0953,60.031870817,Exp13,001,019,
E, ,,,,,,,,,,0,7,7,4,,,,,orange,,,,,,,,,0,0.826,"[(None, 0.0), (u'0', 0.826)]",,,2017_Sep_29_0953,60.031870817,Exp13,001,019,
F, ,,,,,,,,,,0,8,8,5,,,,,plum,,,,,,,,,10,1.559,"[(None, 0.0), (u'10', 1.559)]",,,2017_Sep_29_0953,60.031870817,Exp13,001,019,
B, ,,,,,,,,,,0,9,9,1,,,,,mango,,,,,,,,,10,0.876,"[(None, 0.0), (u'10', 0.876)]",,,2017_Sep_29_0953,60.031870817,Exp13,001,019,
C, ,,,,,,,,,,0,10,10,2,,,,,kiwi,,,,,,,,,0,2.009,"[(None, 0.0), (u'0', 2.009)]",,,2017_Sep_29_0953,60.031870817,Exp13,001,019,
I, ,,,,,,,,,,0,11,11,8,,,,,banana,,,,,,,,,0,0.726,"[(None, 0.0), (u'0', 0.726)]",,,2017_Sep_29_0953,60.031870817,Exp13,001,019,
D, ,,,,,,,,,,1,0,12,3,,,,,strawberry,,,,,,,,,10,4.637,"[(None, 0.0), (u'10', 4.637)]",,,2017_Sep_29_0953,60.031870817,Exp13,001,019,
B, ,,,,,,,,,,1,1,13,1,,,,,mango,,,,,,,,,10,0.626,"[(None, 0.0), (u'10', 0.626)]",,,2017_Sep_29_0953,60.031870817,Exp13,001,019,
I,C,,,,,,,,,,1,2,14,10,,,,,banana,kiwi,,,,,,,,0,2.07,"[(None, 0.0), (u'0', 2.07)]",,,2017_Sep_29_0953,60.031870817,Exp13,001,019,
F, ,,,,,,,,,,1,3,15,5,,,,,plum,,,,,,,,,10,1.543,"[(None, 0.0), (u'10', 1.543)]",,,2017_Sep_29_0953,60.031870817,Exp13,001,019,
C, ,,,,,,,,,,1,4,16,2,,,,,kiwi,,,,,,,,,0,1.572,"[(None, 0.0), (u'0', 1.572)]",,,2017_Sep_29_0953,60.031870817,Exp13,001,019,
E, ,,,,,,,,,,1,5,17,4,,,,,orange,,,,,,,,,0,0.637,"[(None, 0.0), (u'0', 0.637)]",,,2017_Sep_29_0953,60.031870817,Exp13,001,019,
J, ,,,,,,,,,,1,6,18,9,,,,,apple,,,,,,,,,0,0.92,"[(None, 0.0), (u'0', 0.92)]",,,2017_Sep_29_0953,60.031870817,Exp13,001,019,
D,H,,,,,,,,,,1,7,19,11,,,,,strawberry,cherry,,,,,,,,5,2.037,"[(None, 0.0), (u'5', 2.037)]",,,2017_Sep_29_0953,60.031870817,Exp13,001,019,
G, ,,,,,,,,,,1,8,20,6,,,,,peach,,,,,,,,,10,1.27,"[(None, 0.0), (u'10', 1.27)]",,,2017_Sep_29_0953,60.031870817,Exp13,001,019,
I, ,,,,,,,,,,1,9,21,8,,,,,banana,,,,,,,,,0,1.593,"[(None, 0.0), (u'0', 1.593)]",,,2017_Sep_29_0953,60.031870817,Exp13,001,019,
A, ,,,,,,,,,,1,10,22,0,,,,,pear,,,,,,,,,10,2.47,"[(None, 0.0), (u'10', 2.47)]",,,2017_Sep_29_0953,60.031870817,Exp13,001,019,
H, ,,,,,,,,,,1,11,23,7,,,,,cherry,,,,,,,,,0,2.04,"[(None, 0.0), (u'0', 2.04)]",,,2017_Sep_29_0953,60.031870817,Exp13,001,019,
,,,,,,,,,,,,,,,,,,,,,,,,,,,,,,,space,2.16613442684,2017_Sep_29_0953,60.031870817,Exp13,001,019,
