stim1,stim2,outcome,train_trials.thisRepN,train_trials.thisTrialN,train_trials.thisN,train_trials.thisIndex,train_trials2.thisRepN,train_trials2.thisTrialN,train_trials2.thisN,train_trials2.thisIndex,test_trials.thisRepN,test_trials.thisTrialN,test_trials.thisN,test_trials.thisIndex,start_exp.keys,start_exp.rt,start_exp2.keys,start_exp2.rt,stim.A,stim.B,pressed,key_ans.keys,key_ans.rt,key_answ.keys,key_answ.rt,start.keys,start.rt,rating.response,rating.rt,rating.history,exit_exp.keys,exit_exp.rt,date,frameRate,expName,session,participant,
,,,,,,,,,,,,,,,space,506.21230751,,,,,,,,,,,,,,,,,2017_Sep_29_1106,59.9918958922,Exp13,001,020,
,,,,,,,,,,,,,,,,,space,8.30080639009,,,,,,,,,,,,,,,2017_Sep_29_1106,59.9918958922,Exp13,001,020,
F, ,Stomach Ache,0,0,0,4,,,,,,,,,,,,,strawberry,,no stomach ache,z,7.65077590811,,,,,,,,,,2017_Sep_29_1106,59.9918958922,Exp13,001,020,
G,J,Stomach Ache,0,1,1,6,,,,,,,,,,,,,banana,orange,stomach ache,m,6.11749105662,,,,,,,,,,2017_Sep_29_1106,59.9918958922,Exp13,001,020,
F,I,Stomach Ache,0,2,2,5,,,,,,,,,,,,,strawberry,cherry,stomach ache,m,4.93402558807,,,,,,,,,,2017_Sep_29_1106,59.9918958922,Exp13,001,020,
A,D,Stomach Ache,0,3,3,1,,,,,,,,,,,,,peach,kiwi,stomach ache,m,4.13388623187,,,,,,,,,,2017_Sep_29_1106,59.9918958922,Exp13,001,020,
B,E,Stomach Ache,0,4,4,2,,,,,,,,,,,,,mango,apple,stomach ache,m,2.50050325014,,,,,,,,,,2017_Sep_29_1106,59.9918958922,Exp13,001,020,
H,J,No Stomach Ache,0,5,5,7,,,,,,,,,,,,,pear,orange,stomach ache,m,3.93387265323,,,,,,,,,,2017_Sep_29_1106,59.9918958922,Exp13,001,020,
C,E,No Stomach Ache,0,6,6,3,,,,,,,,,,,,,plum,apple,no stomach ache,z,3.71720527497,,,,,,,,,,2017_Sep_29_1106,59.9918958922,Exp13,001,020,
A, ,Stomach Ache,0,7,7,0,,,,,,,,,,,,,peach,,stomach ache,m,1.91716110933,,,,,,,,,,2017_Sep_29_1106,59.9918958922,Exp13,001,020,
H,J,No Stomach Ache,1,0,8,7,,,,,,,,,,,,,pear,orange,no stomach ache,z,3.50045950449,,,,,,,,,,2017_Sep_29_1106,59.9918958922,Exp13,001,020,
A,D,Stomach Ache,1,1,9,1,,,,,,,,,,,,,peach,kiwi,stomach ache,m,2.26708968141,,,,,,,,,,2017_Sep_29_1106,59.9918958922,Exp13,001,020,
A, ,Stomach Ache,1,2,10,0,,,,,,,,,,,,,peach,,stomach ache,m,1.36700442986,,,,,,,,,,2017_Sep_29_1106,59.9918958922,Exp13,001,020,
C,E,No Stomach Ache,1,3,11,3,,,,,,,,,,,,,plum,apple,no stomach ache,z,1.73385172529,,,,,,,,,,2017_Sep_29_1106,59.9918958922,Exp13,001,020,
B,E,Stomach Ache,1,4,12,2,,,,,,,,,,,,,mango,apple,stomach ache,m,1.33363068721,,,,,,,,,,2017_Sep_29_1106,59.9918958922,Exp13,001,020,
F, ,Stomach Ache,1,5,13,4,,,,,,,,,,,,,strawberry,,stomach ache,m,2.13378929149,,,,,,,,,,2017_Sep_29_1106,59.9918958922,Exp13,001,020,
G,J,Stomach Ache,1,6,14,6,,,,,,,,,,,,,banana,orange,no stomach ache,z,3.43393599696,,,,,,,,,,2017_Sep_29_1106,59.9918958922,Exp13,001,020,
F,I,Stomach Ache,1,7,15,5,,,,,,,,,,,,,strawberry,cherry,stomach ache,m,1.2670403363,,,,,,,,,,2017_Sep_29_1106,59.9918958922,Exp13,001,020,
B,E,Stomach Ache,2,0,16,2,,,,,,,,,,,,,mango,apple,stomach ache,m,0.983724512887,,,,,,,,,,2017_Sep_29_1106,59.9918958922,Exp13,001,020,
F, ,Stomach Ache,2,1,17,4,,,,,,,,,,,,,strawberry,,stomach ache,m,0.7170523401,,,,,,,,,,2017_Sep_29_1106,59.9918958922,Exp13,001,020,
A, ,Stomach Ache,2,2,18,0,,,,,,,,,,,,,peach,,stomach ache,m,1.36709367103,,,,,,,,,,2017_Sep_29_1106,59.9918958922,Exp13,001,020,
C,E,No Stomach Ache,2,3,19,3,,,,,,,,,,,,,plum,apple,stomach ache,m,0.933593380876,,,,,,,,,,2017_Sep_29_1106,59.9918958922,Exp13,001,020,
G,J,Stomach Ache,2,4,20,6,,,,,,,,,,,,,banana,orange,stomach ache,m,0.85033453186,,,,,,,,,,2017_Sep_29_1106,59.9918958922,Exp13,001,020,
H,J,No Stomach Ache,2,5,21,7,,,,,,,,,,,,,pear,orange,stomach ache,m,0.833658684423,,,,,,,,,,2017_Sep_29_1106,59.9918958922,Exp13,001,020,
F,I,Stomach Ache,2,6,22,5,,,,,,,,,,,,,strawberry,cherry,stomach ache,m,0.850312134076,,,,,,,,,,2017_Sep_29_1106,59.9918958922,Exp13,001,020,
A,D,Stomach Ache,2,7,23,1,,,,,,,,,,,,,peach,kiwi,stomach ache,m,1.91704562076,,,,,,,,,,2017_Sep_29_1106,59.9918958922,Exp13,001,020,
A,D,Stomach Ache,3,0,24,1,,,,,,,,,,,,,peach,kiwi,stomach ache,m,0.866794450674,,,,,,,,,,2017_Sep_29_1106,59.9918958922,Exp13,001,020,
C,E,No Stomach Ache,3,1,25,3,,,,,,,,,,,,,plum,apple,no stomach ache,z,2.0503684085,,,,,,,,,,2017_Sep_29_1106,59.9918958922,Exp13,001,020,
F, ,Stomach Ache,3,2,26,4,,,,,,,,,,,,,strawberry,,stomach ache,m,0.783749780414,,,,,,,,,,2017_Sep_29_1106,59.9918958922,Exp13,001,020,
G,J,Stomach Ache,3,3,27,6,,,,,,,,,,,,,banana,orange,no stomach ache,z,1.50041820857,,,,,,,,,,2017_Sep_29_1106,59.9918958922,Exp13,001,020,
B,E,Stomach Ache,3,4,28,2,,,,,,,,,,,,,mango,apple,stomach ache,m,2.01712730268,,,,,,,,,,2017_Sep_29_1106,59.9918958922,Exp13,001,020,
F,I,Stomach Ache,3,5,29,5,,,,,,,,,,,,,strawberry,cherry,stomach ache,m,0.883707924542,,,,,,,,,,2017_Sep_29_1106,59.9918958922,Exp13,001,020,
H,J,No Stomach Ache,3,6,30,7,,,,,,,,,,,,,pear,orange,no stomach ache,z,1.03369186114,,,,,,,,,,2017_Sep_29_1106,59.9918958922,Exp13,001,020,
A, ,Stomach Ache,3,7,31,0,,,,,,,,,,,,,peach,,stomach ache,m,1.21699634567,,,,,,,,,,2017_Sep_29_1106,59.9918958922,Exp13,001,020,
F,I,Stomach Ache,4,0,32,5,,,,,,,,,,,,,strawberry,cherry,stomach ache,m,0.717029942345,,,,,,,,,,2017_Sep_29_1106,59.9918958922,Exp13,001,020,
B,E,Stomach Ache,4,1,33,2,,,,,,,,,,,,,mango,apple,stomach ache,m,1.61709174622,,,,,,,,,,2017_Sep_29_1106,59.9918958922,Exp13,001,020,
G,J,Stomach Ache,4,2,34,6,,,,,,,,,,,,,banana,orange,stomach ache,m,0.900285431708,,,,,,,,,,2017_Sep_29_1106,59.9918958922,Exp13,001,020,
A, ,Stomach Ache,4,3,35,0,,,,,,,,,,,,,peach,,stomach ache,m,0.617033651972,,,,,,,,,,2017_Sep_29_1106,59.9918958922,Exp13,001,020,
H,J,No Stomach Ache,4,4,36,7,,,,,,,,,,,,,pear,orange,no stomach ache,z,1.88379961546,,,,,,,,,,2017_Sep_29_1106,59.9918958922,Exp13,001,020,
C,E,No Stomach Ache,4,5,37,3,,,,,,,,,,,,,plum,apple,stomach ache,m,0.867061124271,,,,,,,,,,2017_Sep_29_1106,59.9918958922,Exp13,001,020,
F, ,Stomach Ache,4,6,38,4,,,,,,,,,,,,,strawberry,,stomach ache,m,1.23377263313,,,,,,,,,,2017_Sep_29_1106,59.9918958922,Exp13,001,020,
A,D,Stomach Ache,4,7,39,1,,,,,,,,,,,,,peach,kiwi,stomach ache,m,0.617049050459,,,,,,,,,,2017_Sep_29_1106,59.9918958922,Exp13,001,020,
B,E,Stomach Ache,5,0,40,2,,,,,,,,,,,,,mango,apple,stomach ache,m,1.5670988505,,,,,,,,,,2017_Sep_29_1106,59.9918958922,Exp13,001,020,
H,J,No Stomach Ache,5,1,41,7,,,,,,,,,,,,,pear,orange,no stomach ache,z,1.26680096,,,,,,,,,,2017_Sep_29_1106,59.9918958922,Exp13,001,020,
F, ,Stomach Ache,5,2,42,4,,,,,,,,,,,,,strawberry,,stomach ache,m,1.16707519285,,,,,,,,,,2017_Sep_29_1106,59.9918958922,Exp13,001,020,
F,I,Stomach Ache,5,3,43,5,,,,,,,,,,,,,strawberry,cherry,stomach ache,m,1.70049338113,,,,,,,,,,2017_Sep_29_1106,59.9918958922,Exp13,001,020,
C,E,No Stomach Ache,5,4,44,3,,,,,,,,,,,,,plum,apple,stomach ache,m,2.50050010046,,,,,,,,,,2017_Sep_29_1106,59.9918958922,Exp13,001,020,
G,J,Stomach Ache,5,5,45,6,,,,,,,,,,,,,banana,orange,stomach ache,m,1.98379660575,,,,,,,,,,2017_Sep_29_1106,59.9918958922,Exp13,001,020,
A, ,Stomach Ache,5,6,46,0,,,,,,,,,,,,,peach,,stomach ache,m,0.63344632549,,,,,,,,,,2017_Sep_29_1106,59.9918958922,Exp13,001,020,
A,D,Stomach Ache,5,7,47,1,,,,,,,,,,,,,peach,kiwi,stomach ache,m,1.36709052135,,,,,,,,,,2017_Sep_29_1106,59.9918958922,Exp13,001,020,
F,I,Stomach Ache,6,0,48,5,,,,,,,,,,,,,strawberry,cherry,stomach ache,m,0.833672333072,,,,,,,,,,2017_Sep_29_1106,59.9918958922,Exp13,001,020,
B,E,Stomach Ache,6,1,49,2,,,,,,,,,,,,,mango,apple,stomach ache,m,1.33376542383,,,,,,,,,,2017_Sep_29_1106,59.9918958922,Exp13,001,020,
A,D,Stomach Ache,6,2,50,1,,,,,,,,,,,,,peach,kiwi,stomach ache,m,0.733684091916,,,,,,,,,,2017_Sep_29_1106,59.9918958922,Exp13,001,020,
F, ,Stomach Ache,6,3,51,4,,,,,,,,,,,,,strawberry,,stomach ache,m,0.617176787782,,,,,,,,,,2017_Sep_29_1106,59.9918958922,Exp13,001,020,
H,J,No Stomach Ache,6,4,52,7,,,,,,,,,,,,,pear,orange,no stomach ache,z,1.8672007604,,,,,,,,,,2017_Sep_29_1106,59.9918958922,Exp13,001,020,
A, ,Stomach Ache,6,5,53,0,,,,,,,,,,,,,peach,,stomach ache,m,0.817049330421,,,,,,,,,,2017_Sep_29_1106,59.9918958922,Exp13,001,020,
G,J,Stomach Ache,6,6,54,6,,,,,,,,,,,,,banana,orange,stomach ache,m,1.73382897757,,,,,,,,,,2017_Sep_29_1106,59.9918958922,Exp13,001,020,
C,E,No Stomach Ache,6,7,55,3,,,,,,,,,,,,,plum,apple,no stomach ache,z,1.20033414688,,,,,,,,,,2017_Sep_29_1106,59.9918958922,Exp13,001,020,
G,J,Stomach Ache,7,0,56,6,,,,,,,,,,,,,banana,orange,stomach ache,m,0.916851739981,,,,,,,,,,2017_Sep_29_1106,59.9918958922,Exp13,001,020,
F, ,Stomach Ache,7,1,57,4,,,,,,,,,,,,,strawberry,,stomach ache,m,0.500382862054,,,,,,,,,,2017_Sep_29_1106,59.9918958922,Exp13,001,020,
C,E,No Stomach Ache,7,2,58,3,,,,,,,,,,,,,plum,apple,no stomach ache,z,1.06705930442,,,,,,,,,,2017_Sep_29_1106,59.9918958922,Exp13,001,020,
A, ,Stomach Ache,7,3,59,0,,,,,,,,,,,,,peach,,stomach ache,m,0.767057134653,,,,,,,,,,2017_Sep_29_1106,59.9918958922,Exp13,001,020,
A,D,Stomach Ache,7,4,60,1,,,,,,,,,,,,,peach,kiwi,stomach ache,m,1.01707305809,,,,,,,,,,2017_Sep_29_1106,59.9918958922,Exp13,001,020,
H,J,No Stomach Ache,7,5,61,7,,,,,,,,,,,,,pear,orange,no stomach ache,z,2.36718641181,,,,,,,,,,2017_Sep_29_1106,59.9918958922,Exp13,001,020,
F,I,Stomach Ache,7,6,62,5,,,,,,,,,,,,,strawberry,cherry,stomach ache,m,0.850336981588,,,,,,,,,,2017_Sep_29_1106,59.9918958922,Exp13,001,020,
B,E,Stomach Ache,7,7,63,2,,,,,,,,,,,,,mango,apple,stomach ache,m,1.60034065627,,,,,,,,,,2017_Sep_29_1106,59.9918958922,Exp13,001,020,
F,I,Stomach Ache,8,0,64,5,,,,,,,,,,,,,strawberry,cherry,stomach ache,m,0.567054404906,,,,,,,,,,2017_Sep_29_1106,59.9918958922,Exp13,001,020,
B,E,Stomach Ache,8,1,65,2,,,,,,,,,,,,,mango,apple,stomach ache,m,0.600415548804,,,,,,,,,,2017_Sep_29_1106,59.9918958922,Exp13,001,020,
H,J,No Stomach Ache,8,2,66,7,,,,,,,,,,,,,pear,orange,no stomach ache,z,0.866998130485,,,,,,,,,,2017_Sep_29_1106,59.9918958922,Exp13,001,020,
C,E,No Stomach Ache,8,3,67,3,,,,,,,,,,,,,plum,apple,no stomach ache,z,2.11702910243,,,,,,,,,,2017_Sep_29_1106,59.9918958922,Exp13,001,020,
A,D,Stomach Ache,8,4,68,1,,,,,,,,,,,,,peach,kiwi,stomach ache,m,0.967014368856,,,,,,,,,,2017_Sep_29_1106,59.9918958922,Exp13,001,020,
G,J,Stomach Ache,8,5,69,6,,,,,,,,,,,,,banana,orange,stomach ache,m,1.85038982637,,,,,,,,,,2017_Sep_29_1106,59.9918958922,Exp13,001,020,
F, ,Stomach Ache,8,6,70,4,,,,,,,,,,,,,strawberry,,stomach ache,m,2.38375446995,,,,,,,,,,2017_Sep_29_1106,59.9918958922,Exp13,001,020,
A, ,Stomach Ache,8,7,71,0,,,,,,,,,,,,,peach,,stomach ache,m,0.533600170224,,,,,,,,,,2017_Sep_29_1106,59.9918958922,Exp13,001,020,
A,D,Stomach Ache,9,0,72,1,,,,,,,,,,,,,peach,kiwi,stomach ache,m,1.78378582682,,,,,,,,,,2017_Sep_29_1106,59.9918958922,Exp13,001,020,
F,I,Stomach Ache,9,1,73,5,,,,,,,,,,,,,strawberry,cherry,stomach ache,m,1.20043318707,,,,,,,,,,2017_Sep_29_1106,59.9918958922,Exp13,001,020,
H,J,No Stomach Ache,9,2,74,7,,,,,,,,,,,,,pear,orange,no stomach ache,z,1.41705611974,,,,,,,,,,2017_Sep_29_1106,59.9918958922,Exp13,001,020,
G,J,Stomach Ache,9,3,75,6,,,,,,,,,,,,,banana,orange,stomach ache,m,0.566970063286,,,,,,,,,,2017_Sep_29_1106,59.9918958922,Exp13,001,020,
F, ,Stomach Ache,9,4,76,4,,,,,,,,,,,,,strawberry,,stomach ache,m,0.933763114095,,,,,,,,,,2017_Sep_29_1106,59.9918958922,Exp13,001,020,
A, ,Stomach Ache,9,5,77,0,,,,,,,,,,,,,peach,,stomach ache,m,0.600502340239,,,,,,,,,,2017_Sep_29_1106,59.9918958922,Exp13,001,020,
B,E,Stomach Ache,9,6,78,2,,,,,,,,,,,,,mango,apple,stomach ache,m,0.850354479859,,,,,,,,,,2017_Sep_29_1106,59.9918958922,Exp13,001,020,
C,E,No Stomach Ache,9,7,79,3,,,,,,,,,,,,,plum,apple,no stomach ache,z,2.03360296995,,,,,,,,,,2017_Sep_29_1106,59.9918958922,Exp13,001,020,
A,D,Stomach Ache,10,0,80,1,,,,,,,,,,,,,peach,kiwi,stomach ache,m,1.38361448381,,,,,,,,,,2017_Sep_29_1106,59.9918958922,Exp13,001,020,
B,E,Stomach Ache,10,1,81,2,,,,,,,,,,,,,mango,apple,stomach ache,m,0.91697912736,,,,,,,,,,2017_Sep_29_1106,59.9918958922,Exp13,001,020,
F, ,Stomach Ache,10,2,82,4,,,,,,,,,,,,,strawberry,,stomach ache,m,0.517008664436,,,,,,,,,,2017_Sep_29_1106,59.9918958922,Exp13,001,020,
G,J,Stomach Ache,10,3,83,6,,,,,,,,,,,,,banana,orange,no stomach ache,z,1.5170072646,,,,,,,,,,2017_Sep_29_1106,59.9918958922,Exp13,001,020,
C,E,No Stomach Ache,10,4,84,3,,,,,,,,,,,,,plum,apple,stomach ache,m,0.700312449044,,,,,,,,,,2017_Sep_29_1106,59.9918958922,Exp13,001,020,
A, ,Stomach Ache,10,5,85,0,,,,,,,,,,,,,peach,,stomach ache,m,0.483707014617,,,,,,,,,,2017_Sep_29_1106,59.9918958922,Exp13,001,020,
F,I,Stomach Ache,10,6,86,5,,,,,,,,,,,,,strawberry,cherry,stomach ache,m,0.533692561061,,,,,,,,,,2017_Sep_29_1106,59.9918958922,Exp13,001,020,
H,J,No Stomach Ache,10,7,87,7,,,,,,,,,,,,,pear,orange,no stomach ache,z,1.90024098611,,,,,,,,,,2017_Sep_29_1106,59.9918958922,Exp13,001,020,
F, ,Stomach Ache,11,0,88,4,,,,,,,,,,,,,strawberry,,stomach ache,m,0.500252324971,,,,,,,,,,2017_Sep_29_1106,59.9918958922,Exp13,001,020,
A, ,Stomach Ache,11,1,89,0,,,,,,,,,,,,,peach,,stomach ache,m,0.867055874784,,,,,,,,,,2017_Sep_29_1106,59.9918958922,Exp13,001,020,
H,J,No Stomach Ache,11,2,90,7,,,,,,,,,,,,,pear,orange,no stomach ache,z,0.78352650255,,,,,,,,,,2017_Sep_29_1106,59.9918958922,Exp13,001,020,
A,D,Stomach Ache,11,3,91,1,,,,,,,,,,,,,peach,kiwi,stomach ache,m,0.733972463349,,,,,,,,,,2017_Sep_29_1106,59.9918958922,Exp13,001,020,
G,J,Stomach Ache,11,4,92,6,,,,,,,,,,,,,banana,orange,stomach ache,m,1.30042142823,,,,,,,,,,2017_Sep_29_1106,59.9918958922,Exp13,001,020,
F,I,Stomach Ache,11,5,93,5,,,,,,,,,,,,,strawberry,cherry,stomach ache,m,0.517014263867,,,,,,,,,,2017_Sep_29_1106,59.9918958922,Exp13,001,020,
B,E,Stomach Ache,11,6,94,2,,,,,,,,,,,,,mango,apple,stomach ache,m,0.583664458856,,,,,,,,,,2017_Sep_29_1106,59.9918958922,Exp13,001,020,
C,E,No Stomach Ache,11,7,95,3,,,,,,,,,,,,,plum,apple,stomach ache,m,1.20029530072,,,,,,,,,,2017_Sep_29_1106,59.9918958922,Exp13,001,020,
D,C,Stomach Ache,,,,,0,0,0,0,,,,,,,,,kiwi,plum,stomach ache,,,m,0.817018533446,,,,,,,,2017_Sep_29_1106,59.9918958922,Exp13,001,020,
D,C,Stomach Ache,,,,,1,0,1,0,,,,,,,,,kiwi,plum,stomach ache,,,m,0.750406484702,,,,,,,,2017_Sep_29_1106,59.9918958922,Exp13,001,020,
D,C,Stomach Ache,,,,,2,0,2,0,,,,,,,,,kiwi,plum,stomach ache,,,m,0.916978777415,,,,,,,,2017_Sep_29_1106,59.9918958922,Exp13,001,020,
D,C,Stomach Ache,,,,,3,0,3,0,,,,,,,,,kiwi,plum,stomach ache,,,m,0.633714748867,,,,,,,,2017_Sep_29_1106,59.9918958922,Exp13,001,020,
D,C,Stomach Ache,,,,,4,0,4,0,,,,,,,,,kiwi,plum,stomach ache,,,m,0.56697216304,,,,,,,,2017_Sep_29_1106,59.9918958922,Exp13,001,020,
D,C,Stomach Ache,,,,,5,0,5,0,,,,,,,,,kiwi,plum,stomach ache,,,m,2.83376472391,,,,,,,,2017_Sep_29_1106,59.9918958922,Exp13,001,020,
,,,,,,,,,,,,,,,,,,,,,,,,,,space,8.33411083961,,,,,,2017_Sep_29_1106,59.9918958922,Exp13,001,020,
E, ,,,,,,,,,,0,0,0,4,,,,,apple,,,,,,,,,2,15.253,"[(None, 0.0), (u'2', 15.253)]",,,2017_Sep_29_1106,59.9918958922,Exp13,001,020,
F, ,,,,,,,,,,0,1,1,5,,,,,strawberry,,,,,,,,,10,2.22,"[(None, 0.0), (u'10', 2.22)]",,,2017_Sep_29_1106,59.9918958922,Exp13,001,020,
D,H,,,,,,,,,,0,2,2,11,,,,,kiwi,pear,,,,,,,,7,3.237,"[(None, 0.0), (u'7', 3.237)]",,,2017_Sep_29_1106,59.9918958922,Exp13,001,020,
C, ,,,,,,,,,,0,3,3,2,,,,,plum,,,,,,,,,9,3.92,"[(None, 0.0), (u'9', 3.92)]",,,2017_Sep_29_1106,59.9918958922,Exp13,001,020,
I,C,,,,,,,,,,0,4,4,10,,,,,cherry,plum,,,,,,,,10,1.62,"[(None, 0.0), (u'10', 1.619)]",,,2017_Sep_29_1106,59.9918958922,Exp13,001,020,
D, ,,,,,,,,,,0,5,5,3,,,,,kiwi,,,,,,,,,10,2.403,"[(None, 0.0), (u'10', 2.403)]",,,2017_Sep_29_1106,59.9918958922,Exp13,001,020,
H, ,,,,,,,,,,0,6,6,7,,,,,pear,,,,,,,,,0,3.353,"[(None, 0.0), (u'0', 3.353)]",,,2017_Sep_29_1106,59.9918958922,Exp13,001,020,
J, ,,,,,,,,,,0,7,7,9,,,,,orange,,,,,,,,,0,1.07,"[(None, 0.0), (u'0', 1.07)]",,,2017_Sep_29_1106,59.9918958922,Exp13,001,020,
A, ,,,,,,,,,,0,8,8,0,,,,,peach,,,,,,,,,10,1.37,"[(None, 0.0), (u'10', 1.37)]",,,2017_Sep_29_1106,59.9918958922,Exp13,001,020,
G, ,,,,,,,,,,0,9,9,6,,,,,banana,,,,,,,,,10,1.053,"[(None, 0.0), (u'10', 1.053)]",,,2017_Sep_29_1106,59.9918958922,Exp13,001,020,
I, ,,,,,,,,,,0,10,10,8,,,,,cherry,,,,,,,,,10,0.587,"[(None, 0.0), (u'10', 0.587)]",,,2017_Sep_29_1106,59.9918958922,Exp13,001,020,
B, ,,,,,,,,,,0,11,11,1,,,,,mango,,,,,,,,,10,0.803,"[(None, 0.0), (u'10', 0.803)]",,,2017_Sep_29_1106,59.9918958922,Exp13,001,020,
G, ,,,,,,,,,,1,0,12,6,,,,,banana,,,,,,,,,10,0.803,"[(None, 0.0), (u'10', 0.803)]",,,2017_Sep_29_1106,59.9918958922,Exp13,001,020,
D, ,,,,,,,,,,1,1,13,3,,,,,kiwi,,,,,,,,,10,0.936,"[(None, 0.0), (u'10', 0.936)]",,,2017_Sep_29_1106,59.9918958922,Exp13,001,020,
I, ,,,,,,,,,,1,2,14,8,,,,,cherry,,,,,,,,,10,0.803,"[(None, 0.0), (u'10', 0.803)]",,,2017_Sep_29_1106,59.9918958922,Exp13,001,020,
H, ,,,,,,,,,,1,3,15,7,,,,,pear,,,,,,,,,0,1.337,"[(None, 0.0), (u'0', 1.337)]",,,2017_Sep_29_1106,59.9918958922,Exp13,001,020,
C, ,,,,,,,,,,1,4,16,2,,,,,plum,,,,,,,,,0,1.87,"[(None, 0.0), (u'0', 1.87)]",,,2017_Sep_29_1106,59.9918958922,Exp13,001,020,
A, ,,,,,,,,,,1,5,17,0,,,,,peach,,,,,,,,,10,2.136,"[(None, 0.0), (u'10', 2.136)]",,,2017_Sep_29_1106,59.9918958922,Exp13,001,020,
E, ,,,,,,,,,,1,6,18,4,,,,,apple,,,,,,,,,3,4.203,"[(None, 0.0), (u'3', 4.203)]",,,2017_Sep_29_1106,59.9918958922,Exp13,001,020,
B, ,,,,,,,,,,1,7,19,1,,,,,mango,,,,,,,,,10,1.253,"[(None, 0.0), (u'10', 1.253)]",,,2017_Sep_29_1106,59.9918958922,Exp13,001,020,
I,C,,,,,,,,,,1,8,20,10,,,,,cherry,plum,,,,,,,,9,2.086,"[(None, 0.0), (u'9', 2.086)]",,,2017_Sep_29_1106,59.9918958922,Exp13,001,020,
J, ,,,,,,,,,,1,9,21,9,,,,,orange,,,,,,,,,0,2.653,"[(None, 0.0), (u'0', 2.653)]",,,2017_Sep_29_1106,59.9918958922,Exp13,001,020,
D,H,,,,,,,,,,1,10,22,11,,,,,kiwi,pear,,,,,,,,10,2.386,"[(None, 0.0), (u'10', 2.386)]",,,2017_Sep_29_1106,59.9918958922,Exp13,001,020,
F, ,,,,,,,,,,1,11,23,5,,,,,strawberry,,,,,,,,,10,4.353,"[(None, 0.0), (u'10', 4.353)]",,,2017_Sep_29_1106,59.9918958922,Exp13,001,020,
,,,,,,,,,,,,,,,,,,,,,,,,,,,,,,,space,1.95076162953,2017_Sep_29_1106,59.9918958922,Exp13,001,020,
