stim1,stim2,outcome,train_trials.thisRepN,train_trials.thisTrialN,train_trials.thisN,train_trials.thisIndex,train_trials2.thisRepN,train_trials2.thisTrialN,train_trials2.thisN,train_trials2.thisIndex,test_trials.thisRepN,test_trials.thisTrialN,test_trials.thisN,test_trials.thisIndex,start_exp.keys,start_exp.rt,start_exp2.keys,start_exp2.rt,stim.A,stim.B,pressed,key_ans.keys,key_ans.rt,key_answ.keys,key_answ.rt,start.keys,start.rt,rating.response,rating.rt,rating.history,exit_exp.keys,exit_exp.rt,date,frameRate,expName,session,participant,
,,,,,,,,,,,,,,,space,155.677088185,,,,,,,,,,,,,,,,,2017_Sep_29_1015,60.0244305695,Exp13,001,021,
,,,,,,,,,,,,,,,,,space,6.13327612556,,,,,,,,,,,,,,,2017_Sep_29_1015,60.0244305695,Exp13,001,021,
B,E,Stomach Ache,0,0,0,2,,,,,,,,,,,,,orange,apple,no stomach ache,z,5.28861830302,,,,,,,,,,2017_Sep_29_1015,60.0244305695,Exp13,001,021,
C,E,No Stomach Ache,0,1,1,3,,,,,,,,,,,,,pear,apple,stomach ache,m,2.43343525508,,,,,,,,,,2017_Sep_29_1015,60.0244305695,Exp13,001,021,
F, ,Stomach Ache,0,2,2,4,,,,,,,,,,,,,banana,,no stomach ache,z,3.51891583356,,,,,,,,,,2017_Sep_29_1015,60.0244305695,Exp13,001,021,
F,I,Stomach Ache,0,3,3,5,,,,,,,,,,,,,banana,cherry,stomach ache,m,1.81674174019,,,,,,,,,,2017_Sep_29_1015,60.0244305695,Exp13,001,021,
A,D,Stomach Ache,0,4,4,1,,,,,,,,,,,,,plum,peach,no stomach ache,z,2.88578966836,,,,,,,,,,2017_Sep_29_1015,60.0244305695,Exp13,001,021,
A, ,Stomach Ache,0,5,5,0,,,,,,,,,,,,,plum,,stomach ache,m,1.27141397787,,,,,,,,,,2017_Sep_29_1015,60.0244305695,Exp13,001,021,
H,J,No Stomach Ache,0,6,6,7,,,,,,,,,,,,,mango,strawberry,no stomach ache,z,2.49807011287,,,,,,,,,,2017_Sep_29_1015,60.0244305695,Exp13,001,021,
G,J,Stomach Ache,0,7,7,6,,,,,,,,,,,,,kiwi,strawberry,stomach ache,m,2.12180389237,,,,,,,,,,2017_Sep_29_1015,60.0244305695,Exp13,001,021,
C,E,No Stomach Ache,1,0,8,3,,,,,,,,,,,,,pear,apple,stomach ache,m,1.63111491097,,,,,,,,,,2017_Sep_29_1015,60.0244305695,Exp13,001,021,
F, ,Stomach Ache,1,1,9,4,,,,,,,,,,,,,banana,,stomach ache,m,1.10225934506,,,,,,,,,,2017_Sep_29_1015,60.0244305695,Exp13,001,021,
F,I,Stomach Ache,1,2,10,5,,,,,,,,,,,,,banana,cherry,stomach ache,m,0.633945785376,,,,,,,,,,2017_Sep_29_1015,60.0244305695,Exp13,001,021,
A, ,Stomach Ache,1,3,11,0,,,,,,,,,,,,,plum,,stomach ache,m,1.01690860392,,,,,,,,,,2017_Sep_29_1015,60.0244305695,Exp13,001,021,
G,J,Stomach Ache,1,4,12,6,,,,,,,,,,,,,kiwi,strawberry,stomach ache,m,1.53471784524,,,,,,,,,,2017_Sep_29_1015,60.0244305695,Exp13,001,021,
B,E,Stomach Ache,1,5,13,2,,,,,,,,,,,,,orange,apple,no stomach ache,z,1.96642951807,,,,,,,,,,2017_Sep_29_1015,60.0244305695,Exp13,001,021,
H,J,No Stomach Ache,1,6,14,7,,,,,,,,,,,,,mango,strawberry,stomach ache,m,1.52125150617,,,,,,,,,,2017_Sep_29_1015,60.0244305695,Exp13,001,021,
A,D,Stomach Ache,1,7,15,1,,,,,,,,,,,,,plum,peach,stomach ache,m,1.13371008332,,,,,,,,,,2017_Sep_29_1015,60.0244305695,Exp13,001,021,
H,J,No Stomach Ache,2,0,16,7,,,,,,,,,,,,,mango,strawberry,stomach ache,m,1.41163762705,,,,,,,,,,2017_Sep_29_1015,60.0244305695,Exp13,001,021,
A,D,Stomach Ache,2,1,17,1,,,,,,,,,,,,,plum,peach,stomach ache,m,1.20258722815,,,,,,,,,,2017_Sep_29_1015,60.0244305695,Exp13,001,021,
F, ,Stomach Ache,2,2,18,4,,,,,,,,,,,,,banana,,stomach ache,m,1.16667372431,,,,,,,,,,2017_Sep_29_1015,60.0244305695,Exp13,001,021,
G,J,Stomach Ache,2,3,19,6,,,,,,,,,,,,,kiwi,strawberry,stomach ache,m,2.26596150867,,,,,,,,,,2017_Sep_29_1015,60.0244305695,Exp13,001,021,
B,E,Stomach Ache,2,4,20,2,,,,,,,,,,,,,orange,apple,no stomach ache,z,2.10264360765,,,,,,,,,,2017_Sep_29_1015,60.0244305695,Exp13,001,021,
A, ,Stomach Ache,2,5,21,0,,,,,,,,,,,,,plum,,stomach ache,m,0.881884748494,,,,,,,,,,2017_Sep_29_1015,60.0244305695,Exp13,001,021,
F,I,Stomach Ache,2,6,22,5,,,,,,,,,,,,,banana,cherry,stomach ache,m,0.598086876242,,,,,,,,,,2017_Sep_29_1015,60.0244305695,Exp13,001,021,
C,E,No Stomach Ache,2,7,23,3,,,,,,,,,,,,,pear,apple,stomach ache,m,1.88362372923,,,,,,,,,,2017_Sep_29_1015,60.0244305695,Exp13,001,021,
F, ,Stomach Ache,3,0,24,4,,,,,,,,,,,,,banana,,stomach ache,m,0.655021783634,,,,,,,,,,2017_Sep_29_1015,60.0244305695,Exp13,001,021,
A,D,Stomach Ache,3,1,25,1,,,,,,,,,,,,,plum,peach,stomach ache,m,0.817384627619,,,,,,,,,,2017_Sep_29_1015,60.0244305695,Exp13,001,021,
G,J,Stomach Ache,3,2,26,6,,,,,,,,,,,,,kiwi,strawberry,no stomach ache,z,1.42944284374,,,,,,,,,,2017_Sep_29_1015,60.0244305695,Exp13,001,021,
C,E,No Stomach Ache,3,3,27,3,,,,,,,,,,,,,pear,apple,no stomach ache,z,1.26560909295,,,,,,,,,,2017_Sep_29_1015,60.0244305695,Exp13,001,021,
H,J,No Stomach Ache,3,4,28,7,,,,,,,,,,,,,mango,strawberry,no stomach ache,z,1.84923012747,,,,,,,,,,2017_Sep_29_1015,60.0244305695,Exp13,001,021,
F,I,Stomach Ache,3,5,29,5,,,,,,,,,,,,,banana,cherry,stomach ache,m,0.885612585611,,,,,,,,,,2017_Sep_29_1015,60.0244305695,Exp13,001,021,
B,E,Stomach Ache,3,6,30,2,,,,,,,,,,,,,orange,apple,no stomach ache,z,2.48338729225,,,,,,,,,,2017_Sep_29_1015,60.0244305695,Exp13,001,021,
A, ,Stomach Ache,3,7,31,0,,,,,,,,,,,,,plum,,stomach ache,m,0.633697659534,,,,,,,,,,2017_Sep_29_1015,60.0244305695,Exp13,001,021,
B,E,Stomach Ache,4,0,32,2,,,,,,,,,,,,,orange,apple,stomach ache,m,1.15399340872,,,,,,,,,,2017_Sep_29_1015,60.0244305695,Exp13,001,021,
A,D,Stomach Ache,4,1,33,1,,,,,,,,,,,,,plum,peach,stomach ache,m,0.885861061426,,,,,,,,,,2017_Sep_29_1015,60.0244305695,Exp13,001,021,
F, ,Stomach Ache,4,2,34,4,,,,,,,,,,,,,banana,,stomach ache,m,0.666751591722,,,,,,,,,,2017_Sep_29_1015,60.0244305695,Exp13,001,021,
H,J,No Stomach Ache,4,3,35,7,,,,,,,,,,,,,mango,strawberry,no stomach ache,z,1.43264433209,,,,,,,,,,2017_Sep_29_1015,60.0244305695,Exp13,001,021,
C,E,No Stomach Ache,4,4,36,3,,,,,,,,,,,,,pear,apple,stomach ache,m,1.23203336156,,,,,,,,,,2017_Sep_29_1015,60.0244305695,Exp13,001,021,
A, ,Stomach Ache,4,5,37,0,,,,,,,,,,,,,plum,,stomach ache,m,0.622612838633,,,,,,,,,,2017_Sep_29_1015,60.0244305695,Exp13,001,021,
F,I,Stomach Ache,4,6,38,5,,,,,,,,,,,,,banana,cherry,stomach ache,m,0.753815766046,,,,,,,,,,2017_Sep_29_1015,60.0244305695,Exp13,001,021,
G,J,Stomach Ache,4,7,39,6,,,,,,,,,,,,,kiwi,strawberry,no stomach ache,z,1.97018430257,,,,,,,,,,2017_Sep_29_1015,60.0244305695,Exp13,001,021,
G,J,Stomach Ache,5,0,40,6,,,,,,,,,,,,,kiwi,strawberry,stomach ache,m,0.636805706978,,,,,,,,,,2017_Sep_29_1015,60.0244305695,Exp13,001,021,
A, ,Stomach Ache,5,1,41,0,,,,,,,,,,,,,plum,,stomach ache,m,0.638189122285,,,,,,,,,,2017_Sep_29_1015,60.0244305695,Exp13,001,021,
B,E,Stomach Ache,5,2,42,2,,,,,,,,,,,,,orange,apple,stomach ache,m,1.83195825887,,,,,,,,,,2017_Sep_29_1015,60.0244305695,Exp13,001,021,
F, ,Stomach Ache,5,3,43,4,,,,,,,,,,,,,banana,,stomach ache,m,0.600204170129,,,,,,,,,,2017_Sep_29_1015,60.0244305695,Exp13,001,021,
A,D,Stomach Ache,5,4,44,1,,,,,,,,,,,,,plum,peach,stomach ache,m,0.783196455828,,,,,,,,,,2017_Sep_29_1015,60.0244305695,Exp13,001,021,
F,I,Stomach Ache,5,5,45,5,,,,,,,,,,,,,banana,cherry,stomach ache,m,0.578884595569,,,,,,,,,,2017_Sep_29_1015,60.0244305695,Exp13,001,021,
H,J,No Stomach Ache,5,6,46,7,,,,,,,,,,,,,mango,strawberry,no stomach ache,z,1.53411100429,,,,,,,,,,2017_Sep_29_1015,60.0244305695,Exp13,001,021,
C,E,No Stomach Ache,5,7,47,3,,,,,,,,,,,,,pear,apple,stomach ache,m,1.08289922978,,,,,,,,,,2017_Sep_29_1015,60.0244305695,Exp13,001,021,
A, ,Stomach Ache,6,0,48,0,,,,,,,,,,,,,plum,,stomach ache,m,0.671578321839,,,,,,,,,,2017_Sep_29_1015,60.0244305695,Exp13,001,021,
F, ,Stomach Ache,6,1,49,4,,,,,,,,,,,,,banana,,stomach ache,m,1.06675040186,,,,,,,,,,2017_Sep_29_1015,60.0244305695,Exp13,001,021,
C,E,No Stomach Ache,6,2,50,3,,,,,,,,,,,,,pear,apple,no stomach ache,z,2.06362170642,,,,,,,,,,2017_Sep_29_1015,60.0244305695,Exp13,001,021,
H,J,No Stomach Ache,6,3,51,7,,,,,,,,,,,,,mango,strawberry,stomach ache,m,1.71499299543,,,,,,,,,,2017_Sep_29_1015,60.0244305695,Exp13,001,021,
B,E,Stomach Ache,6,4,52,2,,,,,,,,,,,,,orange,apple,stomach ache,m,1.64879938937,,,,,,,,,,2017_Sep_29_1015,60.0244305695,Exp13,001,021,
A,D,Stomach Ache,6,5,53,1,,,,,,,,,,,,,plum,peach,stomach ache,m,0.766550326342,,,,,,,,,,2017_Sep_29_1015,60.0244305695,Exp13,001,021,
F,I,Stomach Ache,6,6,54,5,,,,,,,,,,,,,banana,cherry,stomach ache,m,0.863215465972,,,,,,,,,,2017_Sep_29_1015,60.0244305695,Exp13,001,021,
G,J,Stomach Ache,6,7,55,6,,,,,,,,,,,,,kiwi,strawberry,stomach ache,m,1.34806771562,,,,,,,,,,2017_Sep_29_1015,60.0244305695,Exp13,001,021,
G,J,Stomach Ache,7,0,56,6,,,,,,,,,,,,,kiwi,strawberry,stomach ache,m,0.736210379924,,,,,,,,,,2017_Sep_29_1015,60.0244305695,Exp13,001,021,
F,I,Stomach Ache,7,1,57,5,,,,,,,,,,,,,banana,cherry,stomach ache,m,0.48573556362,,,,,,,,,,2017_Sep_29_1015,60.0244305695,Exp13,001,021,
A, ,Stomach Ache,7,2,58,0,,,,,,,,,,,,,plum,,stomach ache,m,0.650314391882,,,,,,,,,,2017_Sep_29_1015,60.0244305695,Exp13,001,021,
H,J,No Stomach Ache,7,3,59,7,,,,,,,,,,,,,mango,strawberry,no stomach ache,z,2.74771306015,,,,,,,,,,2017_Sep_29_1015,60.0244305695,Exp13,001,021,
C,E,No Stomach Ache,7,4,60,3,,,,,,,,,,,,,pear,apple,no stomach ache,z,2.36881439592,,,,,,,,,,2017_Sep_29_1015,60.0244305695,Exp13,001,021,
A,D,Stomach Ache,7,5,61,1,,,,,,,,,,,,,plum,peach,stomach ache,m,1.36680174182,,,,,,,,,,2017_Sep_29_1015,60.0244305695,Exp13,001,021,
F, ,Stomach Ache,7,6,62,4,,,,,,,,,,,,,banana,,stomach ache,m,0.569237434742,,,,,,,,,,2017_Sep_29_1015,60.0244305695,Exp13,001,021,
B,E,Stomach Ache,7,7,63,2,,,,,,,,,,,,,orange,apple,no stomach ache,z,2.09813989609,,,,,,,,,,2017_Sep_29_1015,60.0244305695,Exp13,001,021,
A, ,Stomach Ache,8,0,64,0,,,,,,,,,,,,,plum,,stomach ache,m,1.1168802217,,,,,,,,,,2017_Sep_29_1015,60.0244305695,Exp13,001,021,
C,E,No Stomach Ache,8,1,65,3,,,,,,,,,,,,,pear,apple,no stomach ache,z,1.26543725969,,,,,,,,,,2017_Sep_29_1015,60.0244305695,Exp13,001,021,
B,E,Stomach Ache,8,2,66,2,,,,,,,,,,,,,orange,apple,no stomach ache,z,3.3001713783,,,,,,,,,,2017_Sep_29_1015,60.0244305695,Exp13,001,021,
F, ,Stomach Ache,8,3,67,4,,,,,,,,,,,,,banana,,stomach ache,m,1.08077108694,,,,,,,,,,2017_Sep_29_1015,60.0244305695,Exp13,001,021,
H,J,No Stomach Ache,8,4,68,7,,,,,,,,,,,,,mango,strawberry,stomach ache,m,3.04840238803,,,,,,,,,,2017_Sep_29_1015,60.0244305695,Exp13,001,021,
G,J,Stomach Ache,8,5,69,6,,,,,,,,,,,,,kiwi,strawberry,stomach ache,m,1.52282880261,,,,,,,,,,2017_Sep_29_1015,60.0244305695,Exp13,001,021,
F,I,Stomach Ache,8,6,70,5,,,,,,,,,,,,,banana,cherry,stomach ache,m,0.685954922286,,,,,,,,,,2017_Sep_29_1015,60.0244305695,Exp13,001,021,
A,D,Stomach Ache,8,7,71,1,,,,,,,,,,,,,plum,peach,stomach ache,m,0.798933023878,,,,,,,,,,2017_Sep_29_1015,60.0244305695,Exp13,001,021,
F,I,Stomach Ache,9,0,72,5,,,,,,,,,,,,,banana,cherry,stomach ache,m,0.600511790166,,,,,,,,,,2017_Sep_29_1015,60.0244305695,Exp13,001,021,
G,J,Stomach Ache,9,1,73,6,,,,,,,,,,,,,kiwi,strawberry,stomach ache,m,1.25538168859,,,,,,,,,,2017_Sep_29_1015,60.0244305695,Exp13,001,021,
H,J,No Stomach Ache,9,2,74,7,,,,,,,,,,,,,mango,strawberry,no stomach ache,z,1.166594632,,,,,,,,,,2017_Sep_29_1015,60.0244305695,Exp13,001,021,
A, ,Stomach Ache,9,3,75,0,,,,,,,,,,,,,plum,,stomach ache,m,0.600504090922,,,,,,,,,,2017_Sep_29_1015,60.0244305695,Exp13,001,021,
A,D,Stomach Ache,9,4,76,1,,,,,,,,,,,,,plum,peach,stomach ache,m,0.900053229823,,,,,,,,,,2017_Sep_29_1015,60.0244305695,Exp13,001,021,
F, ,Stomach Ache,9,5,77,4,,,,,,,,,,,,,banana,,stomach ache,m,0.533623501746,,,,,,,,,,2017_Sep_29_1015,60.0244305695,Exp13,001,021,
C,E,No Stomach Ache,9,6,78,3,,,,,,,,,,,,,pear,apple,no stomach ache,z,1.76585529401,,,,,,,,,,2017_Sep_29_1015,60.0244305695,Exp13,001,021,
B,E,Stomach Ache,9,7,79,2,,,,,,,,,,,,,orange,apple,stomach ache,m,2.083585163,,,,,,,,,,2017_Sep_29_1015,60.0244305695,Exp13,001,021,
A,D,Stomach Ache,10,0,80,1,,,,,,,,,,,,,plum,peach,stomach ache,m,0.649745347269,,,,,,,,,,2017_Sep_29_1015,60.0244305695,Exp13,001,021,
C,E,No Stomach Ache,10,1,81,3,,,,,,,,,,,,,pear,apple,no stomach ache,z,1.64961795969,,,,,,,,,,2017_Sep_29_1015,60.0244305695,Exp13,001,021,
F,I,Stomach Ache,10,2,82,5,,,,,,,,,,,,,banana,cherry,stomach ache,m,0.814601698512,,,,,,,,,,2017_Sep_29_1015,60.0244305695,Exp13,001,021,
F, ,Stomach Ache,10,3,83,4,,,,,,,,,,,,,banana,,stomach ache,m,0.583842562948,,,,,,,,,,2017_Sep_29_1015,60.0244305695,Exp13,001,021,
B,E,Stomach Ache,10,4,84,2,,,,,,,,,,,,,orange,apple,stomach ache,m,1.23405511474,,,,,,,,,,2017_Sep_29_1015,60.0244305695,Exp13,001,021,
A, ,Stomach Ache,10,5,85,0,,,,,,,,,,,,,plum,,stomach ache,m,0.633625216578,,,,,,,,,,2017_Sep_29_1015,60.0244305695,Exp13,001,021,
H,J,No Stomach Ache,10,6,86,7,,,,,,,,,,,,,mango,strawberry,no stomach ache,z,2.60085195708,,,,,,,,,,2017_Sep_29_1015,60.0244305695,Exp13,001,021,
G,J,Stomach Ache,10,7,87,6,,,,,,,,,,,,,kiwi,strawberry,stomach ache,m,0.772406656208,,,,,,,,,,2017_Sep_29_1015,60.0244305695,Exp13,001,021,
F,I,Stomach Ache,11,0,88,5,,,,,,,,,,,,,banana,cherry,stomach ache,m,0.685443272087,,,,,,,,,,2017_Sep_29_1015,60.0244305695,Exp13,001,021,
F, ,Stomach Ache,11,1,89,4,,,,,,,,,,,,,banana,,stomach ache,m,0.571544410166,,,,,,,,,,2017_Sep_29_1015,60.0244305695,Exp13,001,021,
B,E,Stomach Ache,11,2,90,2,,,,,,,,,,,,,orange,apple,stomach ache,m,1.28094285022,,,,,,,,,,2017_Sep_29_1015,60.0244305695,Exp13,001,021,
A,D,Stomach Ache,11,3,91,1,,,,,,,,,,,,,plum,peach,stomach ache,m,0.785994783393,,,,,,,,,,2017_Sep_29_1015,60.0244305695,Exp13,001,021,
C,E,No Stomach Ache,11,4,92,3,,,,,,,,,,,,,pear,apple,no stomach ache,z,1.53289067312,,,,,,,,,,2017_Sep_29_1015,60.0244305695,Exp13,001,021,
H,J,No Stomach Ache,11,5,93,7,,,,,,,,,,,,,mango,strawberry,no stomach ache,z,1.13448630774,,,,,,,,,,2017_Sep_29_1015,60.0244305695,Exp13,001,021,
G,J,Stomach Ache,11,6,94,6,,,,,,,,,,,,,kiwi,strawberry,stomach ache,m,0.737040849053,,,,,,,,,,2017_Sep_29_1015,60.0244305695,Exp13,001,021,
A, ,Stomach Ache,11,7,95,0,,,,,,,,,,,,,plum,,stomach ache,m,0.635987136659,,,,,,,,,,2017_Sep_29_1015,60.0244305695,Exp13,001,021,
D,C,Stomach Ache,,,,,0,0,0,0,,,,,,,,,peach,pear,no stomach ache,,,z,1.4298827509,,,,,,,,2017_Sep_29_1015,60.0244305695,Exp13,001,021,
D,C,Stomach Ache,,,,,1,0,1,0,,,,,,,,,peach,pear,stomach ache,,,m,1.9383828984,,,,,,,,2017_Sep_29_1015,60.0244305695,Exp13,001,021,
D,C,Stomach Ache,,,,,2,0,2,0,,,,,,,,,peach,pear,stomach ache,,,m,0.683202090266,,,,,,,,2017_Sep_29_1015,60.0244305695,Exp13,001,021,
D,C,Stomach Ache,,,,,3,0,3,0,,,,,,,,,peach,pear,stomach ache,,,m,0.636096675997,,,,,,,,2017_Sep_29_1015,60.0244305695,Exp13,001,021,
D,C,Stomach Ache,,,,,4,0,4,0,,,,,,,,,peach,pear,stomach ache,,,m,0.533593404689,,,,,,,,2017_Sep_29_1015,60.0244305695,Exp13,001,021,
D,C,Stomach Ache,,,,,5,0,5,0,,,,,,,,,peach,pear,stomach ache,,,m,0.655630024441,,,,,,,,2017_Sep_29_1015,60.0244305695,Exp13,001,021,
,,,,,,,,,,,,,,,,,,,,,,,,,,space,5.18346508968,,,,,,2017_Sep_29_1015,60.0244305695,Exp13,001,021,
A, ,,,,,,,,,,0,0,0,0,,,,,plum,,,,,,,,,10,3.37,"[(None, 0.0), (u'10', 3.37)]",,,2017_Sep_29_1015,60.0244305695,Exp13,001,021,
G, ,,,,,,,,,,0,1,1,6,,,,,kiwi,,,,,,,,,10,0.809,"[(None, 0.0), (u'10', 0.809)]",,,2017_Sep_29_1015,60.0244305695,Exp13,001,021,
H, ,,,,,,,,,,0,2,2,7,,,,,mango,,,,,,,,,0,4.437,"[(None, 0.0), (u'0', 4.437)]",,,2017_Sep_29_1015,60.0244305695,Exp13,001,021,
I, ,,,,,,,,,,0,3,3,8,,,,,cherry,,,,,,,,,5,3.153,"[(None, 0.0), (u'5', 3.153)]",,,2017_Sep_29_1015,60.0244305695,Exp13,001,021,
B, ,,,,,,,,,,0,4,4,1,,,,,orange,,,,,,,,,9,2.553,"[(None, 0.0), (u'9', 2.553)]",,,2017_Sep_29_1015,60.0244305695,Exp13,001,021,
J, ,,,,,,,,,,0,5,5,9,,,,,strawberry,,,,,,,,,0,2.572,"[(None, 0.0), (u'0', 2.572)]",,,2017_Sep_29_1015,60.0244305695,Exp13,001,021,
C, ,,,,,,,,,,0,6,6,2,,,,,pear,,,,,,,,,0,1.242,"[(None, 0.0), (u'0', 1.242)]",,,2017_Sep_29_1015,60.0244305695,Exp13,001,021,
F, ,,,,,,,,,,0,7,7,5,,,,,banana,,,,,,,,,10,1.321,"[(None, 0.0), (u'10', 1.321)]",,,2017_Sep_29_1015,60.0244305695,Exp13,001,021,
D,H,,,,,,,,,,0,8,8,11,,,,,peach,mango,,,,,,,,8,5.172,"[(None, 0.0), (u'8', 5.172)]",,,2017_Sep_29_1015,60.0244305695,Exp13,001,021,
D, ,,,,,,,,,,0,9,9,3,,,,,peach,,,,,,,,,8,1.505,"[(None, 0.0), (u'8', 1.505)]",,,2017_Sep_29_1015,60.0244305695,Exp13,001,021,
I,C,,,,,,,,,,0,10,10,10,,,,,cherry,pear,,,,,,,,2,3.103,"[(None, 0.0), (u'2', 3.103)]",,,2017_Sep_29_1015,60.0244305695,Exp13,001,021,
E, ,,,,,,,,,,0,11,11,4,,,,,apple,,,,,,,,,0,2.459,"[(None, 0.0), (u'0', 2.459)]",,,2017_Sep_29_1015,60.0244305695,Exp13,001,021,
I,C,,,,,,,,,,1,0,12,10,,,,,cherry,pear,,,,,,,,0,3.605,"[(None, 0.0), (u'0', 3.605)]",,,2017_Sep_29_1015,60.0244305695,Exp13,001,021,
D,H,,,,,,,,,,1,1,13,11,,,,,peach,mango,,,,,,,,10,1.736,"[(None, 0.0), (u'10', 1.736)]",,,2017_Sep_29_1015,60.0244305695,Exp13,001,021,
F, ,,,,,,,,,,1,2,14,5,,,,,banana,,,,,,,,,10,2.52,"[(None, 0.0), (u'10', 2.52)]",,,2017_Sep_29_1015,60.0244305695,Exp13,001,021,
D, ,,,,,,,,,,1,3,15,3,,,,,peach,,,,,,,,,5,1.753,"[(None, 0.0), (u'5', 1.753)]",,,2017_Sep_29_1015,60.0244305695,Exp13,001,021,
J, ,,,,,,,,,,1,4,16,9,,,,,strawberry,,,,,,,,,0,1.77,"[(None, 0.0), (u'0', 1.77)]",,,2017_Sep_29_1015,60.0244305695,Exp13,001,021,
H, ,,,,,,,,,,1,5,17,7,,,,,mango,,,,,,,,,0,1.171,"[(None, 0.0), (u'0', 1.171)]",,,2017_Sep_29_1015,60.0244305695,Exp13,001,021,
E, ,,,,,,,,,,1,6,18,4,,,,,apple,,,,,,,,,0,1.07,"[(None, 0.0), (u'0', 1.07)]",,,2017_Sep_29_1015,60.0244305695,Exp13,001,021,
I, ,,,,,,,,,,1,7,19,8,,,,,cherry,,,,,,,,,5,1.658,"[(None, 0.0), (u'5', 1.658)]",,,2017_Sep_29_1015,60.0244305695,Exp13,001,021,
B, ,,,,,,,,,,1,8,20,1,,,,,orange,,,,,,,,,5,1.003,"[(None, 0.0), (u'5', 1.003)]",,,2017_Sep_29_1015,60.0244305695,Exp13,001,021,
G, ,,,,,,,,,,1,9,21,6,,,,,kiwi,,,,,,,,,10,1.787,"[(None, 0.0), (u'10', 1.786)]",,,2017_Sep_29_1015,60.0244305695,Exp13,001,021,
C, ,,,,,,,,,,1,10,22,2,,,,,pear,,,,,,,,,2,1.576,"[(None, 0.0), (u'2', 1.576)]",,,2017_Sep_29_1015,60.0244305695,Exp13,001,021,
A, ,,,,,,,,,,1,11,23,0,,,,,plum,,,,,,,,,10,1.437,"[(None, 0.0), (u'10', 1.437)]",,,2017_Sep_29_1015,60.0244305695,Exp13,001,021,
,,,,,,,,,,,,,,,,,,,,,,,,,,,,,,,space,1.65013520935,2017_Sep_29_1015,60.0244305695,Exp13,001,021,
