stim1,stim2,outcome,train_trials.thisRepN,train_trials.thisTrialN,train_trials.thisN,train_trials.thisIndex,train_trials2.thisRepN,train_trials2.thisTrialN,train_trials2.thisN,train_trials2.thisIndex,test_trials.thisRepN,test_trials.thisTrialN,test_trials.thisN,test_trials.thisIndex,start_exp.keys,start_exp.rt,start_exp2.keys,start_exp2.rt,stim.A,stim.B,pressed,key_ans.keys,key_ans.rt,key_answ.keys,key_answ.rt,start.keys,start.rt,rating.response,rating.rt,rating.history,exit_exp.keys,exit_exp.rt,date,frameRate,expName,session,participant,
,,,,,,,,,,,,,,,space,168.059897964,,,,,,,,,,,,,,,,,2017_Sep_29_1128,59.9920218489,Exp13,001,022,
,,,,,,,,,,,,,,,,,space,10.7342153392,,,,,,,,,,,,,,,2017_Sep_29_1128,59.9920218489,Exp13,001,022,
C,E,No Stomach Ache,0,0,0,3,,,,,,,,,,,,,apple,mango,stomach ache,m,4.81731425415,,,,,,,,,,2017_Sep_29_1128,59.9920218489,Exp13,001,022,
G,J,Stomach Ache,0,1,1,6,,,,,,,,,,,,,banana,pear,no stomach ache,z,5.51728338722,,,,,,,,,,2017_Sep_29_1128,59.9920218489,Exp13,001,022,
B,E,Stomach Ache,0,2,2,2,,,,,,,,,,,,,strawberry,mango,stomach ache,m,1.98376720867,,,,,,,,,,2017_Sep_29_1128,59.9920218489,Exp13,001,022,
F, ,Stomach Ache,0,3,3,4,,,,,,,,,,,,,plum,,no stomach ache,z,1.73377053335,,,,,,,,,,2017_Sep_29_1128,59.9920218489,Exp13,001,022,
A, ,Stomach Ache,0,4,4,0,,,,,,,,,,,,,orange,,stomach ache,m,1.23378453197,,,,,,,,,,2017_Sep_29_1128,59.9920218489,Exp13,001,022,
A,D,Stomach Ache,0,5,5,1,,,,,,,,,,,,,orange,kiwi,no stomach ache,z,2.1338589346,,,,,,,,,,2017_Sep_29_1128,59.9920218489,Exp13,001,022,
H,J,No Stomach Ache,0,6,6,7,,,,,,,,,,,,,cherry,pear,stomach ache,m,1.48373676167,,,,,,,,,,2017_Sep_29_1128,59.9920218489,Exp13,001,022,
F,I,Stomach Ache,0,7,7,5,,,,,,,,,,,,,plum,peach,no stomach ache,z,3.8505410114,,,,,,,,,,2017_Sep_29_1128,59.9920218489,Exp13,001,022,
F,I,Stomach Ache,1,0,8,5,,,,,,,,,,,,,plum,peach,stomach ache,m,2.05038030731,,,,,,,,,,2017_Sep_29_1128,59.9920218489,Exp13,001,022,
F, ,Stomach Ache,1,1,9,4,,,,,,,,,,,,,plum,,stomach ache,m,1.18369224612,,,,,,,,,,2017_Sep_29_1128,59.9920218489,Exp13,001,022,
G,J,Stomach Ache,1,2,10,6,,,,,,,,,,,,,banana,pear,stomach ache,m,0.783697635576,,,,,,,,,,2017_Sep_29_1128,59.9920218489,Exp13,001,022,
H,J,No Stomach Ache,1,3,11,7,,,,,,,,,,,,,cherry,pear,no stomach ache,z,1.23370788957,,,,,,,,,,2017_Sep_29_1128,59.9920218489,Exp13,001,022,
A,D,Stomach Ache,1,4,12,1,,,,,,,,,,,,,orange,kiwi,no stomach ache,z,0.98362302297,,,,,,,,,,2017_Sep_29_1128,59.9920218489,Exp13,001,022,
A, ,Stomach Ache,1,5,13,0,,,,,,,,,,,,,orange,,stomach ache,m,1.30038783158,,,,,,,,,,2017_Sep_29_1128,59.9920218489,Exp13,001,022,
B,E,Stomach Ache,1,6,14,2,,,,,,,,,,,,,strawberry,mango,stomach ache,m,1.85034293102,,,,,,,,,,2017_Sep_29_1128,59.9920218489,Exp13,001,022,
C,E,No Stomach Ache,1,7,15,3,,,,,,,,,,,,,apple,mango,stomach ache,m,1.15041719365,,,,,,,,,,2017_Sep_29_1128,59.9920218489,Exp13,001,022,
A, ,Stomach Ache,2,0,16,0,,,,,,,,,,,,,orange,,stomach ache,m,1.21715872956,,,,,,,,,,2017_Sep_29_1128,59.9920218489,Exp13,001,022,
H,J,No Stomach Ache,2,1,17,7,,,,,,,,,,,,,cherry,pear,stomach ache,m,1.06701555877,,,,,,,,,,2017_Sep_29_1128,59.9920218489,Exp13,001,022,
G,J,Stomach Ache,2,2,18,6,,,,,,,,,,,,,banana,pear,stomach ache,m,1.06701870845,,,,,,,,,,2017_Sep_29_1128,59.9920218489,Exp13,001,022,
C,E,No Stomach Ache,2,3,19,3,,,,,,,,,,,,,apple,mango,stomach ache,m,1.93376661371,,,,,,,,,,2017_Sep_29_1128,59.9920218489,Exp13,001,022,
A,D,Stomach Ache,2,4,20,1,,,,,,,,,,,,,orange,kiwi,stomach ache,m,1.73376773362,,,,,,,,,,2017_Sep_29_1128,59.9920218489,Exp13,001,022,
F, ,Stomach Ache,2,5,21,4,,,,,,,,,,,,,plum,,stomach ache,m,0.733700540266,,,,,,,,,,2017_Sep_29_1128,59.9920218489,Exp13,001,022,
B,E,Stomach Ache,2,6,22,2,,,,,,,,,,,,,strawberry,mango,stomach ache,m,0.917055419821,,,,,,,,,,2017_Sep_29_1128,59.9920218489,Exp13,001,022,
F,I,Stomach Ache,2,7,23,5,,,,,,,,,,,,,plum,peach,stomach ache,m,0.817036031716,,,,,,,,,,2017_Sep_29_1128,59.9920218489,Exp13,001,022,
F, ,Stomach Ache,3,0,24,4,,,,,,,,,,,,,plum,,stomach ache,m,0.783703584981,,,,,,,,,,2017_Sep_29_1128,59.9920218489,Exp13,001,022,
C,E,No Stomach Ache,3,1,25,3,,,,,,,,,,,,,apple,mango,no stomach ache,z,1.46680753937,,,,,,,,,,2017_Sep_29_1128,59.9920218489,Exp13,001,022,
B,E,Stomach Ache,3,2,26,2,,,,,,,,,,,,,strawberry,mango,no stomach ache,z,1.01690122508,,,,,,,,,,2017_Sep_29_1128,59.9920218489,Exp13,001,022,
G,J,Stomach Ache,3,3,27,6,,,,,,,,,,,,,banana,pear,stomach ache,m,1.5668192282,,,,,,,,,,2017_Sep_29_1128,59.9920218489,Exp13,001,022,
F,I,Stomach Ache,3,4,28,5,,,,,,,,,,,,,plum,peach,stomach ache,m,1.00026947327,,,,,,,,,,2017_Sep_29_1128,59.9920218489,Exp13,001,022,
A, ,Stomach Ache,3,5,29,0,,,,,,,,,,,,,orange,,stomach ache,m,0.983638071484,,,,,,,,,,2017_Sep_29_1128,59.9920218489,Exp13,001,022,
H,J,No Stomach Ache,3,6,30,7,,,,,,,,,,,,,cherry,pear,no stomach ache,z,0.933759964391,,,,,,,,,,2017_Sep_29_1128,59.9920218489,Exp13,001,022,
A,D,Stomach Ache,3,7,31,1,,,,,,,,,,,,,orange,kiwi,stomach ache,m,1.1836852468,,,,,,,,,,2017_Sep_29_1128,59.9920218489,Exp13,001,022,
B,E,Stomach Ache,4,0,32,2,,,,,,,,,,,,,strawberry,mango,stomach ache,m,1.28381942349,,,,,,,,,,2017_Sep_29_1128,59.9920218489,Exp13,001,022,
H,J,No Stomach Ache,4,1,33,7,,,,,,,,,,,,,cherry,pear,stomach ache,m,1.20044228615,,,,,,,,,,2017_Sep_29_1128,59.9920218489,Exp13,001,022,
A,D,Stomach Ache,4,2,34,1,,,,,,,,,,,,,orange,kiwi,stomach ache,m,1.61697905738,,,,,,,,,,2017_Sep_29_1128,59.9920218489,Exp13,001,022,
A, ,Stomach Ache,4,3,35,0,,,,,,,,,,,,,orange,,stomach ache,m,1.46701401891,,,,,,,,,,2017_Sep_29_1128,59.9920218489,Exp13,001,022,
C,E,No Stomach Ache,4,4,36,3,,,,,,,,,,,,,apple,mango,no stomach ache,z,2.5337576546,,,,,,,,,,2017_Sep_29_1128,59.9920218489,Exp13,001,022,
F, ,Stomach Ache,4,5,37,4,,,,,,,,,,,,,plum,,stomach ache,m,0.817022033094,,,,,,,,,,2017_Sep_29_1128,59.9920218489,Exp13,001,022,
G,J,Stomach Ache,4,6,38,6,,,,,,,,,,,,,banana,pear,stomach ache,m,1.70038804156,,,,,,,,,,2017_Sep_29_1128,59.9920218489,Exp13,001,022,
F,I,Stomach Ache,4,7,39,5,,,,,,,,,,,,,plum,peach,stomach ache,m,0.78358424679,,,,,,,,,,2017_Sep_29_1128,59.9920218489,Exp13,001,022,
G,J,Stomach Ache,5,0,40,6,,,,,,,,,,,,,banana,pear,stomach ache,m,1.1002986604,,,,,,,,,,2017_Sep_29_1128,59.9920218489,Exp13,001,022,
B,E,Stomach Ache,5,1,41,2,,,,,,,,,,,,,strawberry,mango,stomach ache,m,1.2001157685,,,,,,,,,,2017_Sep_29_1128,59.9920218489,Exp13,001,022,
F,I,Stomach Ache,5,2,42,5,,,,,,,,,,,,,plum,peach,stomach ache,m,0.650282806979,,,,,,,,,,2017_Sep_29_1128,59.9920218489,Exp13,001,022,
A, ,Stomach Ache,5,3,43,0,,,,,,,,,,,,,orange,,stomach ache,m,0.633650355245,,,,,,,,,,2017_Sep_29_1128,59.9920218489,Exp13,001,022,
H,J,No Stomach Ache,5,4,44,7,,,,,,,,,,,,,cherry,pear,no stomach ache,z,0.983802905132,,,,,,,,,,2017_Sep_29_1128,59.9920218489,Exp13,001,022,
C,E,No Stomach Ache,5,5,45,3,,,,,,,,,,,,,apple,mango,no stomach ache,z,2.40042261811,,,,,,,,,,2017_Sep_29_1128,59.9920218489,Exp13,001,022,
F, ,Stomach Ache,5,6,46,4,,,,,,,,,,,,,plum,,stomach ache,m,0.75032564273,,,,,,,,,,2017_Sep_29_1128,59.9920218489,Exp13,001,022,
A,D,Stomach Ache,5,7,47,1,,,,,,,,,,,,,orange,kiwi,stomach ache,m,1.91705996936,,,,,,,,,,2017_Sep_29_1128,59.9920218489,Exp13,001,022,
G,J,Stomach Ache,6,0,48,6,,,,,,,,,,,,,banana,pear,no stomach ache,z,2.01702336298,,,,,,,,,,2017_Sep_29_1128,59.9920218489,Exp13,001,022,
H,J,No Stomach Ache,6,1,49,7,,,,,,,,,,,,,cherry,pear,no stomach ache,z,1.1002857117,,,,,,,,,,2017_Sep_29_1128,59.9920218489,Exp13,001,022,
B,E,Stomach Ache,6,2,50,2,,,,,,,,,,,,,strawberry,mango,stomach ache,m,2.4002490353,,,,,,,,,,2017_Sep_29_1128,59.9920218489,Exp13,001,022,
F, ,Stomach Ache,6,3,51,4,,,,,,,,,,,,,plum,,stomach ache,m,0.516997465544,,,,,,,,,,2017_Sep_29_1128,59.9920218489,Exp13,001,022,
A,D,Stomach Ache,6,4,52,1,,,,,,,,,,,,,orange,kiwi,stomach ache,m,0.66700764955,,,,,,,,,,2017_Sep_29_1128,59.9920218489,Exp13,001,022,
F,I,Stomach Ache,6,5,53,5,,,,,,,,,,,,,plum,peach,stomach ache,m,0.683657599555,,,,,,,,,,2017_Sep_29_1128,59.9920218489,Exp13,001,022,
A, ,Stomach Ache,6,6,54,0,,,,,,,,,,,,,orange,,stomach ache,m,0.600409249455,,,,,,,,,,2017_Sep_29_1128,59.9920218489,Exp13,001,022,
C,E,No Stomach Ache,6,7,55,3,,,,,,,,,,,,,apple,mango,no stomach ache,z,2.2504481306,,,,,,,,,,2017_Sep_29_1128,59.9920218489,Exp13,001,022,
F, ,Stomach Ache,7,0,56,4,,,,,,,,,,,,,plum,,stomach ache,m,0.600333656941,,,,,,,,,,2017_Sep_29_1128,59.9920218489,Exp13,001,022,
C,E,No Stomach Ache,7,1,57,3,,,,,,,,,,,,,apple,mango,no stomach ache,z,0.700340796204,,,,,,,,,,2017_Sep_29_1128,59.9920218489,Exp13,001,022,
H,J,No Stomach Ache,7,2,58,7,,,,,,,,,,,,,cherry,pear,no stomach ache,z,1.0503278125,,,,,,,,,,2017_Sep_29_1128,59.9920218489,Exp13,001,022,
F,I,Stomach Ache,7,3,59,5,,,,,,,,,,,,,plum,peach,stomach ache,m,0.800102959794,,,,,,,,,,2017_Sep_29_1128,59.9920218489,Exp13,001,022,
A,D,Stomach Ache,7,4,60,1,,,,,,,,,,,,,orange,kiwi,stomach ache,m,0.766970693192,,,,,,,,,,2017_Sep_29_1128,59.9920218489,Exp13,001,022,
G,J,Stomach Ache,7,5,61,6,,,,,,,,,,,,,banana,pear,stomach ache,m,0.550236821524,,,,,,,,,,2017_Sep_29_1128,59.9920218489,Exp13,001,022,
A, ,Stomach Ache,7,6,62,0,,,,,,,,,,,,,orange,,stomach ache,m,0.567010659259,,,,,,,,,,2017_Sep_29_1128,59.9920218489,Exp13,001,022,
B,E,Stomach Ache,7,7,63,2,,,,,,,,,,,,,strawberry,mango,stomach ache,m,1.18365409988,,,,,,,,,,2017_Sep_29_1128,59.9920218489,Exp13,001,022,
H,J,No Stomach Ache,8,0,64,7,,,,,,,,,,,,,cherry,pear,no stomach ache,z,0.70029565072,,,,,,,,,,2017_Sep_29_1128,59.9920218489,Exp13,001,022,
A, ,Stomach Ache,8,1,65,0,,,,,,,,,,,,,orange,,stomach ache,m,0.683598105417,,,,,,,,,,2017_Sep_29_1128,59.9920218489,Exp13,001,022,
F,I,Stomach Ache,8,2,66,5,,,,,,,,,,,,,plum,peach,stomach ache,m,0.800347585551,,,,,,,,,,2017_Sep_29_1128,59.9920218489,Exp13,001,022,
G,J,Stomach Ache,8,3,67,6,,,,,,,,,,,,,banana,pear,stomach ache,m,1.16706224412,,,,,,,,,,2017_Sep_29_1128,59.9920218489,Exp13,001,022,
F, ,Stomach Ache,8,4,68,4,,,,,,,,,,,,,plum,,stomach ache,m,0.633620958164,,,,,,,,,,2017_Sep_29_1128,59.9920218489,Exp13,001,022,
B,E,Stomach Ache,8,5,69,2,,,,,,,,,,,,,strawberry,mango,stomach ache,m,0.816905844607,,,,,,,,,,2017_Sep_29_1128,59.9920218489,Exp13,001,022,
A,D,Stomach Ache,8,6,70,1,,,,,,,,,,,,,orange,kiwi,stomach ache,m,0.716805264616,,,,,,,,,,2017_Sep_29_1128,59.9920218489,Exp13,001,022,
C,E,No Stomach Ache,8,7,71,3,,,,,,,,,,,,,apple,mango,no stomach ache,z,0.833656934614,,,,,,,,,,2017_Sep_29_1128,59.9920218489,Exp13,001,022,
F,I,Stomach Ache,9,0,72,5,,,,,,,,,,,,,plum,peach,stomach ache,m,0.70036984334,,,,,,,,,,2017_Sep_29_1128,59.9920218489,Exp13,001,022,
A,D,Stomach Ache,9,1,73,1,,,,,,,,,,,,,orange,kiwi,stomach ache,m,0.63366645365,,,,,,,,,,2017_Sep_29_1128,59.9920218489,Exp13,001,022,
B,E,Stomach Ache,9,2,74,2,,,,,,,,,,,,,strawberry,mango,stomach ache,m,0.950462759152,,,,,,,,,,2017_Sep_29_1128,59.9920218489,Exp13,001,022,
G,J,Stomach Ache,9,3,75,6,,,,,,,,,,,,,banana,pear,stomach ache,m,0.767032987031,,,,,,,,,,2017_Sep_29_1128,59.9920218489,Exp13,001,022,
A, ,Stomach Ache,9,4,76,0,,,,,,,,,,,,,orange,,stomach ache,m,2.03372125822,,,,,,,,,,2017_Sep_29_1128,59.9920218489,Exp13,001,022,
C,E,No Stomach Ache,9,5,77,3,,,,,,,,,,,,,apple,mango,stomach ache,m,0.550344610849,,,,,,,,,,2017_Sep_29_1128,59.9920218489,Exp13,001,022,
F, ,Stomach Ache,9,6,78,4,,,,,,,,,,,,,plum,,stomach ache,m,0.483662569051,,,,,,,,,,2017_Sep_29_1128,59.9920218489,Exp13,001,022,
H,J,No Stomach Ache,9,7,79,7,,,,,,,,,,,,,cherry,pear,no stomach ache,z,0.900357874518,,,,,,,,,,2017_Sep_29_1128,59.9920218489,Exp13,001,022,
F, ,Stomach Ache,10,0,80,4,,,,,,,,,,,,,plum,,stomach ache,m,0.73367429286,,,,,,,,,,2017_Sep_29_1128,59.9920218489,Exp13,001,022,
F,I,Stomach Ache,10,1,81,5,,,,,,,,,,,,,plum,peach,stomach ache,m,0.717062139127,,,,,,,,,,2017_Sep_29_1128,59.9920218489,Exp13,001,022,
C,E,No Stomach Ache,10,2,82,3,,,,,,,,,,,,,apple,mango,no stomach ache,z,1.96710046034,,,,,,,,,,2017_Sep_29_1128,59.9920218489,Exp13,001,022,
B,E,Stomach Ache,10,3,83,2,,,,,,,,,,,,,strawberry,mango,no stomach ache,z,0.65015436968,,,,,,,,,,2017_Sep_29_1128,59.9920218489,Exp13,001,022,
H,J,No Stomach Ache,10,4,84,7,,,,,,,,,,,,,cherry,pear,no stomach ache,z,0.733628797374,,,,,,,,,,2017_Sep_29_1128,59.9920218489,Exp13,001,022,
G,J,Stomach Ache,10,5,85,6,,,,,,,,,,,,,banana,pear,stomach ache,m,1.31702133318,,,,,,,,,,2017_Sep_29_1128,59.9920218489,Exp13,001,022,
A,D,Stomach Ache,10,6,86,1,,,,,,,,,,,,,orange,kiwi,stomach ache,m,0.533833947062,,,,,,,,,,2017_Sep_29_1128,59.9920218489,Exp13,001,022,
A, ,Stomach Ache,10,7,87,0,,,,,,,,,,,,,orange,,stomach ache,m,0.516991166165,,,,,,,,,,2017_Sep_29_1128,59.9920218489,Exp13,001,022,
A, ,Stomach Ache,11,0,88,0,,,,,,,,,,,,,orange,,stomach ache,m,0.53367506279,,,,,,,,,,2017_Sep_29_1128,59.9920218489,Exp13,001,022,
F,I,Stomach Ache,11,1,89,5,,,,,,,,,,,,,plum,peach,stomach ache,m,0.916983326955,,,,,,,,,,2017_Sep_29_1128,59.9920218489,Exp13,001,022,
C,E,No Stomach Ache,11,2,90,3,,,,,,,,,,,,,apple,mango,stomach ache,m,0.567154145014,,,,,,,,,,2017_Sep_29_1128,59.9920218489,Exp13,001,022,
F, ,Stomach Ache,11,3,91,4,,,,,,,,,,,,,plum,,stomach ache,m,0.583455879503,,,,,,,,,,2017_Sep_29_1128,59.9920218489,Exp13,001,022,
B,E,Stomach Ache,11,4,92,2,,,,,,,,,,,,,strawberry,mango,stomach ache,m,1.76688005219,,,,,,,,,,2017_Sep_29_1128,59.9920218489,Exp13,001,022,
G,J,Stomach Ache,11,5,93,6,,,,,,,,,,,,,banana,pear,stomach ache,m,0.750349440379,,,,,,,,,,2017_Sep_29_1128,59.9920218489,Exp13,001,022,
A,D,Stomach Ache,11,6,94,1,,,,,,,,,,,,,orange,kiwi,stomach ache,m,0.683681747149,,,,,,,,,,2017_Sep_29_1128,59.9920218489,Exp13,001,022,
H,J,No Stomach Ache,11,7,95,7,,,,,,,,,,,,,cherry,pear,no stomach ache,z,0.683666348661,,,,,,,,,,2017_Sep_29_1128,59.9920218489,Exp13,001,022,
D,C,Stomach Ache,,,,,0,0,0,0,,,,,,,,,kiwi,apple,stomach ache,,,m,1.65041684368,,,,,,,,2017_Sep_29_1128,59.9920218489,Exp13,001,022,
D,C,Stomach Ache,,,,,1,0,1,0,,,,,,,,,kiwi,apple,stomach ache,,,m,0.450762329448,,,,,,,,2017_Sep_29_1128,59.9920218489,Exp13,001,022,
D,C,Stomach Ache,,,,,2,0,2,0,,,,,,,,,kiwi,apple,stomach ache,,,m,2.01756930887,,,,,,,,2017_Sep_29_1128,59.9920218489,Exp13,001,022,
D,C,Stomach Ache,,,,,3,0,3,0,,,,,,,,,kiwi,apple,stomach ache,,,m,0.533922488277,,,,,,,,2017_Sep_29_1128,59.9920218489,Exp13,001,022,
D,C,Stomach Ache,,,,,4,0,4,0,,,,,,,,,kiwi,apple,stomach ache,,,m,0.450744481233,,,,,,,,2017_Sep_29_1128,59.9920218489,Exp13,001,022,
D,C,Stomach Ache,,,,,5,0,5,0,,,,,,,,,kiwi,apple,stomach ache,,,m,0.517215843924,,,,,,,,2017_Sep_29_1128,59.9920218489,Exp13,001,022,
,,,,,,,,,,,,,,,,,,,,,,,,,,space,1.7004086895,,,,,,2017_Sep_29_1128,59.9920218489,Exp13,001,022,
B, ,,,,,,,,,,0,0,0,1,,,,,strawberry,,,,,,,,,3,6.57,"[(None, 0.0), (u'3', 6.57)]",,,2017_Sep_29_1128,59.9920218489,Exp13,001,022,
I, ,,,,,,,,,,0,1,1,8,,,,,peach,,,,,,,,,6,2.77,"[(None, 0.0), (u'6', 2.77)]",,,2017_Sep_29_1128,59.9920218489,Exp13,001,022,
C, ,,,,,,,,,,0,2,2,2,,,,,apple,,,,,,,,,7,2.203,"[(None, 0.0), (u'7', 2.203)]",,,2017_Sep_29_1128,59.9920218489,Exp13,001,022,
A, ,,,,,,,,,,0,3,3,0,,,,,orange,,,,,,,,,8,4.303,"[(None, 0.0), (u'8', 4.303)]",,,2017_Sep_29_1128,59.9920218489,Exp13,001,022,
D, ,,,,,,,,,,0,4,4,3,,,,,kiwi,,,,,,,,,6,1.686,"[(None, 0.0), (u'6', 1.686)]",,,2017_Sep_29_1128,59.9920218489,Exp13,001,022,
D,H,,,,,,,,,,0,5,5,11,,,,,kiwi,cherry,,,,,,,,4,2.853,"[(None, 0.0), (u'4', 2.853)]",,,2017_Sep_29_1128,59.9920218489,Exp13,001,022,
F, ,,,,,,,,,,0,6,6,5,,,,,plum,,,,,,,,,10,1.453,"[(None, 0.0), (u'10', 1.453)]",,,2017_Sep_29_1128,59.9920218489,Exp13,001,022,
G, ,,,,,,,,,,0,7,7,6,,,,,banana,,,,,,,,,10,1.287,"[(None, 0.0), (u'10', 1.287)]",,,2017_Sep_29_1128,59.9920218489,Exp13,001,022,
J, ,,,,,,,,,,0,8,8,9,,,,,pear,,,,,,,,,0,1.32,"[(None, 0.0), (u'0', 1.32)]",,,2017_Sep_29_1128,59.9920218489,Exp13,001,022,
H, ,,,,,,,,,,0,9,9,7,,,,,cherry,,,,,,,,,0,1.053,"[(None, 0.0), (u'0', 1.053)]",,,2017_Sep_29_1128,59.9920218489,Exp13,001,022,
E, ,,,,,,,,,,0,10,10,4,,,,,mango,,,,,,,,,7,2.187,"[(None, 0.0), (u'7', 2.187)]",,,2017_Sep_29_1128,59.9920218489,Exp13,001,022,
I,C,,,,,,,,,,0,11,11,10,,,,,peach,apple,,,,,,,,8,2.27,"[(None, 0.0), (u'8', 2.27)]",,,2017_Sep_29_1128,59.9920218489,Exp13,001,022,
D, ,,,,,,,,,,1,0,12,3,,,,,kiwi,,,,,,,,,6,1.57,"[(None, 0.0), (u'6', 1.57)]",,,2017_Sep_29_1128,59.9920218489,Exp13,001,022,
A, ,,,,,,,,,,1,1,13,0,,,,,orange,,,,,,,,,6,1.32,"[(None, 0.0), (u'6', 1.32)]",,,2017_Sep_29_1128,59.9920218489,Exp13,001,022,
F, ,,,,,,,,,,1,2,14,5,,,,,plum,,,,,,,,,10,1.253,"[(None, 0.0), (u'10', 1.253)]",,,2017_Sep_29_1128,59.9920218489,Exp13,001,022,
I,C,,,,,,,,,,1,3,15,10,,,,,peach,apple,,,,,,,,6,1.87,"[(None, 0.0), (u'6', 1.87)]",,,2017_Sep_29_1128,59.9920218489,Exp13,001,022,
B, ,,,,,,,,,,1,4,16,1,,,,,strawberry,,,,,,,,,4,1.636,"[(None, 0.0), (u'4', 1.636)]",,,2017_Sep_29_1128,59.9920218489,Exp13,001,022,
I, ,,,,,,,,,,1,5,17,8,,,,,peach,,,,,,,,,7,2.003,"[(None, 0.0), (u'7', 2.003)]",,,2017_Sep_29_1128,59.9920218489,Exp13,001,022,
J, ,,,,,,,,,,1,6,18,9,,,,,pear,,,,,,,,,0,2.92,"[(None, 0.0), (u'0', 2.92)]",,,2017_Sep_29_1128,59.9920218489,Exp13,001,022,
G, ,,,,,,,,,,1,7,19,6,,,,,banana,,,,,,,,,7,2.036,"[(None, 0.0), (u'7', 2.036)]",,,2017_Sep_29_1128,59.9920218489,Exp13,001,022,
H, ,,,,,,,,,,1,8,20,7,,,,,cherry,,,,,,,,,0,1.42,"[(None, 0.0), (u'0', 1.42)]",,,2017_Sep_29_1128,59.9920218489,Exp13,001,022,
E, ,,,,,,,,,,1,9,21,4,,,,,mango,,,,,,,,,7,1.237,"[(None, 0.0), (u'7', 1.237)]",,,2017_Sep_29_1128,59.9920218489,Exp13,001,022,
C, ,,,,,,,,,,1,10,22,2,,,,,apple,,,,,,,,,6,2.253,"[(None, 0.0), (u'6', 2.253)]",,,2017_Sep_29_1128,59.9920218489,Exp13,001,022,
D,H,,,,,,,,,,1,11,23,11,,,,,kiwi,cherry,,,,,,,,4,1.82,"[(None, 0.0), (u'4', 1.82)]",,,2017_Sep_29_1128,59.9920218489,Exp13,001,022,
,,,,,,,,,,,,,,,,,,,,,,,,,,,,,,,space,2.33408494218,2017_Sep_29_1128,59.9920218489,Exp13,001,022,
