stim1,stim2,outcome,train_trials.thisRepN,train_trials.thisTrialN,train_trials.thisN,train_trials.thisIndex,train_trials2.thisRepN,train_trials2.thisTrialN,train_trials2.thisN,train_trials2.thisIndex,test_trials.thisRepN,test_trials.thisTrialN,test_trials.thisN,test_trials.thisIndex,start_exp.keys,start_exp.rt,start_exp2.keys,start_exp2.rt,stim.A,stim.B,pressed,key_ans.keys,key_ans.rt,key_answ.keys,key_answ.rt,start.keys,start.rt,rating.response,rating.rt,rating.history,exit_exp.keys,exit_exp.rt,date,frameRate,expName,session,participant,
,,,,,,,,,,,,,,,space,727.479209399,,,,,,,,,,,,,,,,,2017_Sep_29_1027,59.9768062199,Exp13,001,023,
,,,,,,,,,,,,,,,,,space,12.3329229399,,,,,,,,,,,,,,,2017_Sep_29_1027,59.9768062199,Exp13,001,023,
F, ,Stomach Ache,0,0,0,4,,,,,,,,,,,,,cherry,,no stomach ache,z,5.68780974174,,,,,,,,,,2017_Sep_29_1027,59.9768062199,Exp13,001,023,
G,J,Stomach Ache,0,1,1,6,,,,,,,,,,,,,plum,apple,no stomach ache,z,4.96668919281,,,,,,,,,,2017_Sep_29_1027,59.9768062199,Exp13,001,023,
C,E,No Stomach Ache,0,2,2,3,,,,,,,,,,,,,kiwi,mango,stomach ache,m,3.03139229395,,,,,,,,,,2017_Sep_29_1027,59.9768062199,Exp13,001,023,
H,J,No Stomach Ache,0,3,3,7,,,,,,,,,,,,,strawberry,apple,no stomach ache,z,5.43469198272,,,,,,,,,,2017_Sep_29_1027,59.9768062199,Exp13,001,023,
A, ,Stomach Ache,0,4,4,0,,,,,,,,,,,,,orange,,no stomach ache,z,1.45063223096,,,,,,,,,,2017_Sep_29_1027,59.9768062199,Exp13,001,023,
A,D,Stomach Ache,0,5,5,1,,,,,,,,,,,,,orange,banana,stomach ache,m,1.51924270173,,,,,,,,,,2017_Sep_29_1027,59.9768062199,Exp13,001,023,
B,E,Stomach Ache,0,6,6,2,,,,,,,,,,,,,pear,mango,stomach ache,m,1.78572425977,,,,,,,,,,2017_Sep_29_1027,59.9768062199,Exp13,001,023,
F,I,Stomach Ache,0,7,7,5,,,,,,,,,,,,,cherry,peach,no stomach ache,z,1.2662743782,,,,,,,,,,2017_Sep_29_1027,59.9768062199,Exp13,001,023,
G,J,Stomach Ache,1,0,8,6,,,,,,,,,,,,,plum,apple,stomach ache,m,1.5359714232,,,,,,,,,,2017_Sep_29_1027,59.9768062199,Exp13,001,023,
A,D,Stomach Ache,1,1,9,1,,,,,,,,,,,,,orange,banana,stomach ache,m,2.70020868466,,,,,,,,,,2017_Sep_29_1027,59.9768062199,Exp13,001,023,
H,J,No Stomach Ache,1,2,10,7,,,,,,,,,,,,,strawberry,apple,no stomach ache,z,6.76937245158,,,,,,,,,,2017_Sep_29_1027,59.9768062199,Exp13,001,023,
F, ,Stomach Ache,1,3,11,4,,,,,,,,,,,,,cherry,,stomach ache,m,0.952425281401,,,,,,,,,,2017_Sep_29_1027,59.9768062199,Exp13,001,023,
B,E,Stomach Ache,1,4,12,2,,,,,,,,,,,,,pear,mango,stomach ache,m,0.754678432044,,,,,,,,,,2017_Sep_29_1027,59.9768062199,Exp13,001,023,
C,E,No Stomach Ache,1,5,13,3,,,,,,,,,,,,,kiwi,mango,stomach ache,m,1.18583190927,,,,,,,,,,2017_Sep_29_1027,59.9768062199,Exp13,001,023,
F,I,Stomach Ache,1,6,14,5,,,,,,,,,,,,,cherry,peach,stomach ache,m,0.969187249604,,,,,,,,,,2017_Sep_29_1027,59.9768062199,Exp13,001,023,
A, ,Stomach Ache,1,7,15,0,,,,,,,,,,,,,orange,,no stomach ache,z,0.836157500045,,,,,,,,,,2017_Sep_29_1027,59.9768062199,Exp13,001,023,
F, ,Stomach Ache,2,0,16,4,,,,,,,,,,,,,cherry,,stomach ache,m,0.621741073497,,,,,,,,,,2017_Sep_29_1027,59.9768062199,Exp13,001,023,
B,E,Stomach Ache,2,1,17,2,,,,,,,,,,,,,pear,mango,stomach ache,m,1.1497700199,,,,,,,,,,2017_Sep_29_1027,59.9768062199,Exp13,001,023,
G,J,Stomach Ache,2,2,18,6,,,,,,,,,,,,,plum,apple,stomach ache,m,1.57179113611,,,,,,,,,,2017_Sep_29_1027,59.9768062199,Exp13,001,023,
A, ,Stomach Ache,2,3,19,0,,,,,,,,,,,,,orange,,stomach ache,m,1.0046975927,,,,,,,,,,2017_Sep_29_1027,59.9768062199,Exp13,001,023,
H,J,No Stomach Ache,2,4,20,7,,,,,,,,,,,,,strawberry,apple,no stomach ache,z,1.8484675517,,,,,,,,,,2017_Sep_29_1027,59.9768062199,Exp13,001,023,
F,I,Stomach Ache,2,5,21,5,,,,,,,,,,,,,cherry,peach,stomach ache,m,0.851376818464,,,,,,,,,,2017_Sep_29_1027,59.9768062199,Exp13,001,023,
A,D,Stomach Ache,2,6,22,1,,,,,,,,,,,,,orange,banana,stomach ache,m,1.10216520421,,,,,,,,,,2017_Sep_29_1027,59.9768062199,Exp13,001,023,
C,E,No Stomach Ache,2,7,23,3,,,,,,,,,,,,,kiwi,mango,stomach ache,m,1.61611187152,,,,,,,,,,2017_Sep_29_1027,59.9768062199,Exp13,001,023,
H,J,No Stomach Ache,3,0,24,7,,,,,,,,,,,,,strawberry,apple,no stomach ache,z,1.4843440991,,,,,,,,,,2017_Sep_29_1027,59.9768062199,Exp13,001,023,
F,I,Stomach Ache,3,1,25,5,,,,,,,,,,,,,cherry,peach,stomach ache,m,0.652347693947,,,,,,,,,,2017_Sep_29_1027,59.9768062199,Exp13,001,023,
A,D,Stomach Ache,3,2,26,1,,,,,,,,,,,,,orange,banana,stomach ache,m,0.968485917896,,,,,,,,,,2017_Sep_29_1027,59.9768062199,Exp13,001,023,
G,J,Stomach Ache,3,3,27,6,,,,,,,,,,,,,plum,apple,no stomach ache,z,1.01891215891,,,,,,,,,,2017_Sep_29_1027,59.9768062199,Exp13,001,023,
B,E,Stomach Ache,3,4,28,2,,,,,,,,,,,,,pear,mango,no stomach ache,z,1.05018161482,,,,,,,,,,2017_Sep_29_1027,59.9768062199,Exp13,001,023,
F, ,Stomach Ache,3,5,29,4,,,,,,,,,,,,,cherry,,stomach ache,m,0.833726636716,,,,,,,,,,2017_Sep_29_1027,59.9768062199,Exp13,001,023,
A, ,Stomach Ache,3,6,30,0,,,,,,,,,,,,,orange,,stomach ache,m,0.95024674348,,,,,,,,,,2017_Sep_29_1027,59.9768062199,Exp13,001,023,
C,E,No Stomach Ache,3,7,31,3,,,,,,,,,,,,,kiwi,mango,stomach ache,m,1.46576370791,,,,,,,,,,2017_Sep_29_1027,59.9768062199,Exp13,001,023,
A,D,Stomach Ache,4,0,32,1,,,,,,,,,,,,,orange,banana,stomach ache,m,0.816089753673,,,,,,,,,,2017_Sep_29_1027,59.9768062199,Exp13,001,023,
G,J,Stomach Ache,4,1,33,6,,,,,,,,,,,,,plum,apple,stomach ache,m,1.4502157715,,,,,,,,,,2017_Sep_29_1027,59.9768062199,Exp13,001,023,
F,I,Stomach Ache,4,2,34,5,,,,,,,,,,,,,cherry,peach,stomach ache,m,0.735671432369,,,,,,,,,,2017_Sep_29_1027,59.9768062199,Exp13,001,023,
B,E,Stomach Ache,4,3,35,2,,,,,,,,,,,,,pear,mango,stomach ache,m,1.58327946774,,,,,,,,,,2017_Sep_29_1027,59.9768062199,Exp13,001,023,
C,E,No Stomach Ache,4,4,36,3,,,,,,,,,,,,,kiwi,mango,no stomach ache,z,1.63593989125,,,,,,,,,,2017_Sep_29_1027,59.9768062199,Exp13,001,023,
H,J,No Stomach Ache,4,5,37,7,,,,,,,,,,,,,strawberry,apple,no stomach ache,z,0.682332774886,,,,,,,,,,2017_Sep_29_1027,59.9768062199,Exp13,001,023,
F, ,Stomach Ache,4,6,38,4,,,,,,,,,,,,,cherry,,stomach ache,m,0.653480183712,,,,,,,,,,2017_Sep_29_1027,59.9768062199,Exp13,001,023,
A, ,Stomach Ache,4,7,39,0,,,,,,,,,,,,,orange,,stomach ache,m,1.15021377668,,,,,,,,,,2017_Sep_29_1027,59.9768062199,Exp13,001,023,
F, ,Stomach Ache,5,0,40,4,,,,,,,,,,,,,cherry,,stomach ache,m,0.68821850192,,,,,,,,,,2017_Sep_29_1027,59.9768062199,Exp13,001,023,
C,E,No Stomach Ache,5,1,41,3,,,,,,,,,,,,,kiwi,mango,no stomach ache,z,1.39893631355,,,,,,,,,,2017_Sep_29_1027,59.9768062199,Exp13,001,023,
F,I,Stomach Ache,5,2,42,5,,,,,,,,,,,,,cherry,peach,stomach ache,m,0.934903187182,,,,,,,,,,2017_Sep_29_1027,59.9768062199,Exp13,001,023,
A,D,Stomach Ache,5,3,43,1,,,,,,,,,,,,,orange,banana,stomach ache,m,0.898889943055,,,,,,,,,,2017_Sep_29_1027,59.9768062199,Exp13,001,023,
A, ,Stomach Ache,5,4,44,0,,,,,,,,,,,,,orange,,stomach ache,m,0.566891263123,,,,,,,,,,2017_Sep_29_1027,59.9768062199,Exp13,001,023,
H,J,No Stomach Ache,5,5,45,7,,,,,,,,,,,,,strawberry,apple,no stomach ache,z,0.830794272188,,,,,,,,,,2017_Sep_29_1027,59.9768062199,Exp13,001,023,
B,E,Stomach Ache,5,6,46,2,,,,,,,,,,,,,pear,mango,stomach ache,m,1.48785565724,,,,,,,,,,2017_Sep_29_1027,59.9768062199,Exp13,001,023,
G,J,Stomach Ache,5,7,47,6,,,,,,,,,,,,,plum,apple,stomach ache,m,1.41595480681,,,,,,,,,,2017_Sep_29_1027,59.9768062199,Exp13,001,023,
G,J,Stomach Ache,6,0,48,6,,,,,,,,,,,,,plum,apple,stomach ache,m,0.669990176451,,,,,,,,,,2017_Sep_29_1027,59.9768062199,Exp13,001,023,
B,E,Stomach Ache,6,1,49,2,,,,,,,,,,,,,pear,mango,stomach ache,m,2.11612149555,,,,,,,,,,2017_Sep_29_1027,59.9768062199,Exp13,001,023,
A, ,Stomach Ache,6,2,50,0,,,,,,,,,,,,,orange,,stomach ache,m,0.871471512248,,,,,,,,,,2017_Sep_29_1027,59.9768062199,Exp13,001,023,
C,E,No Stomach Ache,6,3,51,3,,,,,,,,,,,,,kiwi,mango,no stomach ache,z,9.76634454637,,,,,,,,,,2017_Sep_29_1027,59.9768062199,Exp13,001,023,
A,D,Stomach Ache,6,4,52,1,,,,,,,,,,,,,orange,banana,stomach ache,m,1.66547176635,,,,,,,,,,2017_Sep_29_1027,59.9768062199,Exp13,001,023,
H,J,No Stomach Ache,6,5,53,7,,,,,,,,,,,,,strawberry,apple,no stomach ache,z,0.746668061882,,,,,,,,,,2017_Sep_29_1027,59.9768062199,Exp13,001,023,
F,I,Stomach Ache,6,6,54,5,,,,,,,,,,,,,cherry,peach,stomach ache,m,3.40390617974,,,,,,,,,,2017_Sep_29_1027,59.9768062199,Exp13,001,023,
F, ,Stomach Ache,6,7,55,4,,,,,,,,,,,,,cherry,,stomach ache,m,0.568949412787,,,,,,,,,,2017_Sep_29_1027,59.9768062199,Exp13,001,023,
F, ,Stomach Ache,7,0,56,4,,,,,,,,,,,,,cherry,,stomach ache,m,0.617396946414,,,,,,,,,,2017_Sep_29_1027,59.9768062199,Exp13,001,023,
C,E,No Stomach Ache,7,1,57,3,,,,,,,,,,,,,kiwi,mango,no stomach ache,z,1.23338737973,,,,,,,,,,2017_Sep_29_1027,59.9768062199,Exp13,001,023,
A, ,Stomach Ache,7,2,58,0,,,,,,,,,,,,,orange,,stomach ache,m,0.733568487107,,,,,,,,,,2017_Sep_29_1027,59.9768062199,Exp13,001,023,
B,E,Stomach Ache,7,3,59,2,,,,,,,,,,,,,pear,mango,stomach ache,m,2.18016176127,,,,,,,,,,2017_Sep_29_1027,59.9768062199,Exp13,001,023,
F,I,Stomach Ache,7,4,60,5,,,,,,,,,,,,,cherry,peach,stomach ache,m,2.76587839171,,,,,,,,,,2017_Sep_29_1027,59.9768062199,Exp13,001,023,
A,D,Stomach Ache,7,5,61,1,,,,,,,,,,,,,orange,banana,stomach ache,m,1.86654574177,,,,,,,,,,2017_Sep_29_1027,59.9768062199,Exp13,001,023,
G,J,Stomach Ache,7,6,62,6,,,,,,,,,,,,,plum,apple,stomach ache,m,1.30469223819,,,,,,,,,,2017_Sep_29_1027,59.9768062199,Exp13,001,023,
H,J,No Stomach Ache,7,7,63,7,,,,,,,,,,,,,strawberry,apple,no stomach ache,z,0.88342214888,,,,,,,,,,2017_Sep_29_1027,59.9768062199,Exp13,001,023,
A,D,Stomach Ache,8,0,64,1,,,,,,,,,,,,,orange,banana,stomach ache,m,1.98497491269,,,,,,,,,,2017_Sep_29_1027,59.9768062199,Exp13,001,023,
H,J,No Stomach Ache,8,1,65,7,,,,,,,,,,,,,strawberry,apple,no stomach ache,z,2.18615632769,,,,,,,,,,2017_Sep_29_1027,59.9768062199,Exp13,001,023,
F, ,Stomach Ache,8,2,66,4,,,,,,,,,,,,,cherry,,stomach ache,m,3.95234303939,,,,,,,,,,2017_Sep_29_1027,59.9768062199,Exp13,001,023,
C,E,No Stomach Ache,8,3,67,3,,,,,,,,,,,,,kiwi,mango,no stomach ache,z,1.2037001198,,,,,,,,,,2017_Sep_29_1027,59.9768062199,Exp13,001,023,
G,J,Stomach Ache,8,4,68,6,,,,,,,,,,,,,plum,apple,stomach ache,m,1.09962515149,,,,,,,,,,2017_Sep_29_1027,59.9768062199,Exp13,001,023,
A, ,Stomach Ache,8,5,69,0,,,,,,,,,,,,,orange,,stomach ache,m,1.7838480924,,,,,,,,,,2017_Sep_29_1027,59.9768062199,Exp13,001,023,
F,I,Stomach Ache,8,6,70,5,,,,,,,,,,,,,cherry,peach,stomach ache,m,2.06664366223,,,,,,,,,,2017_Sep_29_1027,59.9768062199,Exp13,001,023,
B,E,Stomach Ache,8,7,71,2,,,,,,,,,,,,,pear,mango,stomach ache,m,1.76482044472,,,,,,,,,,2017_Sep_29_1027,59.9768062199,Exp13,001,023,
B,E,Stomach Ache,9,0,72,2,,,,,,,,,,,,,pear,mango,stomach ache,m,1.03932567165,,,,,,,,,,2017_Sep_29_1027,59.9768062199,Exp13,001,023,
A,D,Stomach Ache,9,1,73,1,,,,,,,,,,,,,orange,banana,stomach ache,m,1.04794918213,,,,,,,,,,2017_Sep_29_1027,59.9768062199,Exp13,001,023,
A, ,Stomach Ache,9,2,74,0,,,,,,,,,,,,,orange,,stomach ache,m,1.0359201532,,,,,,,,,,2017_Sep_29_1027,59.9768062199,Exp13,001,023,
C,E,No Stomach Ache,9,3,75,3,,,,,,,,,,,,,kiwi,mango,no stomach ache,z,2.89888154386,,,,,,,,,,2017_Sep_29_1027,59.9768062199,Exp13,001,023,
F,I,Stomach Ache,9,4,76,5,,,,,,,,,,,,,cherry,peach,stomach ache,m,2.16876337089,,,,,,,,,,2017_Sep_29_1027,59.9768062199,Exp13,001,023,
G,J,Stomach Ache,9,5,77,6,,,,,,,,,,,,,plum,apple,stomach ache,m,0.885578288959,,,,,,,,,,2017_Sep_29_1027,59.9768062199,Exp13,001,023,
F, ,Stomach Ache,9,6,78,4,,,,,,,,,,,,,cherry,,stomach ache,m,0.650100212748,,,,,,,,,,2017_Sep_29_1027,59.9768062199,Exp13,001,023,
H,J,No Stomach Ache,9,7,79,7,,,,,,,,,,,,,strawberry,apple,no stomach ache,z,0.999989500997,,,,,,,,,,2017_Sep_29_1027,59.9768062199,Exp13,001,023,
F,I,Stomach Ache,10,0,80,5,,,,,,,,,,,,,cherry,peach,stomach ache,m,4.34889328523,,,,,,,,,,2017_Sep_29_1027,59.9768062199,Exp13,001,023,
B,E,Stomach Ache,10,1,81,2,,,,,,,,,,,,,pear,mango,stomach ache,m,1.16693479891,,,,,,,,,,2017_Sep_29_1027,59.9768062199,Exp13,001,023,
F, ,Stomach Ache,10,2,82,4,,,,,,,,,,,,,cherry,,stomach ache,m,1.15249520459,,,,,,,,,,2017_Sep_29_1027,59.9768062199,Exp13,001,023,
A,D,Stomach Ache,10,3,83,1,,,,,,,,,,,,,orange,banana,stomach ache,m,1.09850911013,,,,,,,,,,2017_Sep_29_1027,59.9768062199,Exp13,001,023,
G,J,Stomach Ache,10,4,84,6,,,,,,,,,,,,,plum,apple,stomach ache,m,0.94912755242,,,,,,,,,,2017_Sep_29_1027,59.9768062199,Exp13,001,023,
A, ,Stomach Ache,10,5,85,0,,,,,,,,,,,,,orange,,stomach ache,m,3.93809557639,,,,,,,,,,2017_Sep_29_1027,59.9768062199,Exp13,001,023,
C,E,No Stomach Ache,10,6,86,3,,,,,,,,,,,,,kiwi,mango,no stomach ache,z,1.78675000989,,,,,,,,,,2017_Sep_29_1027,59.9768062199,Exp13,001,023,
H,J,No Stomach Ache,10,7,87,7,,,,,,,,,,,,,strawberry,apple,no stomach ache,z,0.934967930865,,,,,,,,,,2017_Sep_29_1027,59.9768062199,Exp13,001,023,
C,E,No Stomach Ache,11,0,88,3,,,,,,,,,,,,,kiwi,mango,no stomach ache,z,0.964659390418,,,,,,,,,,2017_Sep_29_1027,59.9768062199,Exp13,001,023,
A, ,Stomach Ache,11,1,89,0,,,,,,,,,,,,,orange,,stomach ache,m,0.585916111071,,,,,,,,,,2017_Sep_29_1027,59.9768062199,Exp13,001,023,
A,D,Stomach Ache,11,2,90,1,,,,,,,,,,,,,orange,banana,stomach ache,m,0.733552388672,,,,,,,,,,2017_Sep_29_1027,59.9768062199,Exp13,001,023,
G,J,Stomach Ache,11,3,91,6,,,,,,,,,,,,,plum,apple,no stomach ache,z,0.899585325387,,,,,,,,,,2017_Sep_29_1027,59.9768062199,Exp13,001,023,
H,J,No Stomach Ache,11,4,92,7,,,,,,,,,,,,,strawberry,apple,no stomach ache,z,0.800432627875,,,,,,,,,,2017_Sep_29_1027,59.9768062199,Exp13,001,023,
F,I,Stomach Ache,11,5,93,5,,,,,,,,,,,,,cherry,peach,stomach ache,m,0.748866197857,,,,,,,,,,2017_Sep_29_1027,59.9768062199,Exp13,001,023,
F, ,Stomach Ache,11,6,94,4,,,,,,,,,,,,,cherry,,stomach ache,m,0.685709246231,,,,,,,,,,2017_Sep_29_1027,59.9768062199,Exp13,001,023,
B,E,Stomach Ache,11,7,95,2,,,,,,,,,,,,,pear,mango,stomach ache,m,2.51822780052,,,,,,,,,,2017_Sep_29_1027,59.9768062199,Exp13,001,023,
D,C,Stomach Ache,,,,,0,0,0,0,,,,,,,,,banana,kiwi,no stomach ache,,,z,2.20016126431,,,,,,,,2017_Sep_29_1027,59.9768062199,Exp13,001,023,
D,C,Stomach Ache,,,,,1,0,1,0,,,,,,,,,banana,kiwi,stomach ache,,,m,0.817049710226,,,,,,,,2017_Sep_29_1027,59.9768062199,Exp13,001,023,
D,C,Stomach Ache,,,,,2,0,2,0,,,,,,,,,banana,kiwi,stomach ache,,,m,0.838582763972,,,,,,,,2017_Sep_29_1027,59.9768062199,Exp13,001,023,
D,C,Stomach Ache,,,,,3,0,3,0,,,,,,,,,banana,kiwi,stomach ache,,,m,0.50511002753,,,,,,,,2017_Sep_29_1027,59.9768062199,Exp13,001,023,
D,C,Stomach Ache,,,,,4,0,4,0,,,,,,,,,banana,kiwi,stomach ache,,,m,0.600230767537,,,,,,,,2017_Sep_29_1027,59.9768062199,Exp13,001,023,
D,C,Stomach Ache,,,,,5,0,5,0,,,,,,,,,banana,kiwi,stomach ache,,,m,0.419489112741,,,,,,,,2017_Sep_29_1027,59.9768062199,Exp13,001,023,
,,,,,,,,,,,,,,,,,,,,,,,,,,space,3.18352038431,,,,,,2017_Sep_29_1027,59.9768062199,Exp13,001,023,
J, ,,,,,,,,,,0,0,0,9,,,,,apple,,,,,,,,,5,13.902,"[(None, 0.0), (u'5', 13.902)]",,,2017_Sep_29_1027,59.9768062199,Exp13,001,023,
I, ,,,,,,,,,,0,1,1,8,,,,,peach,,,,,,,,,5,2.771,"[(None, 0.0), (u'5', 2.771)]",,,2017_Sep_29_1027,59.9768062199,Exp13,001,023,
H, ,,,,,,,,,,0,2,2,7,,,,,strawberry,,,,,,,,,0,2.392,"[(None, 0.0), (u'0', 2.392)]",,,2017_Sep_29_1027,59.9768062199,Exp13,001,023,
D,H,,,,,,,,,,0,3,3,11,,,,,banana,strawberry,,,,,,,,10,8.703,"[(None, 0.0), (u'10', 8.703)]",,,2017_Sep_29_1027,59.9768062199,Exp13,001,023,
F, ,,,,,,,,,,0,4,4,5,,,,,cherry,,,,,,,,,10,1.003,"[(None, 0.0), (u'10', 1.003)]",,,2017_Sep_29_1027,59.9768062199,Exp13,001,023,
G, ,,,,,,,,,,0,5,5,6,,,,,plum,,,,,,,,,10,1.757,"[(None, 0.0), (u'10', 1.757)]",,,2017_Sep_29_1027,59.9768062199,Exp13,001,023,
D, ,,,,,,,,,,0,6,6,3,,,,,banana,,,,,,,,,10,1.52,"[(None, 0.0), (u'10', 1.52)]",,,2017_Sep_29_1027,59.9768062199,Exp13,001,023,
I,C,,,,,,,,,,0,7,7,10,,,,,peach,kiwi,,,,,,,,5,4.503,"[(None, 0.0), (u'5', 4.503)]",,,2017_Sep_29_1027,59.9768062199,Exp13,001,023,
B, ,,,,,,,,,,0,8,8,1,,,,,pear,,,,,,,,,10,3.087,"[(None, 0.0), (u'10', 3.087)]",,,2017_Sep_29_1027,59.9768062199,Exp13,001,023,
A, ,,,,,,,,,,0,9,9,0,,,,,orange,,,,,,,,,10,0.87,"[(None, 0.0), (u'10', 0.87)]",,,2017_Sep_29_1027,59.9768062199,Exp13,001,023,
C, ,,,,,,,,,,0,10,10,2,,,,,kiwi,,,,,,,,,0,1.509,"[(None, 0.0), (u'0', 1.509)]",,,2017_Sep_29_1027,59.9768062199,Exp13,001,023,
E, ,,,,,,,,,,0,11,11,4,,,,,mango,,,,,,,,,5,3.47,"[(None, 0.0), (u'5', 3.47)]",,,2017_Sep_29_1027,59.9768062199,Exp13,001,023,
D,H,,,,,,,,,,1,0,12,11,,,,,banana,strawberry,,,,,,,,10,2.005,"[(None, 0.0), (u'10', 2.005)]",,,2017_Sep_29_1027,59.9768062199,Exp13,001,023,
A, ,,,,,,,,,,1,1,13,0,,,,,orange,,,,,,,,,10,1.836,"[(None, 0.0), (u'10', 1.836)]",,,2017_Sep_29_1027,59.9768062199,Exp13,001,023,
D, ,,,,,,,,,,1,2,14,3,,,,,banana,,,,,,,,,10,0.876,"[(None, 0.0), (u'10', 0.876)]",,,2017_Sep_29_1027,59.9768062199,Exp13,001,023,
I, ,,,,,,,,,,1,3,15,8,,,,,peach,,,,,,,,,5,1.687,"[(None, 0.0), (u'5', 1.687)]",,,2017_Sep_29_1027,59.9768062199,Exp13,001,023,
B, ,,,,,,,,,,1,4,16,1,,,,,pear,,,,,,,,,10,2.186,"[(None, 0.0), (u'10', 2.186)]",,,2017_Sep_29_1027,59.9768062199,Exp13,001,023,
G, ,,,,,,,,,,1,5,17,6,,,,,plum,,,,,,,,,10,0.909,"[(None, 0.0), (u'10', 0.909)]",,,2017_Sep_29_1027,59.9768062199,Exp13,001,023,
H, ,,,,,,,,,,1,6,18,7,,,,,strawberry,,,,,,,,,0,1.603,"[(None, 0.0), (u'0', 1.603)]",,,2017_Sep_29_1027,59.9768062199,Exp13,001,023,
I,C,,,,,,,,,,1,7,19,10,,,,,peach,kiwi,,,,,,,,5,2.507,"[(None, 0.0), (u'5', 2.507)]",,,2017_Sep_29_1027,59.9768062199,Exp13,001,023,
J, ,,,,,,,,,,1,8,20,9,,,,,apple,,,,,,,,,5,2.603,"[(None, 0.0), (u'5', 2.603)]",,,2017_Sep_29_1027,59.9768062199,Exp13,001,023,
F, ,,,,,,,,,,1,9,21,5,,,,,cherry,,,,,,,,,10,2.222,"[(None, 0.0), (u'10', 2.222)]",,,2017_Sep_29_1027,59.9768062199,Exp13,001,023,
E, ,,,,,,,,,,1,10,22,4,,,,,mango,,,,,,,,,5,2.342,"[(None, 0.0), (u'5', 2.342)]",,,2017_Sep_29_1027,59.9768062199,Exp13,001,023,
C, ,,,,,,,,,,1,11,23,2,,,,,kiwi,,,,,,,,,0,1.172,"[(None, 0.0), (u'0', 1.172)]",,,2017_Sep_29_1027,59.9768062199,Exp13,001,023,
,,,,,,,,,,,,,,,,,,,,,,,,,,,,,,,space,2.56669388237,2017_Sep_29_1027,59.9768062199,Exp13,001,023,
