stim1,stim2,outcome,train_trials.thisRepN,train_trials.thisTrialN,train_trials.thisN,train_trials.thisIndex,train_trials2.thisRepN,train_trials2.thisTrialN,train_trials2.thisN,train_trials2.thisIndex,test_trials.thisRepN,test_trials.thisTrialN,test_trials.thisN,test_trials.thisIndex,start_exp.keys,start_exp.rt,start_exp2.keys,start_exp2.rt,stim.A,stim.B,pressed,key_ans.keys,key_ans.rt,key_answ.keys,key_answ.rt,start.keys,start.rt,rating.response,rating.rt,rating.history,exit_exp.keys,exit_exp.rt,date,frameRate,expName,session,participant,
,,,,,,,,,,,,,,,space,759.160181226,,,,,,,,,,,,,,,,,2017_Sep_29_1141,59.9855988774,Exp13,001,024,
,,,,,,,,,,,,,,,,,space,2.21708138724,,,,,,,,,,,,,,,2017_Sep_29_1141,59.9855988774,Exp13,001,024,
F, ,Stomach Ache,0,0,0,4,,,,,,,,,,,,,peach,,no stomach ache,z,3.86728370219,,,,,,,,,,2017_Sep_29_1141,59.9855988774,Exp13,001,024,
G,J,Stomach Ache,0,1,1,6,,,,,,,,,,,,,kiwi,pear,no stomach ache,z,4.9504561098,,,,,,,,,,2017_Sep_29_1141,59.9855988774,Exp13,001,024,
F,I,Stomach Ache,0,2,2,5,,,,,,,,,,,,,peach,orange,stomach ache,m,1.95054500099,,,,,,,,,,2017_Sep_29_1141,59.9855988774,Exp13,001,024,
C,E,No Stomach Ache,0,3,3,3,,,,,,,,,,,,,plum,banana,no stomach ache,z,4.76744349636,,,,,,,,,,2017_Sep_29_1141,59.9855988774,Exp13,001,024,
A, ,Stomach Ache,0,4,4,0,,,,,,,,,,,,,mango,,no stomach ache,z,2.66713153728,,,,,,,,,,2017_Sep_29_1141,59.9855988774,Exp13,001,024,
A,D,Stomach Ache,0,5,5,1,,,,,,,,,,,,,mango,cherry,stomach ache,m,4.03397743285,,,,,,,,,,2017_Sep_29_1141,59.9855988774,Exp13,001,024,
B,E,Stomach Ache,0,6,6,2,,,,,,,,,,,,,strawberry,banana,no stomach ache,z,3.91700992431,,,,,,,,,,2017_Sep_29_1141,59.9855988774,Exp13,001,024,
H,J,No Stomach Ache,0,7,7,7,,,,,,,,,,,,,apple,pear,stomach ache,m,2.21708768661,,,,,,,,,,2017_Sep_29_1141,59.9855988774,Exp13,001,024,
F,I,Stomach Ache,1,0,8,5,,,,,,,,,,,,,peach,orange,stomach ache,m,1.75049607584,,,,,,,,,,2017_Sep_29_1141,59.9855988774,Exp13,001,024,
F, ,Stomach Ache,1,1,9,4,,,,,,,,,,,,,peach,,stomach ache,m,1.18369294604,,,,,,,,,,2017_Sep_29_1141,59.9855988774,Exp13,001,024,
B,E,Stomach Ache,1,2,10,2,,,,,,,,,,,,,strawberry,banana,stomach ache,m,4.267063434,,,,,,,,,,2017_Sep_29_1141,59.9855988774,Exp13,001,024,
A,D,Stomach Ache,1,3,11,1,,,,,,,,,,,,,mango,cherry,stomach ache,m,1.58348422672,,,,,,,,,,2017_Sep_29_1141,59.9855988774,Exp13,001,024,
C,E,No Stomach Ache,1,4,12,3,,,,,,,,,,,,,plum,banana,stomach ache,m,4.35047101832,,,,,,,,,,2017_Sep_29_1141,59.9855988774,Exp13,001,024,
A, ,Stomach Ache,1,5,13,0,,,,,,,,,,,,,mango,,stomach ache,m,0.833560694155,,,,,,,,,,2017_Sep_29_1141,59.9855988774,Exp13,001,024,
H,J,No Stomach Ache,1,6,14,7,,,,,,,,,,,,,apple,pear,no stomach ache,z,1.41690108512,,,,,,,,,,2017_Sep_29_1141,59.9855988774,Exp13,001,024,
G,J,Stomach Ache,1,7,15,6,,,,,,,,,,,,,kiwi,pear,no stomach ache,z,2.25053352214,,,,,,,,,,2017_Sep_29_1141,59.9855988774,Exp13,001,024,
G,J,Stomach Ache,2,0,16,6,,,,,,,,,,,,,kiwi,pear,stomach ache,m,0.766959844274,,,,,,,,,,2017_Sep_29_1141,59.9855988774,Exp13,001,024,
H,J,No Stomach Ache,2,1,17,7,,,,,,,,,,,,,apple,pear,no stomach ache,z,1.18367019828,,,,,,,,,,2017_Sep_29_1141,59.9855988774,Exp13,001,024,
C,E,No Stomach Ache,2,2,18,3,,,,,,,,,,,,,plum,banana,stomach ache,m,1.36709787059,,,,,,,,,,2017_Sep_29_1141,59.9855988774,Exp13,001,024,
F, ,Stomach Ache,2,3,19,4,,,,,,,,,,,,,peach,,stomach ache,m,0.683566258609,,,,,,,,,,2017_Sep_29_1141,59.9855988774,Exp13,001,024,
A, ,Stomach Ache,2,4,20,0,,,,,,,,,,,,,mango,,stomach ache,m,0.816924742772,,,,,,,,,,2017_Sep_29_1141,59.9855988774,Exp13,001,024,
A,D,Stomach Ache,2,5,21,1,,,,,,,,,,,,,mango,cherry,stomach ache,m,1.0002897713,,,,,,,,,,2017_Sep_29_1141,59.9855988774,Exp13,001,024,
B,E,Stomach Ache,2,6,22,2,,,,,,,,,,,,,strawberry,banana,stomach ache,m,1.11684817035,,,,,,,,,,2017_Sep_29_1141,59.9855988774,Exp13,001,024,
F,I,Stomach Ache,2,7,23,5,,,,,,,,,,,,,peach,orange,stomach ache,m,2.83372587775,,,,,,,,,,2017_Sep_29_1141,59.9855988774,Exp13,001,024,
F,I,Stomach Ache,3,0,24,5,,,,,,,,,,,,,peach,orange,stomach ache,m,0.766966493626,,,,,,,,,,2017_Sep_29_1141,59.9855988774,Exp13,001,024,
G,J,Stomach Ache,3,1,25,6,,,,,,,,,,,,,kiwi,pear,stomach ache,m,0.833617738506,,,,,,,,,,2017_Sep_29_1141,59.9855988774,Exp13,001,024,
A, ,Stomach Ache,3,2,26,0,,,,,,,,,,,,,mango,,stomach ache,m,0.63359681057,,,,,,,,,,2017_Sep_29_1141,59.9855988774,Exp13,001,024,
H,J,No Stomach Ache,3,3,27,7,,,,,,,,,,,,,apple,pear,stomach ache,m,2.21702049326,,,,,,,,,,2017_Sep_29_1141,59.9855988774,Exp13,001,024,
F, ,Stomach Ache,3,4,28,4,,,,,,,,,,,,,peach,,stomach ache,m,0.716983396967,,,,,,,,,,2017_Sep_29_1141,59.9855988774,Exp13,001,024,
B,E,Stomach Ache,3,5,29,2,,,,,,,,,,,,,strawberry,banana,stomach ache,m,1.1170291024,,,,,,,,,,2017_Sep_29_1141,59.9855988774,Exp13,001,024,
C,E,No Stomach Ache,3,6,30,3,,,,,,,,,,,,,plum,banana,no stomach ache,z,1.1004631441,,,,,,,,,,2017_Sep_29_1141,59.9855988774,Exp13,001,024,
A,D,Stomach Ache,3,7,31,1,,,,,,,,,,,,,mango,cherry,stomach ache,m,0.817050030368,,,,,,,,,,2017_Sep_29_1141,59.9855988774,Exp13,001,024,
A, ,Stomach Ache,4,0,32,0,,,,,,,,,,,,,mango,,stomach ache,m,0.983681467187,,,,,,,,,,2017_Sep_29_1141,59.9855988774,Exp13,001,024,
A,D,Stomach Ache,4,1,33,1,,,,,,,,,,,,,mango,cherry,stomach ache,m,0.800379082415,,,,,,,,,,2017_Sep_29_1141,59.9855988774,Exp13,001,024,
B,E,Stomach Ache,4,2,34,2,,,,,,,,,,,,,strawberry,banana,no stomach ache,z,2.0337720032,,,,,,,,,,2017_Sep_29_1141,59.9855988774,Exp13,001,024,
F, ,Stomach Ache,4,3,35,4,,,,,,,,,,,,,peach,,stomach ache,m,0.666929957253,,,,,,,,,,2017_Sep_29_1141,59.9855988774,Exp13,001,024,
G,J,Stomach Ache,4,4,36,6,,,,,,,,,,,,,kiwi,pear,stomach ache,m,3.38382096335,,,,,,,,,,2017_Sep_29_1141,59.9855988774,Exp13,001,024,
F,I,Stomach Ache,4,5,37,5,,,,,,,,,,,,,peach,orange,stomach ache,m,2.78388661685,,,,,,,,,,2017_Sep_29_1141,59.9855988774,Exp13,001,024,
C,E,No Stomach Ache,4,6,38,3,,,,,,,,,,,,,plum,banana,no stomach ache,z,3.33356139407,,,,,,,,,,2017_Sep_29_1141,59.9855988774,Exp13,001,024,
H,J,No Stomach Ache,4,7,39,7,,,,,,,,,,,,,apple,pear,stomach ache,m,1.91718490695,,,,,,,,,,2017_Sep_29_1141,59.9855988774,Exp13,001,024,
A,D,Stomach Ache,5,0,40,1,,,,,,,,,,,,,mango,cherry,stomach ache,m,1.95044946045,,,,,,,,,,2017_Sep_29_1141,59.9855988774,Exp13,001,024,
H,J,No Stomach Ache,5,1,41,7,,,,,,,,,,,,,apple,pear,no stomach ache,z,4.55060253528,,,,,,,,,,2017_Sep_29_1141,59.9855988774,Exp13,001,024,
G,J,Stomach Ache,5,2,42,6,,,,,,,,,,,,,kiwi,pear,stomach ache,m,9.75085269049,,,,,,,,,,2017_Sep_29_1141,59.9855988774,Exp13,001,024,
B,E,Stomach Ache,5,3,43,2,,,,,,,,,,,,,strawberry,banana,stomach ache,m,5.30071889874,,,,,,,,,,2017_Sep_29_1141,59.9855988774,Exp13,001,024,
F,I,Stomach Ache,5,4,44,5,,,,,,,,,,,,,peach,orange,stomach ache,m,1.0170244129,,,,,,,,,,2017_Sep_29_1141,59.9855988774,Exp13,001,024,
C,E,No Stomach Ache,5,5,45,3,,,,,,,,,,,,,plum,banana,no stomach ache,z,0.617024202889,,,,,,,,,,2017_Sep_29_1141,59.9855988774,Exp13,001,024,
A, ,Stomach Ache,5,6,46,0,,,,,,,,,,,,,mango,,stomach ache,m,0.516923972842,,,,,,,,,,2017_Sep_29_1141,59.9855988774,Exp13,001,024,
F, ,Stomach Ache,5,7,47,4,,,,,,,,,,,,,peach,,stomach ache,m,0.583698055532,,,,,,,,,,2017_Sep_29_1141,59.9855988774,Exp13,001,024,
F, ,Stomach Ache,6,0,48,4,,,,,,,,,,,,,peach,,stomach ache,m,0.567080302339,,,,,,,,,,2017_Sep_29_1141,59.9855988774,Exp13,001,024,
A, ,Stomach Ache,6,1,49,0,,,,,,,,,,,,,mango,,stomach ache,m,0.550417053688,,,,,,,,,,2017_Sep_29_1141,59.9855988774,Exp13,001,024,
B,E,Stomach Ache,6,2,50,2,,,,,,,,,,,,,strawberry,banana,stomach ache,m,0.51711365403,,,,,,,,,,2017_Sep_29_1141,59.9855988774,Exp13,001,024,
A,D,Stomach Ache,6,3,51,1,,,,,,,,,,,,,mango,cherry,stomach ache,m,0.433733717015,,,,,,,,,,2017_Sep_29_1141,59.9855988774,Exp13,001,024,
G,J,Stomach Ache,6,4,52,6,,,,,,,,,,,,,kiwi,pear,stomach ache,m,0.583500325127,,,,,,,,,,2017_Sep_29_1141,59.9855988774,Exp13,001,024,
C,E,No Stomach Ache,6,5,53,3,,,,,,,,,,,,,plum,banana,no stomach ache,z,0.466862833884,,,,,,,,,,2017_Sep_29_1141,59.9855988774,Exp13,001,024,
F,I,Stomach Ache,6,6,54,5,,,,,,,,,,,,,peach,orange,no stomach ache,z,1.68366774853,,,,,,,,,,2017_Sep_29_1141,59.9855988774,Exp13,001,024,
H,J,No Stomach Ache,6,7,55,7,,,,,,,,,,,,,apple,pear,stomach ache,m,1.2670847819,,,,,,,,,,2017_Sep_29_1141,59.9855988774,Exp13,001,024,
H,J,No Stomach Ache,7,0,56,7,,,,,,,,,,,,,apple,pear,no stomach ache,z,0.684067058959,,,,,,,,,,2017_Sep_29_1141,59.9855988774,Exp13,001,024,
F, ,Stomach Ache,7,1,57,4,,,,,,,,,,,,,peach,,stomach ache,m,0.583690356289,,,,,,,,,,2017_Sep_29_1141,59.9855988774,Exp13,001,024,
A,D,Stomach Ache,7,2,58,1,,,,,,,,,,,,,mango,cherry,stomach ache,m,0.733615498699,,,,,,,,,,2017_Sep_29_1141,59.9855988774,Exp13,001,024,
G,J,Stomach Ache,7,3,59,6,,,,,,,,,,,,,kiwi,pear,stomach ache,m,1.45028287696,,,,,,,,,,2017_Sep_29_1141,59.9855988774,Exp13,001,024,
B,E,Stomach Ache,7,4,60,2,,,,,,,,,,,,,strawberry,banana,stomach ache,m,0.633701800165,,,,,,,,,,2017_Sep_29_1141,59.9855988774,Exp13,001,024,
F,I,Stomach Ache,7,5,61,5,,,,,,,,,,,,,peach,orange,no stomach ache,z,0.850444420968,,,,,,,,,,2017_Sep_29_1141,59.9855988774,Exp13,001,024,
A, ,Stomach Ache,7,6,62,0,,,,,,,,,,,,,mango,,stomach ache,m,0.600347655534,,,,,,,,,,2017_Sep_29_1141,59.9855988774,Exp13,001,024,
C,E,No Stomach Ache,7,7,63,3,,,,,,,,,,,,,plum,banana,no stomach ache,z,1.03352457771,,,,,,,,,,2017_Sep_29_1141,59.9855988774,Exp13,001,024,
C,E,No Stomach Ache,8,0,64,3,,,,,,,,,,,,,plum,banana,stomach ache,m,1.6837345919,,,,,,,,,,2017_Sep_29_1141,59.9855988774,Exp13,001,024,
G,J,Stomach Ache,8,1,65,6,,,,,,,,,,,,,kiwi,pear,stomach ache,m,1.13360485976,,,,,,,,,,2017_Sep_29_1141,59.9855988774,Exp13,001,024,
F, ,Stomach Ache,8,2,66,4,,,,,,,,,,,,,peach,,stomach ache,m,0.583612314018,,,,,,,,,,2017_Sep_29_1141,59.9855988774,Exp13,001,024,
F,I,Stomach Ache,8,3,67,5,,,,,,,,,,,,,peach,orange,stomach ache,m,2.46703851648,,,,,,,,,,2017_Sep_29_1141,59.9855988774,Exp13,001,024,
B,E,Stomach Ache,8,4,68,2,,,,,,,,,,,,,strawberry,banana,stomach ache,m,0.816974087851,,,,,,,,,,2017_Sep_29_1141,59.9855988774,Exp13,001,024,
H,J,No Stomach Ache,8,5,69,7,,,,,,,,,,,,,apple,pear,no stomach ache,z,3.86715631481,,,,,,,,,,2017_Sep_29_1141,59.9855988774,Exp13,001,024,
A,D,Stomach Ache,8,6,70,1,,,,,,,,,,,,,mango,cherry,no stomach ache,z,1.33368493183,,,,,,,,,,2017_Sep_29_1141,59.9855988774,Exp13,001,024,
A, ,Stomach Ache,8,7,71,0,,,,,,,,,,,,,mango,,stomach ache,m,0.650207564438,,,,,,,,,,2017_Sep_29_1141,59.9855988774,Exp13,001,024,
A, ,Stomach Ache,9,0,72,0,,,,,,,,,,,,,mango,,stomach ache,m,0.766926597571,,,,,,,,,,2017_Sep_29_1141,59.9855988774,Exp13,001,024,
F,I,Stomach Ache,9,1,73,5,,,,,,,,,,,,,peach,orange,stomach ache,m,1.45026362888,,,,,,,,,,2017_Sep_29_1141,59.9855988774,Exp13,001,024,
F, ,Stomach Ache,9,2,74,4,,,,,,,,,,,,,peach,,stomach ache,m,0.533626067656,,,,,,,,,,2017_Sep_29_1141,59.9855988774,Exp13,001,024,
A,D,Stomach Ache,9,3,75,1,,,,,,,,,,,,,mango,cherry,stomach ache,m,1.30038328204,,,,,,,,,,2017_Sep_29_1141,59.9855988774,Exp13,001,024,
B,E,Stomach Ache,9,4,76,2,,,,,,,,,,,,,strawberry,banana,stomach ache,m,1.58369035629,,,,,,,,,,2017_Sep_29_1141,59.9855988774,Exp13,001,024,
H,J,No Stomach Ache,9,5,77,7,,,,,,,,,,,,,apple,pear,no stomach ache,z,1.10046279413,,,,,,,,,,2017_Sep_29_1141,59.9855988774,Exp13,001,024,
C,E,No Stomach Ache,9,6,78,3,,,,,,,,,,,,,plum,banana,no stomach ache,z,1.15032515279,,,,,,,,,,2017_Sep_29_1141,59.9855988774,Exp13,001,024,
G,J,Stomach Ache,9,7,79,6,,,,,,,,,,,,,kiwi,pear,stomach ache,m,0.73354130605,,,,,,,,,,2017_Sep_29_1141,59.9855988774,Exp13,001,024,
F, ,Stomach Ache,10,0,80,4,,,,,,,,,,,,,peach,,stomach ache,m,1.15033915138,,,,,,,,,,2017_Sep_29_1141,59.9855988774,Exp13,001,024,
F,I,Stomach Ache,10,1,81,5,,,,,,,,,,,,,peach,orange,stomach ache,m,2.33370732961,,,,,,,,,,2017_Sep_29_1141,59.9855988774,Exp13,001,024,
H,J,No Stomach Ache,10,2,82,7,,,,,,,,,,,,,apple,pear,no stomach ache,z,1.0670855518,,,,,,,,,,2017_Sep_29_1141,59.9855988774,Exp13,001,024,
B,E,Stomach Ache,10,3,83,2,,,,,,,,,,,,,strawberry,banana,stomach ache,m,0.916865038656,,,,,,,,,,2017_Sep_29_1141,59.9855988774,Exp13,001,024,
A,D,Stomach Ache,10,4,84,1,,,,,,,,,,,,,mango,cherry,stomach ache,m,1.68378043736,,,,,,,,,,2017_Sep_29_1141,59.9855988774,Exp13,001,024,
G,J,Stomach Ache,10,5,85,6,,,,,,,,,,,,,kiwi,pear,stomach ache,m,0.883728572488,,,,,,,,,,2017_Sep_29_1141,59.9855988774,Exp13,001,024,
C,E,No Stomach Ache,10,6,86,3,,,,,,,,,,,,,plum,banana,no stomach ache,z,1.78391146439,,,,,,,,,,2017_Sep_29_1141,59.9855988774,Exp13,001,024,
A, ,Stomach Ache,10,7,87,0,,,,,,,,,,,,,mango,,stomach ache,m,0.75041733362,,,,,,,,,,2017_Sep_29_1141,59.9855988774,Exp13,001,024,
A, ,Stomach Ache,11,0,88,0,,,,,,,,,,,,,mango,,stomach ache,m,0.51695127014,,,,,,,,,,2017_Sep_29_1141,59.9855988774,Exp13,001,024,
H,J,No Stomach Ache,11,1,89,7,,,,,,,,,,,,,apple,pear,no stomach ache,z,1.26714252617,,,,,,,,,,2017_Sep_29_1141,59.9855988774,Exp13,001,024,
C,E,No Stomach Ache,11,2,90,3,,,,,,,,,,,,,plum,banana,no stomach ache,z,0.98368076724,,,,,,,,,,2017_Sep_29_1141,59.9855988774,Exp13,001,024,
F, ,Stomach Ache,11,3,91,4,,,,,,,,,,,,,peach,,stomach ache,m,0.700281652069,,,,,,,,,,2017_Sep_29_1141,59.9855988774,Exp13,001,024,
B,E,Stomach Ache,11,4,92,2,,,,,,,,,,,,,strawberry,banana,stomach ache,m,2.38363898138,,,,,,,,,,2017_Sep_29_1141,59.9855988774,Exp13,001,024,
G,J,Stomach Ache,11,5,93,6,,,,,,,,,,,,,kiwi,pear,stomach ache,m,0.733790481347,,,,,,,,,,2017_Sep_29_1141,59.9855988774,Exp13,001,024,
F,I,Stomach Ache,11,6,94,5,,,,,,,,,,,,,peach,orange,stomach ache,m,1.3504832671,,,,,,,,,,2017_Sep_29_1141,59.9855988774,Exp13,001,024,
A,D,Stomach Ache,11,7,95,1,,,,,,,,,,,,,mango,cherry,stomach ache,m,1.30044137625,,,,,,,,,,2017_Sep_29_1141,59.9855988774,Exp13,001,024,
D,C,Stomach Ache,,,,,0,0,0,0,,,,,,,,,cherry,plum,no stomach ache,,,z,3.43379706072,,,,,,,,2017_Sep_29_1141,59.9855988774,Exp13,001,024,
D,C,Stomach Ache,,,,,1,0,1,0,,,,,,,,,cherry,plum,stomach ache,,,m,0.733571753051,,,,,,,,2017_Sep_29_1141,59.9855988774,Exp13,001,024,
D,C,Stomach Ache,,,,,2,0,2,0,,,,,,,,,cherry,plum,stomach ache,,,m,0.683672298095,,,,,,,,2017_Sep_29_1141,59.9855988774,Exp13,001,024,
D,C,Stomach Ache,,,,,3,0,3,0,,,,,,,,,cherry,plum,stomach ache,,,m,0.483636321645,,,,,,,,2017_Sep_29_1141,59.9855988774,Exp13,001,024,
D,C,Stomach Ache,,,,,4,0,4,0,,,,,,,,,cherry,plum,stomach ache,,,m,0.633674852841,,,,,,,,2017_Sep_29_1141,59.9855988774,Exp13,001,024,
D,C,Stomach Ache,,,,,5,0,5,0,,,,,,,,,cherry,plum,stomach ache,,,m,0.683677897498,,,,,,,,2017_Sep_29_1141,59.9855988774,Exp13,001,024,
,,,,,,,,,,,,,,,,,,,,,,,,,,space,3.11709909549,,,,,,2017_Sep_29_1141,59.9855988774,Exp13,001,024,
B, ,,,,,,,,,,0,0,0,1,,,,,strawberry,,,,,,,,,7,6.986,"[(None, 0.0), (u'7', 6.986)]",,,2017_Sep_29_1141,59.9855988774,Exp13,001,024,
H, ,,,,,,,,,,0,1,1,7,,,,,apple,,,,,,,,,2,5.503,"[(None, 0.0), (u'2', 5.503)]",,,2017_Sep_29_1141,59.9855988774,Exp13,001,024,
A, ,,,,,,,,,,0,2,2,0,,,,,mango,,,,,,,,,10,1.27,"[(None, 0.0), (u'10', 1.27)]",,,2017_Sep_29_1141,59.9855988774,Exp13,001,024,
E, ,,,,,,,,,,0,3,3,4,,,,,banana,,,,,,,,,0,2.97,"[(None, 0.0), (u'0', 2.97)]",,,2017_Sep_29_1141,59.9855988774,Exp13,001,024,
F, ,,,,,,,,,,0,4,4,5,,,,,peach,,,,,,,,,10,1.187,"[(None, 0.0), (u'10', 1.187)]",,,2017_Sep_29_1141,59.9855988774,Exp13,001,024,
D,H,,,,,,,,,,0,5,5,11,,,,,cherry,apple,,,,,,,,0,4.453,"[(None, 0.0), (u'0', 4.453)]",,,2017_Sep_29_1141,59.9855988774,Exp13,001,024,
C, ,,,,,,,,,,0,6,6,2,,,,,plum,,,,,,,,,0,1.437,"[(None, 0.0), (u'0', 1.437)]",,,2017_Sep_29_1141,59.9855988774,Exp13,001,024,
D, ,,,,,,,,,,0,7,7,3,,,,,cherry,,,,,,,,,0,0.886,"[(None, 0.0), (u'0', 0.886)]",,,2017_Sep_29_1141,59.9855988774,Exp13,001,024,
I, ,,,,,,,,,,0,8,8,8,,,,,orange,,,,,,,,,3,3.17,"[(None, 0.0), (u'3', 3.17)]",,,2017_Sep_29_1141,59.9855988774,Exp13,001,024,
I,C,,,,,,,,,,0,9,9,10,,,,,orange,plum,,,,,,,,2,2.837,"[(None, 0.0), (u'2', 2.837)]",,,2017_Sep_29_1141,59.9855988774,Exp13,001,024,
J, ,,,,,,,,,,0,10,10,9,,,,,pear,,,,,,,,,3,3.437,"[(None, 0.0), (u'3', 3.437)]",,,2017_Sep_29_1141,59.9855988774,Exp13,001,024,
G, ,,,,,,,,,,0,11,11,6,,,,,kiwi,,,,,,,,,4,3.27,"[(None, 0.0), (u'4', 3.27)]",,,2017_Sep_29_1141,59.9855988774,Exp13,001,024,
I,C,,,,,,,,,,1,0,12,10,,,,,orange,plum,,,,,,,,2,1.97,"[(None, 0.0), (u'2', 1.97)]",,,2017_Sep_29_1141,59.9855988774,Exp13,001,024,
A, ,,,,,,,,,,1,1,13,0,,,,,mango,,,,,,,,,10,2.753,"[(None, 0.0), (u'10', 2.753)]",,,2017_Sep_29_1141,59.9855988774,Exp13,001,024,
G, ,,,,,,,,,,1,2,14,6,,,,,kiwi,,,,,,,,,4,2.053,"[(None, 0.0), (u'4', 2.053)]",,,2017_Sep_29_1141,59.9855988774,Exp13,001,024,
E, ,,,,,,,,,,1,3,15,4,,,,,banana,,,,,,,,,2,4.654,"[(None, 0.0), (u'2', 4.653)]",,,2017_Sep_29_1141,59.9855988774,Exp13,001,024,
H, ,,,,,,,,,,1,4,16,7,,,,,apple,,,,,,,,,0,1.503,"[(None, 0.0), (u'0', 1.503)]",,,2017_Sep_29_1141,59.9855988774,Exp13,001,024,
D, ,,,,,,,,,,1,5,17,3,,,,,cherry,,,,,,,,,1,2.053,"[(None, 0.0), (u'1', 2.053)]",,,2017_Sep_29_1141,59.9855988774,Exp13,001,024,
C, ,,,,,,,,,,1,6,18,2,,,,,plum,,,,,,,,,2,4.087,"[(None, 0.0), (u'2', 4.087)]",,,2017_Sep_29_1141,59.9855988774,Exp13,001,024,
I, ,,,,,,,,,,1,7,19,8,,,,,orange,,,,,,,,,2,4.853,"[(None, 0.0), (u'2', 4.853)]",,,2017_Sep_29_1141,59.9855988774,Exp13,001,024,
B, ,,,,,,,,,,1,8,20,1,,,,,strawberry,,,,,,,,,6,1.986,"[(None, 0.0), (u'6', 1.986)]",,,2017_Sep_29_1141,59.9855988774,Exp13,001,024,
J, ,,,,,,,,,,1,9,21,9,,,,,pear,,,,,,,,,3,1.786,"[(None, 0.0), (u'3', 1.786)]",,,2017_Sep_29_1141,59.9855988774,Exp13,001,024,
D,H,,,,,,,,,,1,10,22,11,,,,,cherry,apple,,,,,,,,1,2.253,"[(None, 0.0), (u'1', 2.253)]",,,2017_Sep_29_1141,59.9855988774,Exp13,001,024,
F, ,,,,,,,,,,1,11,23,5,,,,,peach,,,,,,,,,10,1.787,"[(None, 0.0), (u'10', 1.787)]",,,2017_Sep_29_1141,59.9855988774,Exp13,001,024,
,,,,,,,,,,,,,,,,,,,,,,,,,,,,,,,space,2.98420606519,2017_Sep_29_1141,59.9855988774,Exp13,001,024,
