stim1,stim2,outcome,train_trials.thisRepN,train_trials.thisTrialN,train_trials.thisN,train_trials.thisIndex,train_trials2.thisRepN,train_trials2.thisTrialN,train_trials2.thisN,train_trials2.thisIndex,test_trials.thisRepN,test_trials.thisTrialN,test_trials.thisN,test_trials.thisIndex,start_exp.keys,start_exp.rt,start_exp2.keys,start_exp2.rt,stim.A,stim.B,pressed,key_ans.keys,key_ans.rt,key_answ.keys,key_answ.rt,start.keys,start.rt,rating.response,rating.rt,rating.history,exit_exp.keys,exit_exp.rt,date,frameRate,expName,session,participant,
,,,,,,,,,,,,,,,space,136.008652908,,,,,,,,,,,,,,,,,2017_Sep_29_1116,60.0202698694,Exp13,001,025,
,,,,,,,,,,,,,,,,,space,4.66539477382,,,,,,,,,,,,,,,2017_Sep_29_1116,60.0202698694,Exp13,001,025,
A,D,Stomach Ache,0,0,0,1,,,,,,,,,,,,,mango,pear,no stomach ache,z,6.49641127436,,,,,,,,,,2017_Sep_29_1116,60.0202698694,Exp13,001,025,
A, ,Stomach Ache,0,1,1,0,,,,,,,,,,,,,mango,,stomach ache,m,2.13357289668,,,,,,,,,,2017_Sep_29_1116,60.0202698694,Exp13,001,025,
G,J,Stomach Ache,0,2,2,6,,,,,,,,,,,,,peach,apple,stomach ache,m,1.58349504674,,,,,,,,,,2017_Sep_29_1116,60.0202698694,Exp13,001,025,
H,J,No Stomach Ache,0,3,3,7,,,,,,,,,,,,,kiwi,apple,stomach ache,m,2.40260815612,,,,,,,,,,2017_Sep_29_1116,60.0202698694,Exp13,001,025,
F, ,Stomach Ache,0,4,4,4,,,,,,,,,,,,,plum,,no stomach ache,z,2.94997901953,,,,,,,,,,2017_Sep_29_1116,60.0202698694,Exp13,001,025,
B,E,Stomach Ache,0,5,5,2,,,,,,,,,,,,,strawberry,cherry,no stomach ache,z,9.18332230358,,,,,,,,,,2017_Sep_29_1116,60.0202698694,Exp13,001,025,
C,E,No Stomach Ache,0,6,6,3,,,,,,,,,,,,,orange,cherry,stomach ache,m,2.76678865313,,,,,,,,,,2017_Sep_29_1116,60.0202698694,Exp13,001,025,
F,I,Stomach Ache,0,7,7,5,,,,,,,,,,,,,plum,banana,no stomach ache,z,1.24967654399,,,,,,,,,,2017_Sep_29_1116,60.0202698694,Exp13,001,025,
A,D,Stomach Ache,1,0,8,1,,,,,,,,,,,,,mango,pear,stomach ache,m,3.89766996182,,,,,,,,,,2017_Sep_29_1116,60.0202698694,Exp13,001,025,
F, ,Stomach Ache,1,1,9,4,,,,,,,,,,,,,plum,,stomach ache,m,1.78802843543,,,,,,,,,,2017_Sep_29_1116,60.0202698694,Exp13,001,025,
H,J,No Stomach Ache,1,2,10,7,,,,,,,,,,,,,kiwi,apple,no stomach ache,z,2.38667490717,,,,,,,,,,2017_Sep_29_1116,60.0202698694,Exp13,001,025,
F,I,Stomach Ache,1,3,11,5,,,,,,,,,,,,,plum,banana,stomach ache,m,0.848609987821,,,,,,,,,,2017_Sep_29_1116,60.0202698694,Exp13,001,025,
C,E,No Stomach Ache,1,4,12,3,,,,,,,,,,,,,orange,cherry,no stomach ache,z,2.71861339296,,,,,,,,,,2017_Sep_29_1116,60.0202698694,Exp13,001,025,
A, ,Stomach Ache,1,5,13,0,,,,,,,,,,,,,mango,,stomach ache,m,0.850161036826,,,,,,,,,,2017_Sep_29_1116,60.0202698694,Exp13,001,025,
B,E,Stomach Ache,1,6,14,2,,,,,,,,,,,,,strawberry,cherry,no stomach ache,z,1.54857404629,,,,,,,,,,2017_Sep_29_1116,60.0202698694,Exp13,001,025,
G,J,Stomach Ache,1,7,15,6,,,,,,,,,,,,,peach,apple,stomach ache,m,1.16581035836,,,,,,,,,,2017_Sep_29_1116,60.0202698694,Exp13,001,025,
A,D,Stomach Ache,2,0,16,1,,,,,,,,,,,,,mango,pear,stomach ache,m,1.00583393205,,,,,,,,,,2017_Sep_29_1116,60.0202698694,Exp13,001,025,
A, ,Stomach Ache,2,1,17,0,,,,,,,,,,,,,mango,,stomach ache,m,0.90018656684,,,,,,,,,,2017_Sep_29_1116,60.0202698694,Exp13,001,025,
C,E,No Stomach Ache,2,2,18,3,,,,,,,,,,,,,orange,cherry,no stomach ache,z,2.41791041641,,,,,,,,,,2017_Sep_29_1116,60.0202698694,Exp13,001,025,
H,J,No Stomach Ache,2,3,19,7,,,,,,,,,,,,,kiwi,apple,stomach ache,m,1.08520410539,,,,,,,,,,2017_Sep_29_1116,60.0202698694,Exp13,001,025,
B,E,Stomach Ache,2,4,20,2,,,,,,,,,,,,,strawberry,cherry,stomach ache,m,1.08323659693,,,,,,,,,,2017_Sep_29_1116,60.0202698694,Exp13,001,025,
G,J,Stomach Ache,2,5,21,6,,,,,,,,,,,,,peach,apple,stomach ache,m,1.53569634998,,,,,,,,,,2017_Sep_29_1116,60.0202698694,Exp13,001,025,
F, ,Stomach Ache,2,6,22,4,,,,,,,,,,,,,plum,,stomach ache,m,0.885913206352,,,,,,,,,,2017_Sep_29_1116,60.0202698694,Exp13,001,025,
F,I,Stomach Ache,2,7,23,5,,,,,,,,,,,,,plum,banana,stomach ache,m,0.850142138661,,,,,,,,,,2017_Sep_29_1116,60.0202698694,Exp13,001,025,
F,I,Stomach Ache,3,0,24,5,,,,,,,,,,,,,plum,banana,stomach ache,m,0.852670992463,,,,,,,,,,2017_Sep_29_1116,60.0202698694,Exp13,001,025,
A,D,Stomach Ache,3,1,25,1,,,,,,,,,,,,,mango,pear,stomach ache,m,0.766635368054,,,,,,,,,,2017_Sep_29_1116,60.0202698694,Exp13,001,025,
C,E,No Stomach Ache,3,2,26,3,,,,,,,,,,,,,orange,cherry,no stomach ache,z,1.45227812073,,,,,,,,,,2017_Sep_29_1116,60.0202698694,Exp13,001,025,
B,E,Stomach Ache,3,3,27,2,,,,,,,,,,,,,strawberry,cherry,stomach ache,m,0.919471089495,,,,,,,,,,2017_Sep_29_1116,60.0202698694,Exp13,001,025,
H,J,No Stomach Ache,3,4,28,7,,,,,,,,,,,,,kiwi,apple,no stomach ache,z,1.382691245,,,,,,,,,,2017_Sep_29_1116,60.0202698694,Exp13,001,025,
G,J,Stomach Ache,3,5,29,6,,,,,,,,,,,,,peach,apple,stomach ache,m,1.30282831966,,,,,,,,,,2017_Sep_29_1116,60.0202698694,Exp13,001,025,
F, ,Stomach Ache,3,6,30,4,,,,,,,,,,,,,plum,,stomach ache,m,0.604750577535,,,,,,,,,,2017_Sep_29_1116,60.0202698694,Exp13,001,025,
A, ,Stomach Ache,3,7,31,0,,,,,,,,,,,,,mango,,stomach ache,m,0.651632013614,,,,,,,,,,2017_Sep_29_1116,60.0202698694,Exp13,001,025,
C,E,No Stomach Ache,4,0,32,3,,,,,,,,,,,,,orange,cherry,no stomach ache,z,0.93204046585,,,,,,,,,,2017_Sep_29_1116,60.0202698694,Exp13,001,025,
B,E,Stomach Ache,4,1,33,2,,,,,,,,,,,,,strawberry,cherry,stomach ache,m,0.783520874247,,,,,,,,,,2017_Sep_29_1116,60.0202698694,Exp13,001,025,
G,J,Stomach Ache,4,2,34,6,,,,,,,,,,,,,peach,apple,stomach ache,m,0.702871925401,,,,,,,,,,2017_Sep_29_1116,60.0202698694,Exp13,001,025,
H,J,No Stomach Ache,4,3,35,7,,,,,,,,,,,,,kiwi,apple,no stomach ache,z,0.916834446165,,,,,,,,,,2017_Sep_29_1116,60.0202698694,Exp13,001,025,
A, ,Stomach Ache,4,4,36,0,,,,,,,,,,,,,mango,,stomach ache,m,0.769850505079,,,,,,,,,,2017_Sep_29_1116,60.0202698694,Exp13,001,025,
A,D,Stomach Ache,4,5,37,1,,,,,,,,,,,,,mango,pear,stomach ache,m,0.733525091317,,,,,,,,,,2017_Sep_29_1116,60.0202698694,Exp13,001,025,
F,I,Stomach Ache,4,6,38,5,,,,,,,,,,,,,plum,banana,stomach ache,m,1.45140915533,,,,,,,,,,2017_Sep_29_1116,60.0202698694,Exp13,001,025,
F, ,Stomach Ache,4,7,39,4,,,,,,,,,,,,,plum,,stomach ache,m,0.616915743245,,,,,,,,,,2017_Sep_29_1116,60.0202698694,Exp13,001,025,
A, ,Stomach Ache,5,0,40,0,,,,,,,,,,,,,mango,,stomach ache,m,0.666896477633,,,,,,,,,,2017_Sep_29_1116,60.0202698694,Exp13,001,025,
H,J,No Stomach Ache,5,1,41,7,,,,,,,,,,,,,kiwi,apple,no stomach ache,z,0.951125857886,,,,,,,,,,2017_Sep_29_1116,60.0202698694,Exp13,001,025,
F, ,Stomach Ache,5,2,42,4,,,,,,,,,,,,,plum,,stomach ache,m,0.519209454942,,,,,,,,,,2017_Sep_29_1116,60.0202698694,Exp13,001,025,
A,D,Stomach Ache,5,3,43,1,,,,,,,,,,,,,mango,pear,stomach ache,m,1.8338949703,,,,,,,,,,2017_Sep_29_1116,60.0202698694,Exp13,001,025,
C,E,No Stomach Ache,5,4,44,3,,,,,,,,,,,,,orange,cherry,no stomach ache,z,0.655202716007,,,,,,,,,,2017_Sep_29_1116,60.0202698694,Exp13,001,025,
F,I,Stomach Ache,5,5,45,5,,,,,,,,,,,,,plum,banana,stomach ache,m,0.782813943049,,,,,,,,,,2017_Sep_29_1116,60.0202698694,Exp13,001,025,
B,E,Stomach Ache,5,6,46,2,,,,,,,,,,,,,strawberry,cherry,no stomach ache,z,0.714492194209,,,,,,,,,,2017_Sep_29_1116,60.0202698694,Exp13,001,025,
G,J,Stomach Ache,5,7,47,6,,,,,,,,,,,,,peach,apple,stomach ache,m,0.798925674608,,,,,,,,,,2017_Sep_29_1116,60.0202698694,Exp13,001,025,
A, ,Stomach Ache,6,0,48,0,,,,,,,,,,,,,mango,,stomach ache,m,0.617284957319,,,,,,,,,,2017_Sep_29_1116,60.0202698694,Exp13,001,025,
F, ,Stomach Ache,6,1,49,4,,,,,,,,,,,,,plum,,stomach ache,m,0.550398418709,,,,,,,,,,2017_Sep_29_1116,60.0202698694,Exp13,001,025,
G,J,Stomach Ache,6,2,50,6,,,,,,,,,,,,,peach,apple,stomach ache,m,0.66486527535,,,,,,,,,,2017_Sep_29_1116,60.0202698694,Exp13,001,025,
H,J,No Stomach Ache,6,3,51,7,,,,,,,,,,,,,kiwi,apple,no stomach ache,z,1.86939726415,,,,,,,,,,2017_Sep_29_1116,60.0202698694,Exp13,001,025,
F,I,Stomach Ache,6,4,52,5,,,,,,,,,,,,,plum,banana,stomach ache,m,0.91616461135,,,,,,,,,,2017_Sep_29_1116,60.0202698694,Exp13,001,025,
B,E,Stomach Ache,6,5,53,2,,,,,,,,,,,,,strawberry,cherry,stomach ache,m,1.58662724186,,,,,,,,,,2017_Sep_29_1116,60.0202698694,Exp13,001,025,
A,D,Stomach Ache,6,6,54,1,,,,,,,,,,,,,mango,pear,stomach ache,m,0.799404427962,,,,,,,,,,2017_Sep_29_1116,60.0202698694,Exp13,001,025,
C,E,No Stomach Ache,6,7,55,3,,,,,,,,,,,,,orange,cherry,no stomach ache,z,1.46209746483,,,,,,,,,,2017_Sep_29_1116,60.0202698694,Exp13,001,025,
F, ,Stomach Ache,7,0,56,4,,,,,,,,,,,,,plum,,stomach ache,m,0.588239884848,,,,,,,,,,2017_Sep_29_1116,60.0202698694,Exp13,001,025,
A, ,Stomach Ache,7,1,57,0,,,,,,,,,,,,,mango,,stomach ache,m,0.529255926929,,,,,,,,,,2017_Sep_29_1116,60.0202698694,Exp13,001,025,
H,J,No Stomach Ache,7,2,58,7,,,,,,,,,,,,,kiwi,apple,no stomach ache,z,0.805453939043,,,,,,,,,,2017_Sep_29_1116,60.0202698694,Exp13,001,025,
G,J,Stomach Ache,7,3,59,6,,,,,,,,,,,,,peach,apple,stomach ache,m,1.80015195519,,,,,,,,,,2017_Sep_29_1116,60.0202698694,Exp13,001,025,
B,E,Stomach Ache,7,4,60,2,,,,,,,,,,,,,strawberry,cherry,stomach ache,m,0.900889298442,,,,,,,,,,2017_Sep_29_1116,60.0202698694,Exp13,001,025,
A,D,Stomach Ache,7,5,61,1,,,,,,,,,,,,,mango,pear,stomach ache,m,0.751930499566,,,,,,,,,,2017_Sep_29_1116,60.0202698694,Exp13,001,025,
F,I,Stomach Ache,7,6,62,5,,,,,,,,,,,,,plum,banana,stomach ache,m,1.41635446789,,,,,,,,,,2017_Sep_29_1116,60.0202698694,Exp13,001,025,
C,E,No Stomach Ache,7,7,63,3,,,,,,,,,,,,,orange,cherry,no stomach ache,z,0.887095041311,,,,,,,,,,2017_Sep_29_1116,60.0202698694,Exp13,001,025,
A, ,Stomach Ache,8,0,64,0,,,,,,,,,,,,,mango,,stomach ache,m,1.36232847732,,,,,,,,,,2017_Sep_29_1116,60.0202698694,Exp13,001,025,
F,I,Stomach Ache,8,1,65,5,,,,,,,,,,,,,plum,banana,stomach ache,m,0.755329018721,,,,,,,,,,2017_Sep_29_1116,60.0202698694,Exp13,001,025,
C,E,No Stomach Ache,8,2,66,3,,,,,,,,,,,,,orange,cherry,no stomach ache,z,0.751306860271,,,,,,,,,,2017_Sep_29_1116,60.0202698694,Exp13,001,025,
A,D,Stomach Ache,8,3,67,1,,,,,,,,,,,,,mango,pear,stomach ache,m,0.817020313058,,,,,,,,,,2017_Sep_29_1116,60.0202698694,Exp13,001,025,
B,E,Stomach Ache,8,4,68,2,,,,,,,,,,,,,strawberry,cherry,stomach ache,m,1.84848959954,,,,,,,,,,2017_Sep_29_1116,60.0202698694,Exp13,001,025,
F, ,Stomach Ache,8,5,69,4,,,,,,,,,,,,,plum,,stomach ache,m,0.421387327951,,,,,,,,,,2017_Sep_29_1116,60.0202698694,Exp13,001,025,
H,J,No Stomach Ache,8,6,70,7,,,,,,,,,,,,,kiwi,apple,no stomach ache,z,1.34849852367,,,,,,,,,,2017_Sep_29_1116,60.0202698694,Exp13,001,025,
G,J,Stomach Ache,8,7,71,6,,,,,,,,,,,,,peach,apple,stomach ache,m,1.27182833751,,,,,,,,,,2017_Sep_29_1116,60.0202698694,Exp13,001,025,
C,E,No Stomach Ache,9,0,72,3,,,,,,,,,,,,,orange,cherry,no stomach ache,z,1.56565028394,,,,,,,,,,2017_Sep_29_1116,60.0202698694,Exp13,001,025,
F, ,Stomach Ache,9,1,73,4,,,,,,,,,,,,,plum,,stomach ache,m,0.555596812628,,,,,,,,,,2017_Sep_29_1116,60.0202698694,Exp13,001,025,
B,E,Stomach Ache,9,2,74,2,,,,,,,,,,,,,strawberry,cherry,stomach ache,m,0.636145321245,,,,,,,,,,2017_Sep_29_1116,60.0202698694,Exp13,001,025,
G,J,Stomach Ache,9,3,75,6,,,,,,,,,,,,,peach,apple,stomach ache,m,0.953704406886,,,,,,,,,,2017_Sep_29_1116,60.0202698694,Exp13,001,025,
A, ,Stomach Ache,9,4,76,0,,,,,,,,,,,,,mango,,stomach ache,m,0.521960537124,,,,,,,,,,2017_Sep_29_1116,60.0202698694,Exp13,001,025,
H,J,No Stomach Ache,9,5,77,7,,,,,,,,,,,,,kiwi,apple,no stomach ache,z,0.832103144756,,,,,,,,,,2017_Sep_29_1116,60.0202698694,Exp13,001,025,
F,I,Stomach Ache,9,6,78,5,,,,,,,,,,,,,plum,banana,stomach ache,m,0.53572399728,,,,,,,,,,2017_Sep_29_1116,60.0202698694,Exp13,001,025,
A,D,Stomach Ache,9,7,79,1,,,,,,,,,,,,,mango,pear,stomach ache,m,0.629519416281,,,,,,,,,,2017_Sep_29_1116,60.0202698694,Exp13,001,025,
A,D,Stomach Ache,10,0,80,1,,,,,,,,,,,,,mango,pear,stomach ache,m,0.619436897803,,,,,,,,,,2017_Sep_29_1116,60.0202698694,Exp13,001,025,
C,E,No Stomach Ache,10,1,81,3,,,,,,,,,,,,,orange,cherry,no stomach ache,z,0.61569751185,,,,,,,,,,2017_Sep_29_1116,60.0202698694,Exp13,001,025,
B,E,Stomach Ache,10,2,82,2,,,,,,,,,,,,,strawberry,cherry,stomach ache,m,1.38358960755,,,,,,,,,,2017_Sep_29_1116,60.0202698694,Exp13,001,025,
F, ,Stomach Ache,10,3,83,4,,,,,,,,,,,,,plum,,stomach ache,m,0.438078603038,,,,,,,,,,2017_Sep_29_1116,60.0202698694,Exp13,001,025,
G,J,Stomach Ache,10,4,84,6,,,,,,,,,,,,,peach,apple,stomach ache,m,0.865550088696,,,,,,,,,,2017_Sep_29_1116,60.0202698694,Exp13,001,025,
H,J,No Stomach Ache,10,5,85,7,,,,,,,,,,,,,kiwi,apple,no stomach ache,z,0.621779919718,,,,,,,,,,2017_Sep_29_1116,60.0202698694,Exp13,001,025,
A, ,Stomach Ache,10,6,86,0,,,,,,,,,,,,,mango,,stomach ache,m,0.520102218055,,,,,,,,,,2017_Sep_29_1116,60.0202698694,Exp13,001,025,
F,I,Stomach Ache,10,7,87,5,,,,,,,,,,,,,plum,banana,stomach ache,m,0.599981941778,,,,,,,,,,2017_Sep_29_1116,60.0202698694,Exp13,001,025,
A, ,Stomach Ache,11,0,88,0,,,,,,,,,,,,,mango,,stomach ache,m,0.533730591327,,,,,,,,,,2017_Sep_29_1116,60.0202698694,Exp13,001,025,
F, ,Stomach Ache,11,1,89,4,,,,,,,,,,,,,plum,,stomach ache,m,0.466933643998,,,,,,,,,,2017_Sep_29_1116,60.0202698694,Exp13,001,025,
A,D,Stomach Ache,11,2,90,1,,,,,,,,,,,,,mango,pear,stomach ache,m,0.767994985683,,,,,,,,,,2017_Sep_29_1116,60.0202698694,Exp13,001,025,
F,I,Stomach Ache,11,3,91,5,,,,,,,,,,,,,plum,banana,stomach ache,m,0.799863583292,,,,,,,,,,2017_Sep_29_1116,60.0202698694,Exp13,001,025,
G,J,Stomach Ache,11,4,92,6,,,,,,,,,,,,,peach,apple,stomach ache,m,0.654339700035,,,,,,,,,,2017_Sep_29_1116,60.0202698694,Exp13,001,025,
B,E,Stomach Ache,11,5,93,2,,,,,,,,,,,,,strawberry,cherry,stomach ache,m,1.0177163253,,,,,,,,,,2017_Sep_29_1116,60.0202698694,Exp13,001,025,
H,J,No Stomach Ache,11,6,94,7,,,,,,,,,,,,,kiwi,apple,no stomach ache,z,0.732694272185,,,,,,,,,,2017_Sep_29_1116,60.0202698694,Exp13,001,025,
C,E,No Stomach Ache,11,7,95,3,,,,,,,,,,,,,orange,cherry,no stomach ache,z,0.915945182729,,,,,,,,,,2017_Sep_29_1116,60.0202698694,Exp13,001,025,
D,C,Stomach Ache,,,,,0,0,0,0,,,,,,,,,pear,orange,no stomach ache,,,z,2.60526677727,,,,,,,,2017_Sep_29_1116,60.0202698694,Exp13,001,025,
D,C,Stomach Ache,,,,,1,0,1,0,,,,,,,,,pear,orange,stomach ache,,,m,1.35303163237,,,,,,,,2017_Sep_29_1116,60.0202698694,Exp13,001,025,
D,C,Stomach Ache,,,,,2,0,2,0,,,,,,,,,pear,orange,stomach ache,,,m,0.867262821965,,,,,,,,2017_Sep_29_1116,60.0202698694,Exp13,001,025,
D,C,Stomach Ache,,,,,3,0,3,0,,,,,,,,,pear,orange,stomach ache,,,m,0.419482813362,,,,,,,,2017_Sep_29_1116,60.0202698694,Exp13,001,025,
D,C,Stomach Ache,,,,,4,0,4,0,,,,,,,,,pear,orange,stomach ache,,,m,0.371863299108,,,,,,,,2017_Sep_29_1116,60.0202698694,Exp13,001,025,
D,C,Stomach Ache,,,,,5,0,5,0,,,,,,,,,pear,orange,stomach ache,,,m,0.905266672315,,,,,,,,2017_Sep_29_1116,60.0202698694,Exp13,001,025,
,,,,,,,,,,,,,,,,,,,,,,,,,,space,5.2667786791,,,,,,2017_Sep_29_1116,60.0202698694,Exp13,001,025,
I,C,,,,,,,,,,0,0,0,10,,,,,banana,orange,,,,,,,,5,12.553,"[(None, 0.0), (u'5', 12.553)]",,,2017_Sep_29_1116,60.0202698694,Exp13,001,025,
D,H,,,,,,,,,,0,1,1,11,,,,,pear,kiwi,,,,,,,,10,5.81,"[(None, 0.0), (u'10', 5.81)]",,,2017_Sep_29_1116,60.0202698694,Exp13,001,025,
A, ,,,,,,,,,,0,2,2,0,,,,,mango,,,,,,,,,10,1.293,"[(None, 0.0), (u'10', 1.293)]",,,2017_Sep_29_1116,60.0202698694,Exp13,001,025,
H, ,,,,,,,,,,0,3,3,7,,,,,kiwi,,,,,,,,,0,1.789,"[(None, 0.0), (u'0', 1.789)]",,,2017_Sep_29_1116,60.0202698694,Exp13,001,025,
G, ,,,,,,,,,,0,4,4,6,,,,,peach,,,,,,,,,10,2.02,"[(None, 0.0), (u'10', 2.02)]",,,2017_Sep_29_1116,60.0202698694,Exp13,001,025,
B, ,,,,,,,,,,0,5,5,1,,,,,strawberry,,,,,,,,,10,0.77,"[(None, 0.0), (u'10', 0.77)]",,,2017_Sep_29_1116,60.0202698694,Exp13,001,025,
I, ,,,,,,,,,,0,6,6,8,,,,,banana,,,,,,,,,5,2.042,"[(None, 0.0), (u'5', 2.042)]",,,2017_Sep_29_1116,60.0202698694,Exp13,001,025,
D, ,,,,,,,,,,0,7,7,3,,,,,pear,,,,,,,,,5,2.892,"[(None, 0.0), (u'5', 2.892)]",,,2017_Sep_29_1116,60.0202698694,Exp13,001,025,
C, ,,,,,,,,,,0,8,8,2,,,,,orange,,,,,,,,,5,0.937,"[(None, 0.0), (u'5', 0.937)]",,,2017_Sep_29_1116,60.0202698694,Exp13,001,025,
F, ,,,,,,,,,,0,9,9,5,,,,,plum,,,,,,,,,10,2.143,"[(None, 0.0), (u'10', 2.143)]",,,2017_Sep_29_1116,60.0202698694,Exp13,001,025,
E, ,,,,,,,,,,0,10,10,4,,,,,cherry,,,,,,,,,0,1.97,"[(None, 0.0), (u'0', 1.97)]",,,2017_Sep_29_1116,60.0202698694,Exp13,001,025,
J, ,,,,,,,,,,0,11,11,9,,,,,apple,,,,,,,,,0,0.937,"[(None, 0.0), (u'0', 0.937)]",,,2017_Sep_29_1116,60.0202698694,Exp13,001,025,
C, ,,,,,,,,,,1,0,12,2,,,,,orange,,,,,,,,,5,2.87,"[(None, 0.0), (u'5', 2.87)]",,,2017_Sep_29_1116,60.0202698694,Exp13,001,025,
G, ,,,,,,,,,,1,1,13,6,,,,,peach,,,,,,,,,10,1.537,"[(None, 0.0), (u'10', 1.537)]",,,2017_Sep_29_1116,60.0202698694,Exp13,001,025,
D, ,,,,,,,,,,1,2,14,3,,,,,pear,,,,,,,,,5,1.687,"[(None, 0.0), (u'5', 1.687)]",,,2017_Sep_29_1116,60.0202698694,Exp13,001,025,
I,C,,,,,,,,,,1,3,15,10,,,,,banana,orange,,,,,,,,10,2.037,"[(None, 0.0), (u'10', 2.037)]",,,2017_Sep_29_1116,60.0202698694,Exp13,001,025,
B, ,,,,,,,,,,1,4,16,1,,,,,strawberry,,,,,,,,,10,0.937,"[(None, 0.0), (u'10', 0.937)]",,,2017_Sep_29_1116,60.0202698694,Exp13,001,025,
D,H,,,,,,,,,,1,5,17,11,,,,,pear,kiwi,,,,,,,,0,2.103,"[(None, 0.0), (u'0', 2.103)]",,,2017_Sep_29_1116,60.0202698694,Exp13,001,025,
I, ,,,,,,,,,,1,6,18,8,,,,,banana,,,,,,,,,5,1.41,"[(None, 0.0), (u'5', 1.409)]",,,2017_Sep_29_1116,60.0202698694,Exp13,001,025,
H, ,,,,,,,,,,1,7,19,7,,,,,kiwi,,,,,,,,,5,1.137,"[(None, 0.0), (u'5', 1.137)]",,,2017_Sep_29_1116,60.0202698694,Exp13,001,025,
E, ,,,,,,,,,,1,8,20,4,,,,,cherry,,,,,,,,,5,0.77,"[(None, 0.0), (u'5', 0.77)]",,,2017_Sep_29_1116,60.0202698694,Exp13,001,025,
J, ,,,,,,,,,,1,9,21,9,,,,,apple,,,,,,,,,0,1.637,"[(None, 0.0), (u'0', 1.637)]",,,2017_Sep_29_1116,60.0202698694,Exp13,001,025,
F, ,,,,,,,,,,1,10,22,5,,,,,plum,,,,,,,,,10,1.337,"[(None, 0.0), (u'10', 1.337)]",,,2017_Sep_29_1116,60.0202698694,Exp13,001,025,
A, ,,,,,,,,,,1,11,23,0,,,,,mango,,,,,,,,,10,0.603,"[(None, 0.0), (u'10', 0.603)]",,,2017_Sep_29_1116,60.0202698694,Exp13,001,025,
,,,,,,,,,,,,,,,,,,,,,,,,,,,,,,,space,1.80024014661,2017_Sep_29_1116,60.0202698694,Exp13,001,025,
