stim1,stim2,outcome,train_trials.thisRepN,train_trials.thisTrialN,train_trials.thisN,train_trials.thisIndex,train_trials2.thisRepN,train_trials2.thisTrialN,train_trials2.thisN,train_trials2.thisIndex,test_trials.thisRepN,test_trials.thisTrialN,test_trials.thisN,test_trials.thisIndex,start_exp.keys,start_exp.rt,start_exp2.keys,start_exp2.rt,stim.A,stim.B,pressed,key_ans.keys,key_ans.rt,key_answ.keys,key_answ.rt,start.keys,start.rt,rating.response,rating.rt,rating.history,exit_exp.keys,exit_exp.rt,date,frameRate,expName,session,participant,
,,,,,,,,,,,,,,,space,1355.86062106,,,,,,,,,,,,,,,,,2017_Sep_29_1230,59.9891250411,Exp13,001,026,
,,,,,,,,,,,,,,,,,space,8.11753270251,,,,,,,,,,,,,,,2017_Sep_29_1230,59.9891250411,Exp13,001,026,
H,J,No Stomach Ache,0,0,0,7,,,,,,,,,,,,,orange,apple,no stomach ache,z,7.80078434225,,,,,,,,,,2017_Sep_29_1230,59.9891250411,Exp13,001,026,
F, ,Stomach Ache,0,1,1,4,,,,,,,,,,,,,plum,,stomach ache,m,2.10045474494,,,,,,,,,,2017_Sep_29_1230,59.9891250411,Exp13,001,026,
F,I,Stomach Ache,0,2,2,5,,,,,,,,,,,,,plum,kiwi,stomach ache,m,2.66715673477,,,,,,,,,,2017_Sep_29_1230,59.9891250411,Exp13,001,026,
A, ,Stomach Ache,0,3,3,0,,,,,,,,,,,,,banana,,no stomach ache,z,1.10042009837,,,,,,,,,,2017_Sep_29_1230,59.9891250411,Exp13,001,026,
C,E,No Stomach Ache,0,4,4,3,,,,,,,,,,,,,pear,mango,no stomach ache,z,1.26690454976,,,,,,,,,,2017_Sep_29_1230,59.9891250411,Exp13,001,026,
A,D,Stomach Ache,0,5,5,1,,,,,,,,,,,,,banana,cherry,stomach ache,m,1.40031552874,,,,,,,,,,2017_Sep_29_1230,59.9891250411,Exp13,001,026,
G,J,Stomach Ache,0,6,6,6,,,,,,,,,,,,,peach,apple,no stomach ache,z,1.30012150796,,,,,,,,,,2017_Sep_29_1230,59.9891250411,Exp13,001,026,
B,E,Stomach Ache,0,7,7,2,,,,,,,,,,,,,strawberry,mango,stomach ache,m,0.950378067559,,,,,,,,,,2017_Sep_29_1230,59.9891250411,Exp13,001,026,
A, ,Stomach Ache,1,0,8,0,,,,,,,,,,,,,banana,,no stomach ache,z,0.93372216812,,,,,,,,,,2017_Sep_29_1230,59.9891250411,Exp13,001,026,
A,D,Stomach Ache,1,1,9,1,,,,,,,,,,,,,banana,cherry,stomach ache,m,1.41691753347,,,,,,,,,,2017_Sep_29_1230,59.9891250411,Exp13,001,026,
F,I,Stomach Ache,1,2,10,5,,,,,,,,,,,,,plum,kiwi,stomach ache,m,0.850369528373,,,,,,,,,,2017_Sep_29_1230,59.9891250411,Exp13,001,026,
H,J,No Stomach Ache,1,3,11,7,,,,,,,,,,,,,orange,apple,stomach ache,m,0.900420168357,,,,,,,,,,2017_Sep_29_1230,59.9891250411,Exp13,001,026,
C,E,No Stomach Ache,1,4,12,3,,,,,,,,,,,,,pear,mango,stomach ache,m,1.73379923051,,,,,,,,,,2017_Sep_29_1230,59.9891250411,Exp13,001,026,
B,E,Stomach Ache,1,5,13,2,,,,,,,,,,,,,strawberry,mango,no stomach ache,z,0.933550335147,,,,,,,,,,2017_Sep_29_1230,59.9891250411,Exp13,001,026,
F, ,Stomach Ache,1,6,14,4,,,,,,,,,,,,,plum,,stomach ache,m,0.766975942708,,,,,,,,,,2017_Sep_29_1230,59.9891250411,Exp13,001,026,
G,J,Stomach Ache,1,7,15,6,,,,,,,,,,,,,peach,apple,no stomach ache,z,1.000332817,,,,,,,,,,2017_Sep_29_1230,59.9891250411,Exp13,001,026,
A, ,Stomach Ache,2,0,16,0,,,,,,,,,,,,,banana,,stomach ache,m,1.68368629669,,,,,,,,,,2017_Sep_29_1230,59.9891250411,Exp13,001,026,
F, ,Stomach Ache,2,1,17,4,,,,,,,,,,,,,plum,,stomach ache,m,0.766920648166,,,,,,,,,,2017_Sep_29_1230,59.9891250411,Exp13,001,026,
C,E,No Stomach Ache,2,2,18,3,,,,,,,,,,,,,pear,mango,stomach ache,m,0.7003652938,,,,,,,,,,2017_Sep_29_1230,59.9891250411,Exp13,001,026,
F,I,Stomach Ache,2,3,19,5,,,,,,,,,,,,,plum,kiwi,stomach ache,m,0.683654099877,,,,,,,,,,2017_Sep_29_1230,59.9891250411,Exp13,001,026,
H,J,No Stomach Ache,2,4,20,7,,,,,,,,,,,,,orange,apple,no stomach ache,z,0.73361199905,,,,,,,,,,2017_Sep_29_1230,59.9891250411,Exp13,001,026,
B,E,Stomach Ache,2,5,21,2,,,,,,,,,,,,,strawberry,mango,stomach ache,m,0.85027398786,,,,,,,,,,2017_Sep_29_1230,59.9891250411,Exp13,001,026,
G,J,Stomach Ache,2,6,22,6,,,,,,,,,,,,,peach,apple,stomach ache,m,0.91708376701,,,,,,,,,,2017_Sep_29_1230,59.9891250411,Exp13,001,026,
A,D,Stomach Ache,2,7,23,1,,,,,,,,,,,,,banana,cherry,no stomach ache,z,1.08372745261,,,,,,,,,,2017_Sep_29_1230,59.9891250411,Exp13,001,026,
G,J,Stomach Ache,3,0,24,6,,,,,,,,,,,,,peach,apple,stomach ache,m,0.683608254418,,,,,,,,,,2017_Sep_29_1230,59.9891250411,Exp13,001,026,
A, ,Stomach Ache,3,1,25,0,,,,,,,,,,,,,banana,,stomach ache,m,0.483767208672,,,,,,,,,,2017_Sep_29_1230,59.9891250411,Exp13,001,026,
C,E,No Stomach Ache,3,2,26,3,,,,,,,,,,,,,pear,mango,no stomach ache,z,0.867010029295,,,,,,,,,,2017_Sep_29_1230,59.9891250411,Exp13,001,026,
H,J,No Stomach Ache,3,3,27,7,,,,,,,,,,,,,orange,apple,stomach ache,m,0.850349580345,,,,,,,,,,2017_Sep_29_1230,59.9891250411,Exp13,001,026,
F,I,Stomach Ache,3,4,28,5,,,,,,,,,,,,,plum,kiwi,stomach ache,m,0.633636706596,,,,,,,,,,2017_Sep_29_1230,59.9891250411,Exp13,001,026,
F, ,Stomach Ache,3,5,29,4,,,,,,,,,,,,,plum,,stomach ache,m,0.650377647573,,,,,,,,,,2017_Sep_29_1230,59.9891250411,Exp13,001,026,
B,E,Stomach Ache,3,6,30,2,,,,,,,,,,,,,strawberry,mango,no stomach ache,z,0.800375232822,,,,,,,,,,2017_Sep_29_1230,59.9891250411,Exp13,001,026,
A,D,Stomach Ache,3,7,31,1,,,,,,,,,,,,,banana,cherry,no stomach ache,z,1.53360017022,,,,,,,,,,2017_Sep_29_1230,59.9891250411,Exp13,001,026,
G,J,Stomach Ache,4,0,32,6,,,,,,,,,,,,,peach,apple,no stomach ache,z,0.733669393376,,,,,,,,,,2017_Sep_29_1230,59.9891250411,Exp13,001,026,
B,E,Stomach Ache,4,1,33,2,,,,,,,,,,,,,strawberry,mango,no stomach ache,z,0.766962993977,,,,,,,,,,2017_Sep_29_1230,59.9891250411,Exp13,001,026,
C,E,No Stomach Ache,4,2,34,3,,,,,,,,,,,,,pear,mango,no stomach ache,z,0.850393675995,,,,,,,,,,2017_Sep_29_1230,59.9891250411,Exp13,001,026,
F, ,Stomach Ache,4,3,35,4,,,,,,,,,,,,,plum,,stomach ache,m,0.567023957934,,,,,,,,,,2017_Sep_29_1230,59.9891250411,Exp13,001,026,
A, ,Stomach Ache,4,4,36,0,,,,,,,,,,,,,banana,,stomach ache,m,0.733673942916,,,,,,,,,,2017_Sep_29_1230,59.9891250411,Exp13,001,026,
H,J,No Stomach Ache,4,5,37,7,,,,,,,,,,,,,orange,apple,stomach ache,m,0.883665578731,,,,,,,,,,2017_Sep_29_1230,59.9891250411,Exp13,001,026,
F,I,Stomach Ache,4,6,38,5,,,,,,,,,,,,,plum,kiwi,stomach ache,m,0.650311154168,,,,,,,,,,2017_Sep_29_1230,59.9891250411,Exp13,001,026,
A,D,Stomach Ache,4,7,39,1,,,,,,,,,,,,,banana,cherry,no stomach ache,z,0.683734241931,,,,,,,,,,2017_Sep_29_1230,59.9891250411,Exp13,001,026,
C,E,No Stomach Ache,5,0,40,3,,,,,,,,,,,,,pear,mango,stomach ache,m,0.850401375239,,,,,,,,,,2017_Sep_29_1230,59.9891250411,Exp13,001,026,
H,J,No Stomach Ache,5,1,41,7,,,,,,,,,,,,,orange,apple,no stomach ache,z,0.583698055532,,,,,,,,,,2017_Sep_29_1230,59.9891250411,Exp13,001,026,
F,I,Stomach Ache,5,2,42,5,,,,,,,,,,,,,plum,kiwi,stomach ache,m,0.583629812289,,,,,,,,,,2017_Sep_29_1230,59.9891250411,Exp13,001,026,
B,E,Stomach Ache,5,3,43,2,,,,,,,,,,,,,strawberry,mango,stomach ache,m,1.35035238008,,,,,,,,,,2017_Sep_29_1230,59.9891250411,Exp13,001,026,
F, ,Stomach Ache,5,4,44,4,,,,,,,,,,,,,plum,,stomach ache,m,0.567034106905,,,,,,,,,,2017_Sep_29_1230,59.9891250411,Exp13,001,026,
A,D,Stomach Ache,5,5,45,1,,,,,,,,,,,,,banana,cherry,stomach ache,m,2.50047630281,,,,,,,,,,2017_Sep_29_1230,59.9891250411,Exp13,001,026,
A, ,Stomach Ache,5,6,46,0,,,,,,,,,,,,,banana,,stomach ache,m,0.683763289038,,,,,,,,,,2017_Sep_29_1230,59.9891250411,Exp13,001,026,
G,J,Stomach Ache,5,7,47,6,,,,,,,,,,,,,peach,apple,no stomach ache,z,1.03361101914,,,,,,,,,,2017_Sep_29_1230,59.9891250411,Exp13,001,026,
G,J,Stomach Ache,6,0,48,6,,,,,,,,,,,,,peach,apple,stomach ache,m,3.03379265117,,,,,,,,,,2017_Sep_29_1230,59.9891250411,Exp13,001,026,
A,D,Stomach Ache,6,1,49,1,,,,,,,,,,,,,banana,cherry,stomach ache,m,0.767057484598,,,,,,,,,,2017_Sep_29_1230,59.9891250411,Exp13,001,026,
A, ,Stomach Ache,6,2,50,0,,,,,,,,,,,,,banana,,stomach ache,m,0.566991761123,,,,,,,,,,2017_Sep_29_1230,59.9891250411,Exp13,001,026,
H,J,No Stomach Ache,6,3,51,7,,,,,,,,,,,,,orange,apple,no stomach ache,z,2.00033036724,,,,,,,,,,2017_Sep_29_1230,59.9891250411,Exp13,001,026,
F, ,Stomach Ache,6,4,52,4,,,,,,,,,,,,,plum,,stomach ache,m,0.450255929638,,,,,,,,,,2017_Sep_29_1230,59.9891250411,Exp13,001,026,
C,E,No Stomach Ache,6,5,53,3,,,,,,,,,,,,,pear,mango,no stomach ache,z,1.48366746856,,,,,,,,,,2017_Sep_29_1230,59.9891250411,Exp13,001,026,
F,I,Stomach Ache,6,6,54,5,,,,,,,,,,,,,plum,kiwi,stomach ache,m,0.566968663421,,,,,,,,,,2017_Sep_29_1230,59.9891250411,Exp13,001,026,
B,E,Stomach Ache,6,7,55,2,,,,,,,,,,,,,strawberry,mango,stomach ache,m,1.7001836618,,,,,,,,,,2017_Sep_29_1230,59.9891250411,Exp13,001,026,
A,D,Stomach Ache,7,0,56,1,,,,,,,,,,,,,banana,cherry,stomach ache,m,1.01704261109,,,,,,,,,,2017_Sep_29_1230,59.9891250411,Exp13,001,026,
B,E,Stomach Ache,7,1,57,2,,,,,,,,,,,,,strawberry,mango,stomach ache,m,3.51722214327,,,,,,,,,,2017_Sep_29_1230,59.9891250411,Exp13,001,026,
F,I,Stomach Ache,7,2,58,5,,,,,,,,,,,,,plum,kiwi,stomach ache,m,0.533505679574,,,,,,,,,,2017_Sep_29_1230,59.9891250411,Exp13,001,026,
A, ,Stomach Ache,7,3,59,0,,,,,,,,,,,,,banana,,stomach ache,m,0.617014053918,,,,,,,,,,2017_Sep_29_1230,59.9891250411,Exp13,001,026,
G,J,Stomach Ache,7,4,60,6,,,,,,,,,,,,,peach,apple,no stomach ache,z,2.26708723165,,,,,,,,,,2017_Sep_29_1230,59.9891250411,Exp13,001,026,
H,J,No Stomach Ache,7,5,61,7,,,,,,,,,,,,,orange,apple,no stomach ache,z,1.31707837753,,,,,,,,,,2017_Sep_29_1230,59.9891250411,Exp13,001,026,
C,E,No Stomach Ache,7,6,62,3,,,,,,,,,,,,,pear,mango,no stomach ache,z,0.967045165802,,,,,,,,,,2017_Sep_29_1230,59.9891250411,Exp13,001,026,
F, ,Stomach Ache,7,7,63,4,,,,,,,,,,,,,plum,,stomach ache,m,0.500340516242,,,,,,,,,,2017_Sep_29_1230,59.9891250411,Exp13,001,026,
G,J,Stomach Ache,8,0,64,6,,,,,,,,,,,,,peach,apple,stomach ache,m,3.40060844971,,,,,,,,,,2017_Sep_29_1230,59.9891250411,Exp13,001,026,
F, ,Stomach Ache,8,1,65,4,,,,,,,,,,,,,plum,,stomach ache,m,0.483673067996,,,,,,,,,,2017_Sep_29_1230,59.9891250411,Exp13,001,026,
B,E,Stomach Ache,8,2,66,2,,,,,,,,,,,,,strawberry,mango,stomach ache,m,1.88385735973,,,,,,,,,,2017_Sep_29_1230,59.9891250411,Exp13,001,026,
A, ,Stomach Ache,8,3,67,0,,,,,,,,,,,,,banana,,stomach ache,m,0.667028997414,,,,,,,,,,2017_Sep_29_1230,59.9891250411,Exp13,001,026,
C,E,No Stomach Ache,8,4,68,3,,,,,,,,,,,,,pear,mango,stomach ache,m,1.46698252205,,,,,,,,,,2017_Sep_29_1230,59.9891250411,Exp13,001,026,
A,D,Stomach Ache,8,5,69,1,,,,,,,,,,,,,banana,cherry,stomach ache,m,0.633705649758,,,,,,,,,,2017_Sep_29_1230,59.9891250411,Exp13,001,026,
H,J,No Stomach Ache,8,6,70,7,,,,,,,,,,,,,orange,apple,no stomach ache,z,1.18372479288,,,,,,,,,,2017_Sep_29_1230,59.9891250411,Exp13,001,026,
F,I,Stomach Ache,8,7,71,5,,,,,,,,,,,,,plum,kiwi,stomach ache,m,0.950375267828,,,,,,,,,,2017_Sep_29_1230,59.9891250411,Exp13,001,026,
B,E,Stomach Ache,9,0,72,2,,,,,,,,,,,,,strawberry,mango,stomach ache,m,1.31695518974,,,,,,,,,,2017_Sep_29_1230,59.9891250411,Exp13,001,026,
G,J,Stomach Ache,9,1,73,6,,,,,,,,,,,,,peach,apple,stomach ache,m,1.81683340183,,,,,,,,,,2017_Sep_29_1230,59.9891250411,Exp13,001,026,
F,I,Stomach Ache,9,2,74,5,,,,,,,,,,,,,plum,kiwi,stomach ache,m,0.450261529069,,,,,,,,,,2017_Sep_29_1230,59.9891250411,Exp13,001,026,
F, ,Stomach Ache,9,3,75,4,,,,,,,,,,,,,plum,,stomach ache,m,0.400378172548,,,,,,,,,,2017_Sep_29_1230,59.9891250411,Exp13,001,026,
A, ,Stomach Ache,9,4,76,0,,,,,,,,,,,,,banana,,stomach ache,m,0.733711389184,,,,,,,,,,2017_Sep_29_1230,59.9891250411,Exp13,001,026,
H,J,No Stomach Ache,9,5,77,7,,,,,,,,,,,,,orange,apple,no stomach ache,z,1.03378355203,,,,,,,,,,2017_Sep_29_1230,59.9891250411,Exp13,001,026,
C,E,No Stomach Ache,9,6,78,3,,,,,,,,,,,,,pear,mango,no stomach ache,z,0.73375233516,,,,,,,,,,2017_Sep_29_1230,59.9891250411,Exp13,001,026,
A,D,Stomach Ache,9,7,79,1,,,,,,,,,,,,,banana,cherry,stomach ache,m,0.517059759382,,,,,,,,,,2017_Sep_29_1230,59.9891250411,Exp13,001,026,
B,E,Stomach Ache,10,0,80,2,,,,,,,,,,,,,strawberry,mango,stomach ache,m,1.40042156822,,,,,,,,,,2017_Sep_29_1230,59.9891250411,Exp13,001,026,
C,E,No Stomach Ache,10,1,81,3,,,,,,,,,,,,,pear,mango,no stomach ache,z,1.66704754558,,,,,,,,,,2017_Sep_29_1230,59.9891250411,Exp13,001,026,
F,I,Stomach Ache,10,2,82,5,,,,,,,,,,,,,plum,kiwi,stomach ache,m,0.500356264674,,,,,,,,,,2017_Sep_29_1230,59.9891250411,Exp13,001,026,
G,J,Stomach Ache,10,3,83,6,,,,,,,,,,,,,peach,apple,stomach ache,m,1.36706742362,,,,,,,,,,2017_Sep_29_1230,59.9891250411,Exp13,001,026,
F, ,Stomach Ache,10,4,84,4,,,,,,,,,,,,,plum,,stomach ache,m,0.550183976768,,,,,,,,,,2017_Sep_29_1230,59.9891250411,Exp13,001,026,
A,D,Stomach Ache,10,5,85,1,,,,,,,,,,,,,banana,cherry,stomach ache,m,0.683638001472,,,,,,,,,,2017_Sep_29_1230,59.9891250411,Exp13,001,026,
A, ,Stomach Ache,10,6,86,0,,,,,,,,,,,,,banana,,stomach ache,m,0.467016468639,,,,,,,,,,2017_Sep_29_1230,59.9891250411,Exp13,001,026,
H,J,No Stomach Ache,10,7,87,7,,,,,,,,,,,,,orange,apple,no stomach ache,z,1.71708873651,,,,,,,,,,2017_Sep_29_1230,59.9891250411,Exp13,001,026,
A,D,Stomach Ache,11,0,88,1,,,,,,,,,,,,,banana,cherry,stomach ache,m,0.467010869208,,,,,,,,,,2017_Sep_29_1230,59.9891250411,Exp13,001,026,
C,E,No Stomach Ache,11,1,89,3,,,,,,,,,,,,,pear,mango,no stomach ache,z,1.76707253311,,,,,,,,,,2017_Sep_29_1230,59.9891250411,Exp13,001,026,
B,E,Stomach Ache,11,2,90,2,,,,,,,,,,,,,strawberry,mango,stomach ache,m,1.10034310599,,,,,,,,,,2017_Sep_29_1230,59.9891250411,Exp13,001,026,
H,J,No Stomach Ache,11,3,91,7,,,,,,,,,,,,,orange,apple,no stomach ache,z,2.15046618882,,,,,,,,,,2017_Sep_29_1230,59.9891250411,Exp13,001,026,
F, ,Stomach Ache,11,4,92,4,,,,,,,,,,,,,plum,,stomach ache,m,0.600288161455,,,,,,,,,,2017_Sep_29_1230,59.9891250411,Exp13,001,026,
A, ,Stomach Ache,11,5,93,0,,,,,,,,,,,,,banana,,stomach ache,m,0.683652350068,,,,,,,,,,2017_Sep_29_1230,59.9891250411,Exp13,001,026,
F,I,Stomach Ache,11,6,94,5,,,,,,,,,,,,,plum,kiwi,stomach ache,m,0.583770148369,,,,,,,,,,2017_Sep_29_1230,59.9891250411,Exp13,001,026,
G,J,Stomach Ache,11,7,95,6,,,,,,,,,,,,,peach,apple,stomach ache,m,3.40054055644,,,,,,,,,,2017_Sep_29_1230,59.9891250411,Exp13,001,026,
D,C,Stomach Ache,,,,,0,0,0,0,,,,,,,,,cherry,pear,stomach ache,,,m,1.0336740129,,,,,,,,2017_Sep_29_1230,59.9891250411,Exp13,001,026,
D,C,Stomach Ache,,,,,1,0,1,0,,,,,,,,,cherry,pear,stomach ache,,,m,0.983718913456,,,,,,,,2017_Sep_29_1230,59.9891250411,Exp13,001,026,
D,C,Stomach Ache,,,,,2,0,2,0,,,,,,,,,cherry,pear,stomach ache,,,m,0.9003571746,,,,,,,,2017_Sep_29_1230,59.9891250411,Exp13,001,026,
D,C,Stomach Ache,,,,,3,0,3,0,,,,,,,,,cherry,pear,stomach ache,,,m,0.534141916549,,,,,,,,2017_Sep_29_1230,59.9891250411,Exp13,001,026,
D,C,Stomach Ache,,,,,4,0,4,0,,,,,,,,,cherry,pear,stomach ache,,,m,1.23350175997,,,,,,,,2017_Sep_29_1230,59.9891250411,Exp13,001,026,
D,C,Stomach Ache,,,,,5,0,5,0,,,,,,,,,cherry,pear,stomach ache,,,m,0.767095980787,,,,,,,,2017_Sep_29_1230,59.9891250411,Exp13,001,026,
,,,,,,,,,,,,,,,,,,,,,,,,,,space,9.26754113668,,,,,,2017_Sep_29_1230,59.9891250411,Exp13,001,026,
J, ,,,,,,,,,,0,0,0,9,,,,,apple,,,,,,,,,9,9.036,"[(None, 0.0), (u'9', 9.036)]",,,2017_Sep_29_1230,59.9891250411,Exp13,001,026,
C, ,,,,,,,,,,0,1,1,2,,,,,pear,,,,,,,,,4,2.286,"[(None, 0.0), (u'4', 2.286)]",,,2017_Sep_29_1230,59.9891250411,Exp13,001,026,
E, ,,,,,,,,,,0,2,2,4,,,,,mango,,,,,,,,,1,1.32,"[(None, 0.0), (u'1', 1.32)]",,,2017_Sep_29_1230,59.9891250411,Exp13,001,026,
A, ,,,,,,,,,,0,3,3,0,,,,,banana,,,,,,,,,10,1.086,"[(None, 0.0), (u'10', 1.086)]",,,2017_Sep_29_1230,59.9891250411,Exp13,001,026,
D, ,,,,,,,,,,0,4,4,3,,,,,cherry,,,,,,,,,4,2.72,"[(None, 0.0), (u'4', 2.72)]",,,2017_Sep_29_1230,59.9891250411,Exp13,001,026,
B, ,,,,,,,,,,0,5,5,1,,,,,strawberry,,,,,,,,,0,1.553,"[(None, 0.0), (u'0', 1.553)]",,,2017_Sep_29_1230,59.9891250411,Exp13,001,026,
H, ,,,,,,,,,,0,6,6,7,,,,,orange,,,,,,,,,0,1.436,"[(None, 0.0), (u'0', 1.436)]",,,2017_Sep_29_1230,59.9891250411,Exp13,001,026,
G, ,,,,,,,,,,0,7,7,6,,,,,peach,,,,,,,,,6,1.437,"[(None, 0.0), (u'6', 1.437)]",,,2017_Sep_29_1230,59.9891250411,Exp13,001,026,
I,C,,,,,,,,,,0,8,8,10,,,,,kiwi,pear,,,,,,,,1,2.97,"[(None, 0.0), (u'1', 2.97)]",,,2017_Sep_29_1230,59.9891250411,Exp13,001,026,
D,H,,,,,,,,,,0,9,9,11,,,,,cherry,orange,,,,,,,,0,1.72,"[(None, 0.0), (u'0', 1.72)]",,,2017_Sep_29_1230,59.9891250411,Exp13,001,026,
I, ,,,,,,,,,,0,10,10,8,,,,,kiwi,,,,,,,,,1,1.536,"[(None, 0.0), (u'1', 1.536)]",,,2017_Sep_29_1230,59.9891250411,Exp13,001,026,
F, ,,,,,,,,,,0,11,11,5,,,,,plum,,,,,,,,,10,1.286,"[(None, 0.0), (u'10', 1.286)]",,,2017_Sep_29_1230,59.9891250411,Exp13,001,026,
H, ,,,,,,,,,,1,0,12,7,,,,,orange,,,,,,,,,0,1.653,"[(None, 0.0), (u'0', 1.653)]",,,2017_Sep_29_1230,59.9891250411,Exp13,001,026,
J, ,,,,,,,,,,1,1,13,9,,,,,apple,,,,,,,,,10,1.47,"[(None, 0.0), (u'10', 1.47)]",,,2017_Sep_29_1230,59.9891250411,Exp13,001,026,
D,H,,,,,,,,,,1,2,14,11,,,,,cherry,orange,,,,,,,,0,1.953,"[(None, 0.0), (u'0', 1.953)]",,,2017_Sep_29_1230,59.9891250411,Exp13,001,026,
B, ,,,,,,,,,,1,3,15,1,,,,,strawberry,,,,,,,,,6,1.369,"[(None, 0.0), (u'6', 1.369)]",,,2017_Sep_29_1230,59.9891250411,Exp13,001,026,
A, ,,,,,,,,,,1,4,16,0,,,,,banana,,,,,,,,,10,1.153,"[(None, 0.0), (u'10', 1.153)]",,,2017_Sep_29_1230,59.9891250411,Exp13,001,026,
I,C,,,,,,,,,,1,5,17,10,,,,,kiwi,pear,,,,,,,,3,1.803,"[(None, 0.0), (u'3', 1.803)]",,,2017_Sep_29_1230,59.9891250411,Exp13,001,026,
G, ,,,,,,,,,,1,6,18,6,,,,,peach,,,,,,,,,3,1.07,"[(None, 0.0), (u'3', 1.07)]",,,2017_Sep_29_1230,59.9891250411,Exp13,001,026,
D, ,,,,,,,,,,1,7,19,3,,,,,cherry,,,,,,,,,5,0.953,"[(None, 0.0), (u'5', 0.953)]",,,2017_Sep_29_1230,59.9891250411,Exp13,001,026,
E, ,,,,,,,,,,1,8,20,4,,,,,mango,,,,,,,,,7,1.153,"[(None, 0.0), (u'7', 1.153)]",,,2017_Sep_29_1230,59.9891250411,Exp13,001,026,
F, ,,,,,,,,,,1,9,21,5,,,,,plum,,,,,,,,,10,0.887,"[(None, 0.0), (u'10', 0.887)]",,,2017_Sep_29_1230,59.9891250411,Exp13,001,026,
I, ,,,,,,,,,,1,10,22,8,,,,,kiwi,,,,,,,,,5,1.52,"[(None, 0.0), (u'5', 1.52)]",,,2017_Sep_29_1230,59.9891250411,Exp13,001,026,
C, ,,,,,,,,,,1,11,23,2,,,,,pear,,,,,,,,,1,1.503,"[(None, 0.0), (u'1', 1.503)]",,,2017_Sep_29_1230,59.9891250411,Exp13,001,026,
,,,,,,,,,,,,,,,,,,,,,,,,,,,,,,,space,89.3559458758,2017_Sep_29_1230,59.9891250411,Exp13,001,026,
