stim1,stim2,outcome,train_trials.thisRepN,train_trials.thisTrialN,train_trials.thisN,train_trials.thisIndex,train_trials2.thisRepN,train_trials2.thisTrialN,train_trials2.thisN,train_trials2.thisIndex,test_trials.thisRepN,test_trials.thisTrialN,test_trials.thisN,test_trials.thisIndex,start_exp.keys,start_exp.rt,start_exp2.keys,start_exp2.rt,stim.A,stim.B,pressed,key_ans.keys,key_ans.rt,key_answ.keys,key_answ.rt,start.keys,start.rt,rating.response,rating.rt,rating.history,exit_exp.keys,exit_exp.rt,date,frameRate,expName,session,participant,
,,,,,,,,,,,,,,,space,741.905308318,,,,,,,,,,,,,,,,,2017_Sep_29_1127,60.0149752756,Exp13,001,027,
,,,,,,,,,,,,,,,,,space,16.949326683,,,,,,,,,,,,,,,2017_Sep_29_1127,60.0149752756,Exp13,001,027,
A, ,Stomach Ache,0,0,0,0,,,,,,,,,,,,,plum,,no stomach ache,z,4.61576540524,,,,,,,,,,2017_Sep_29_1127,60.0149752756,Exp13,001,027,
C,E,No Stomach Ache,0,1,1,3,,,,,,,,,,,,,cherry,pear,no stomach ache,z,3.43341075745,,,,,,,,,,2017_Sep_29_1127,60.0149752756,Exp13,001,027,
F,I,Stomach Ache,0,2,2,5,,,,,,,,,,,,,banana,mango,stomach ache,m,5.73577327249,,,,,,,,,,2017_Sep_29_1127,60.0149752756,Exp13,001,027,
H,J,No Stomach Ache,0,3,3,7,,,,,,,,,,,,,peach,apple,stomach ache,m,3.41631492175,,,,,,,,,,2017_Sep_29_1127,60.0149752756,Exp13,001,027,
B,E,Stomach Ache,0,4,4,2,,,,,,,,,,,,,kiwi,pear,no stomach ache,z,5.23289077808,,,,,,,,,,2017_Sep_29_1127,60.0149752756,Exp13,001,027,
A,D,Stomach Ache,0,5,5,1,,,,,,,,,,,,,plum,strawberry,stomach ache,m,3.54881202316,,,,,,,,,,2017_Sep_29_1127,60.0149752756,Exp13,001,027,
G,J,Stomach Ache,0,6,6,6,,,,,,,,,,,,,orange,apple,stomach ache,m,2.2048760053,,,,,,,,,,2017_Sep_29_1127,60.0149752756,Exp13,001,027,
F, ,Stomach Ache,0,7,7,4,,,,,,,,,,,,,banana,,no stomach ache,z,3.07136750239,,,,,,,,,,2017_Sep_29_1127,60.0149752756,Exp13,001,027,
G,J,Stomach Ache,1,0,8,6,,,,,,,,,,,,,orange,apple,stomach ache,m,1.34889713489,,,,,,,,,,2017_Sep_29_1127,60.0149752756,Exp13,001,027,
A,D,Stomach Ache,1,1,9,1,,,,,,,,,,,,,plum,strawberry,stomach ache,m,1.19917191062,,,,,,,,,,2017_Sep_29_1127,60.0149752756,Exp13,001,027,
H,J,No Stomach Ache,1,2,10,7,,,,,,,,,,,,,peach,apple,stomach ache,m,1.47196370433,,,,,,,,,,2017_Sep_29_1127,60.0149752756,Exp13,001,027,
C,E,No Stomach Ache,1,3,11,3,,,,,,,,,,,,,cherry,pear,no stomach ache,z,3.11912105355,,,,,,,,,,2017_Sep_29_1127,60.0149752756,Exp13,001,027,
B,E,Stomach Ache,1,4,12,2,,,,,,,,,,,,,kiwi,pear,stomach ache,m,2.21935759555,,,,,,,,,,2017_Sep_29_1127,60.0149752756,Exp13,001,027,
F, ,Stomach Ache,1,5,13,4,,,,,,,,,,,,,banana,,stomach ache,m,1.40036732424,,,,,,,,,,2017_Sep_29_1127,60.0149752756,Exp13,001,027,
F,I,Stomach Ache,1,6,14,5,,,,,,,,,,,,,banana,mango,stomach ache,m,1.20517662607,,,,,,,,,,2017_Sep_29_1127,60.0149752756,Exp13,001,027,
A, ,Stomach Ache,1,7,15,0,,,,,,,,,,,,,plum,,stomach ache,m,0.916871892521,,,,,,,,,,2017_Sep_29_1127,60.0149752756,Exp13,001,027,
G,J,Stomach Ache,2,0,16,6,,,,,,,,,,,,,orange,apple,stomach ache,m,1.34936748908,,,,,,,,,,2017_Sep_29_1127,60.0149752756,Exp13,001,027,
B,E,Stomach Ache,2,1,17,2,,,,,,,,,,,,,kiwi,pear,stomach ache,m,1.50482340544,,,,,,,,,,2017_Sep_29_1127,60.0149752756,Exp13,001,027,
A,D,Stomach Ache,2,2,18,1,,,,,,,,,,,,,plum,strawberry,stomach ache,m,0.985949217837,,,,,,,,,,2017_Sep_29_1127,60.0149752756,Exp13,001,027,
A, ,Stomach Ache,2,3,19,0,,,,,,,,,,,,,plum,,stomach ache,m,0.669235299923,,,,,,,,,,2017_Sep_29_1127,60.0149752756,Exp13,001,027,
C,E,No Stomach Ache,2,4,20,3,,,,,,,,,,,,,cherry,pear,no stomach ache,z,2.90243684777,,,,,,,,,,2017_Sep_29_1127,60.0149752756,Exp13,001,027,
F, ,Stomach Ache,2,5,21,4,,,,,,,,,,,,,banana,,stomach ache,m,0.721633948939,,,,,,,,,,2017_Sep_29_1127,60.0149752756,Exp13,001,027,
H,J,No Stomach Ache,2,6,22,7,,,,,,,,,,,,,peach,apple,stomach ache,m,1.54935622017,,,,,,,,,,2017_Sep_29_1127,60.0149752756,Exp13,001,027,
F,I,Stomach Ache,2,7,23,5,,,,,,,,,,,,,banana,mango,stomach ache,m,0.865690075065,,,,,,,,,,2017_Sep_29_1127,60.0149752756,Exp13,001,027,
A, ,Stomach Ache,3,0,24,0,,,,,,,,,,,,,plum,,stomach ache,m,0.688994376425,,,,,,,,,,2017_Sep_29_1127,60.0149752756,Exp13,001,027,
F,I,Stomach Ache,3,1,25,5,,,,,,,,,,,,,banana,mango,stomach ache,m,0.715880859003,,,,,,,,,,2017_Sep_29_1127,60.0149752756,Exp13,001,027,
C,E,No Stomach Ache,3,2,26,3,,,,,,,,,,,,,cherry,pear,no stomach ache,z,0.966855426639,,,,,,,,,,2017_Sep_29_1127,60.0149752756,Exp13,001,027,
A,D,Stomach Ache,3,3,27,1,,,,,,,,,,,,,plum,strawberry,stomach ache,m,0.732586832659,,,,,,,,,,2017_Sep_29_1127,60.0149752756,Exp13,001,027,
G,J,Stomach Ache,3,4,28,6,,,,,,,,,,,,,orange,apple,stomach ache,m,1.13518413983,,,,,,,,,,2017_Sep_29_1127,60.0149752756,Exp13,001,027,
F, ,Stomach Ache,3,5,29,4,,,,,,,,,,,,,banana,,stomach ache,m,0.752520892071,,,,,,,,,,2017_Sep_29_1127,60.0149752756,Exp13,001,027,
H,J,No Stomach Ache,3,6,30,7,,,,,,,,,,,,,peach,apple,no stomach ache,z,1.93766756804,,,,,,,,,,2017_Sep_29_1127,60.0149752756,Exp13,001,027,
B,E,Stomach Ache,3,7,31,2,,,,,,,,,,,,,kiwi,pear,stomach ache,m,1.77128886504,,,,,,,,,,2017_Sep_29_1127,60.0149752756,Exp13,001,027,
A, ,Stomach Ache,4,0,32,0,,,,,,,,,,,,,plum,,stomach ache,m,0.617051880021,,,,,,,,,,2017_Sep_29_1127,60.0149752756,Exp13,001,027,
G,J,Stomach Ache,4,1,33,6,,,,,,,,,,,,,orange,apple,stomach ache,m,1.01986021662,,,,,,,,,,2017_Sep_29_1127,60.0149752756,Exp13,001,027,
F, ,Stomach Ache,4,2,34,4,,,,,,,,,,,,,banana,,stomach ache,m,0.654851350235,,,,,,,,,,2017_Sep_29_1127,60.0149752756,Exp13,001,027,
F,I,Stomach Ache,4,3,35,5,,,,,,,,,,,,,banana,mango,stomach ache,m,0.950198098202,,,,,,,,,,2017_Sep_29_1127,60.0149752756,Exp13,001,027,
H,J,No Stomach Ache,4,4,36,7,,,,,,,,,,,,,peach,apple,no stomach ache,z,1.44932615812,,,,,,,,,,2017_Sep_29_1127,60.0149752756,Exp13,001,027,
B,E,Stomach Ache,4,5,37,2,,,,,,,,,,,,,kiwi,pear,no stomach ache,z,1.46823306751,,,,,,,,,,2017_Sep_29_1127,60.0149752756,Exp13,001,027,
C,E,No Stomach Ache,4,6,38,3,,,,,,,,,,,,,cherry,pear,no stomach ache,z,0.916890790686,,,,,,,,,,2017_Sep_29_1127,60.0149752756,Exp13,001,027,
A,D,Stomach Ache,4,7,39,1,,,,,,,,,,,,,plum,strawberry,stomach ache,m,1.1511023402,,,,,,,,,,2017_Sep_29_1127,60.0149752756,Exp13,001,027,
F,I,Stomach Ache,5,0,40,5,,,,,,,,,,,,,banana,mango,stomach ache,m,0.687373684166,,,,,,,,,,2017_Sep_29_1127,60.0149752756,Exp13,001,027,
A, ,Stomach Ache,5,1,41,0,,,,,,,,,,,,,plum,,stomach ache,m,1.01691455336,,,,,,,,,,2017_Sep_29_1127,60.0149752756,Exp13,001,027,
A,D,Stomach Ache,5,2,42,1,,,,,,,,,,,,,plum,strawberry,stomach ache,m,0.933664657758,,,,,,,,,,2017_Sep_29_1127,60.0149752756,Exp13,001,027,
C,E,No Stomach Ache,5,3,43,3,,,,,,,,,,,,,cherry,pear,no stomach ache,z,1.88583236423,,,,,,,,,,2017_Sep_29_1127,60.0149752756,Exp13,001,027,
B,E,Stomach Ache,5,4,44,2,,,,,,,,,,,,,kiwi,pear,no stomach ache,z,2.06681164587,,,,,,,,,,2017_Sep_29_1127,60.0149752756,Exp13,001,027,
H,J,No Stomach Ache,5,5,45,7,,,,,,,,,,,,,peach,apple,no stomach ache,z,0.887329168501,,,,,,,,,,2017_Sep_29_1127,60.0149752756,Exp13,001,027,
G,J,Stomach Ache,5,6,46,6,,,,,,,,,,,,,orange,apple,stomach ache,m,0.888576797064,,,,,,,,,,2017_Sep_29_1127,60.0149752756,Exp13,001,027,
F, ,Stomach Ache,5,7,47,4,,,,,,,,,,,,,banana,,stomach ache,m,0.752484145662,,,,,,,,,,2017_Sep_29_1127,60.0149752756,Exp13,001,027,
G,J,Stomach Ache,6,0,48,6,,,,,,,,,,,,,orange,apple,stomach ache,m,1.13132436559,,,,,,,,,,2017_Sep_29_1127,60.0149752756,Exp13,001,027,
A, ,Stomach Ache,6,1,49,0,,,,,,,,,,,,,plum,,stomach ache,m,0.688219201867,,,,,,,,,,2017_Sep_29_1127,60.0149752756,Exp13,001,027,
H,J,No Stomach Ache,6,2,50,7,,,,,,,,,,,,,peach,apple,no stomach ache,z,1.54834971816,,,,,,,,,,2017_Sep_29_1127,60.0149752756,Exp13,001,027,
B,E,Stomach Ache,6,3,51,2,,,,,,,,,,,,,kiwi,pear,stomach ache,m,1.74879550474,,,,,,,,,,2017_Sep_29_1127,60.0149752756,Exp13,001,027,
F, ,Stomach Ache,6,4,52,4,,,,,,,,,,,,,banana,,stomach ache,m,0.571568557818,,,,,,,,,,2017_Sep_29_1127,60.0149752756,Exp13,001,027,
A,D,Stomach Ache,6,5,53,1,,,,,,,,,,,,,plum,strawberry,stomach ache,m,1.60308438973,,,,,,,,,,2017_Sep_29_1127,60.0149752756,Exp13,001,027,
F,I,Stomach Ache,6,6,54,5,,,,,,,,,,,,,banana,mango,stomach ache,m,0.953777199786,,,,,,,,,,2017_Sep_29_1127,60.0149752756,Exp13,001,027,
C,E,No Stomach Ache,6,7,55,3,,,,,,,,,,,,,cherry,pear,no stomach ache,z,1.61598238413,,,,,,,,,,2017_Sep_29_1127,60.0149752756,Exp13,001,027,
C,E,No Stomach Ache,7,0,56,3,,,,,,,,,,,,,cherry,pear,no stomach ache,z,0.755447307194,,,,,,,,,,2017_Sep_29_1127,60.0149752756,Exp13,001,027,
F, ,Stomach Ache,7,1,57,4,,,,,,,,,,,,,banana,,stomach ache,m,0.769230715407,,,,,,,,,,2017_Sep_29_1127,60.0149752756,Exp13,001,027,
H,J,No Stomach Ache,7,2,58,7,,,,,,,,,,,,,peach,apple,no stomach ache,z,1.1034359305,,,,,,,,,,2017_Sep_29_1127,60.0149752756,Exp13,001,027,
G,J,Stomach Ache,7,3,59,6,,,,,,,,,,,,,orange,apple,stomach ache,m,1.53353636025,,,,,,,,,,2017_Sep_29_1127,60.0149752756,Exp13,001,027,
A,D,Stomach Ache,7,4,60,1,,,,,,,,,,,,,plum,strawberry,stomach ache,m,1.58211513111,,,,,,,,,,2017_Sep_29_1127,60.0149752756,Exp13,001,027,
F,I,Stomach Ache,7,5,61,5,,,,,,,,,,,,,banana,mango,stomach ache,m,0.820682006597,,,,,,,,,,2017_Sep_29_1127,60.0149752756,Exp13,001,027,
B,E,Stomach Ache,7,6,62,2,,,,,,,,,,,,,kiwi,pear,stomach ache,m,2.36540502781,,,,,,,,,,2017_Sep_29_1127,60.0149752756,Exp13,001,027,
A, ,Stomach Ache,7,7,63,0,,,,,,,,,,,,,plum,,stomach ache,m,0.638295161974,,,,,,,,,,2017_Sep_29_1127,60.0149752756,Exp13,001,027,
C,E,No Stomach Ache,8,0,64,3,,,,,,,,,,,,,cherry,pear,no stomach ache,z,0.865771617158,,,,,,,,,,2017_Sep_29_1127,60.0149752756,Exp13,001,027,
B,E,Stomach Ache,8,1,65,2,,,,,,,,,,,,,kiwi,pear,stomach ache,m,1.16677031491,,,,,,,,,,2017_Sep_29_1127,60.0149752756,Exp13,001,027,
G,J,Stomach Ache,8,2,66,6,,,,,,,,,,,,,orange,apple,stomach ache,m,0.586764428503,,,,,,,,,,2017_Sep_29_1127,60.0149752756,Exp13,001,027,
F, ,Stomach Ache,8,3,67,4,,,,,,,,,,,,,banana,,stomach ache,m,0.750210417027,,,,,,,,,,2017_Sep_29_1127,60.0149752756,Exp13,001,027,
F,I,Stomach Ache,8,4,68,5,,,,,,,,,,,,,banana,mango,stomach ache,m,0.71984842277,,,,,,,,,,2017_Sep_29_1127,60.0149752756,Exp13,001,027,
A,D,Stomach Ache,8,5,69,1,,,,,,,,,,,,,plum,strawberry,stomach ache,m,0.598460289882,,,,,,,,,,2017_Sep_29_1127,60.0149752756,Exp13,001,027,
A, ,Stomach Ache,8,6,70,0,,,,,,,,,,,,,plum,,stomach ache,m,0.700170888362,,,,,,,,,,2017_Sep_29_1127,60.0149752756,Exp13,001,027,
H,J,No Stomach Ache,8,7,71,7,,,,,,,,,,,,,peach,apple,no stomach ache,z,0.931906078942,,,,,,,,,,2017_Sep_29_1127,60.0149752756,Exp13,001,027,
G,J,Stomach Ache,9,0,72,6,,,,,,,,,,,,,orange,apple,stomach ache,m,0.972037022206,,,,,,,,,,2017_Sep_29_1127,60.0149752756,Exp13,001,027,
H,J,No Stomach Ache,9,1,73,7,,,,,,,,,,,,,peach,apple,no stomach ache,z,0.850255527621,,,,,,,,,,2017_Sep_29_1127,60.0149752756,Exp13,001,027,
C,E,No Stomach Ache,9,2,74,3,,,,,,,,,,,,,cherry,pear,no stomach ache,z,1.03611473422,,,,,,,,,,2017_Sep_29_1127,60.0149752756,Exp13,001,027,
F,I,Stomach Ache,9,3,75,5,,,,,,,,,,,,,banana,mango,stomach ache,m,0.587382118334,,,,,,,,,,2017_Sep_29_1127,60.0149752756,Exp13,001,027,
F, ,Stomach Ache,9,4,76,4,,,,,,,,,,,,,banana,,stomach ache,m,0.672174313804,,,,,,,,,,2017_Sep_29_1127,60.0149752756,Exp13,001,027,
B,E,Stomach Ache,9,5,77,2,,,,,,,,,,,,,kiwi,pear,stomach ache,m,2.46491924013,,,,,,,,,,2017_Sep_29_1127,60.0149752756,Exp13,001,027,
A, ,Stomach Ache,9,6,78,0,,,,,,,,,,,,,plum,,stomach ache,m,0.566967905674,,,,,,,,,,2017_Sep_29_1127,60.0149752756,Exp13,001,027,
A,D,Stomach Ache,9,7,79,1,,,,,,,,,,,,,plum,strawberry,stomach ache,m,0.533573806606,,,,,,,,,,2017_Sep_29_1127,60.0149752756,Exp13,001,027,
B,E,Stomach Ache,10,0,80,2,,,,,,,,,,,,,kiwi,pear,stomach ache,m,0.901466392243,,,,,,,,,,2017_Sep_29_1127,60.0149752756,Exp13,001,027,
F,I,Stomach Ache,10,1,81,5,,,,,,,,,,,,,banana,mango,stomach ache,m,0.59906118139,,,,,,,,,,2017_Sep_29_1127,60.0149752756,Exp13,001,027,
G,J,Stomach Ache,10,2,82,6,,,,,,,,,,,,,orange,apple,stomach ache,m,0.867851814604,,,,,,,,,,2017_Sep_29_1127,60.0149752756,Exp13,001,027,
H,J,No Stomach Ache,10,3,83,7,,,,,,,,,,,,,peach,apple,stomach ache,m,0.652880342124,,,,,,,,,,2017_Sep_29_1127,60.0149752756,Exp13,001,027,
A, ,Stomach Ache,10,4,84,0,,,,,,,,,,,,,plum,,stomach ache,m,0.583594437107,,,,,,,,,,2017_Sep_29_1127,60.0149752756,Exp13,001,027,
C,E,No Stomach Ache,10,5,85,3,,,,,,,,,,,,,cherry,pear,no stomach ache,z,0.716147883009,,,,,,,,,,2017_Sep_29_1127,60.0149752756,Exp13,001,027,
A,D,Stomach Ache,10,6,86,1,,,,,,,,,,,,,plum,strawberry,stomach ache,m,0.901276360732,,,,,,,,,,2017_Sep_29_1127,60.0149752756,Exp13,001,027,
F, ,Stomach Ache,10,7,87,4,,,,,,,,,,,,,banana,,stomach ache,m,0.688445629814,,,,,,,,,,2017_Sep_29_1127,60.0149752756,Exp13,001,027,
C,E,No Stomach Ache,11,0,88,3,,,,,,,,,,,,,cherry,pear,no stomach ache,z,0.921918751206,,,,,,,,,,2017_Sep_29_1127,60.0149752756,Exp13,001,027,
F,I,Stomach Ache,11,1,89,5,,,,,,,,,,,,,banana,mango,stomach ache,m,1.0992727358,,,,,,,,,,2017_Sep_29_1127,60.0149752756,Exp13,001,027,
A, ,Stomach Ache,11,2,90,0,,,,,,,,,,,,,plum,,stomach ache,m,0.639381806192,,,,,,,,,,2017_Sep_29_1127,60.0149752756,Exp13,001,027,
G,J,Stomach Ache,11,3,91,6,,,,,,,,,,,,,orange,apple,stomach ache,m,0.768033131986,,,,,,,,,,2017_Sep_29_1127,60.0149752756,Exp13,001,027,
H,J,No Stomach Ache,11,4,92,7,,,,,,,,,,,,,peach,apple,no stomach ache,z,1.20018786169,,,,,,,,,,2017_Sep_29_1127,60.0149752756,Exp13,001,027,
B,E,Stomach Ache,11,5,93,2,,,,,,,,,,,,,kiwi,pear,stomach ache,m,1.587765681,,,,,,,,,,2017_Sep_29_1127,60.0149752756,Exp13,001,027,
F, ,Stomach Ache,11,6,94,4,,,,,,,,,,,,,banana,,stomach ache,m,0.583605635999,,,,,,,,,,2017_Sep_29_1127,60.0149752756,Exp13,001,027,
A,D,Stomach Ache,11,7,95,1,,,,,,,,,,,,,plum,strawberry,stomach ache,m,0.648428425484,,,,,,,,,,2017_Sep_29_1127,60.0149752756,Exp13,001,027,
D,C,Stomach Ache,,,,,0,0,0,0,,,,,,,,,strawberry,cherry,stomach ache,,,m,1.64433592392,,,,,,,,2017_Sep_29_1127,60.0149752756,Exp13,001,027,
D,C,Stomach Ache,,,,,1,0,1,0,,,,,,,,,strawberry,cherry,stomach ache,,,m,0.636777359701,,,,,,,,2017_Sep_29_1127,60.0149752756,Exp13,001,027,
D,C,Stomach Ache,,,,,2,0,2,0,,,,,,,,,strawberry,cherry,stomach ache,,,m,0.63372495689,,,,,,,,2017_Sep_29_1127,60.0149752756,Exp13,001,027,
D,C,Stomach Ache,,,,,3,0,3,0,,,,,,,,,strawberry,cherry,stomach ache,,,m,1.18352353398,,,,,,,,2017_Sep_29_1127,60.0149752756,Exp13,001,027,
D,C,Stomach Ache,,,,,4,0,4,0,,,,,,,,,strawberry,cherry,stomach ache,,,m,0.633472981397,,,,,,,,2017_Sep_29_1127,60.0149752756,Exp13,001,027,
D,C,Stomach Ache,,,,,5,0,5,0,,,,,,,,,strawberry,cherry,stomach ache,,,m,0.68355555585,,,,,,,,2017_Sep_29_1127,60.0149752756,Exp13,001,027,
,,,,,,,,,,,,,,,,,,,,,,,,,,space,7.06666501015,,,,,,2017_Sep_29_1127,60.0149752756,Exp13,001,027,
D,H,,,,,,,,,,0,0,0,11,,,,,strawberry,peach,,,,,,,,4,8.136,"[(None, 0.0), (u'4', 8.136)]",,,2017_Sep_29_1127,60.0149752756,Exp13,001,027,
G, ,,,,,,,,,,0,1,1,6,,,,,orange,,,,,,,,,5,7.403,"[(None, 0.0), (u'5', 7.403)]",,,2017_Sep_29_1127,60.0149752756,Exp13,001,027,
A, ,,,,,,,,,,0,2,2,0,,,,,plum,,,,,,,,,10,1.603,"[(None, 0.0), (u'10', 1.603)]",,,2017_Sep_29_1127,60.0149752756,Exp13,001,027,
D, ,,,,,,,,,,0,3,3,3,,,,,strawberry,,,,,,,,,7,4.571,"[(None, 0.0), (u'7', 4.571)]",,,2017_Sep_29_1127,60.0149752756,Exp13,001,027,
I,C,,,,,,,,,,0,4,4,10,,,,,mango,cherry,,,,,,,,2,2.971,"[(None, 0.0), (u'2', 2.971)]",,,2017_Sep_29_1127,60.0149752756,Exp13,001,027,
F, ,,,,,,,,,,0,5,5,5,,,,,banana,,,,,,,,,10,1.743,"[(None, 0.0), (u'10', 1.743)]",,,2017_Sep_29_1127,60.0149752756,Exp13,001,027,
C, ,,,,,,,,,,0,6,6,2,,,,,cherry,,,,,,,,,0,2.372,"[(None, 0.0), (u'0', 2.372)]",,,2017_Sep_29_1127,60.0149752756,Exp13,001,027,
I, ,,,,,,,,,,0,7,7,8,,,,,mango,,,,,,,,,5,3.303,"[(None, 0.0), (u'5', 3.303)]",,,2017_Sep_29_1127,60.0149752756,Exp13,001,027,
H, ,,,,,,,,,,0,8,8,7,,,,,peach,,,,,,,,,5,2.193,"[(None, 0.0), (u'5', 2.193)]",,,2017_Sep_29_1127,60.0149752756,Exp13,001,027,
J, ,,,,,,,,,,0,9,9,9,,,,,apple,,,,,,,,,7,2.922,"[(None, 0.0), (u'7', 2.922)]",,,2017_Sep_29_1127,60.0149752756,Exp13,001,027,
E, ,,,,,,,,,,0,10,10,4,,,,,pear,,,,,,,,,2,1.753,"[(None, 0.0), (u'2', 1.753)]",,,2017_Sep_29_1127,60.0149752756,Exp13,001,027,
B, ,,,,,,,,,,0,11,11,1,,,,,kiwi,,,,,,,,,7,3.803,"[(None, 0.0), (u'7', 3.803)]",,,2017_Sep_29_1127,60.0149752756,Exp13,001,027,
D, ,,,,,,,,,,1,0,12,3,,,,,strawberry,,,,,,,,,7,2.672,"[(None, 0.0), (u'7', 2.672)]",,,2017_Sep_29_1127,60.0149752756,Exp13,001,027,
A, ,,,,,,,,,,1,1,13,0,,,,,plum,,,,,,,,,10,1.505,"[(None, 0.0), (u'10', 1.505)]",,,2017_Sep_29_1127,60.0149752756,Exp13,001,027,
J, ,,,,,,,,,,1,2,14,9,,,,,apple,,,,,,,,,7,1.392,"[(None, 0.0), (u'7', 1.392)]",,,2017_Sep_29_1127,60.0149752756,Exp13,001,027,
I,C,,,,,,,,,,1,3,15,10,,,,,mango,cherry,,,,,,,,3,5.037,"[(None, 0.0), (u'3', 5.037)]",,,2017_Sep_29_1127,60.0149752756,Exp13,001,027,
C, ,,,,,,,,,,1,4,16,2,,,,,cherry,,,,,,,,,2,1.453,"[(None, 0.0), (u'2', 1.453)]",,,2017_Sep_29_1127,60.0149752756,Exp13,001,027,
F, ,,,,,,,,,,1,5,17,5,,,,,banana,,,,,,,,,10,1.57,"[(None, 0.0), (u'10', 1.57)]",,,2017_Sep_29_1127,60.0149752756,Exp13,001,027,
B, ,,,,,,,,,,1,6,18,1,,,,,kiwi,,,,,,,,,10,1.343,"[(None, 0.0), (u'10', 1.343)]",,,2017_Sep_29_1127,60.0149752756,Exp13,001,027,
I, ,,,,,,,,,,1,7,19,8,,,,,mango,,,,,,,,,6,2.154,"[(None, 0.0), (u'6', 2.154)]",,,2017_Sep_29_1127,60.0149752756,Exp13,001,027,
G, ,,,,,,,,,,1,8,20,6,,,,,orange,,,,,,,,,7,1.526,"[(None, 0.0), (u'7', 1.526)]",,,2017_Sep_29_1127,60.0149752756,Exp13,001,027,
E, ,,,,,,,,,,1,9,21,4,,,,,pear,,,,,,,,,2,3.67,"[(None, 0.0), (u'2', 3.67)]",,,2017_Sep_29_1127,60.0149752756,Exp13,001,027,
D,H,,,,,,,,,,1,10,22,11,,,,,strawberry,peach,,,,,,,,4,3.238,"[(None, 0.0), (u'4', 3.238)]",,,2017_Sep_29_1127,60.0149752756,Exp13,001,027,
H, ,,,,,,,,,,1,11,23,7,,,,,peach,,,,,,,,,5,2.153,"[(None, 0.0), (u'5', 2.153)]",,,2017_Sep_29_1127,60.0149752756,Exp13,001,027,
,,,,,,,,,,,,,,,,,,,,,,,,,,,,,,,space,3.51674779461,2017_Sep_29_1127,60.0149752756,Exp13,001,027,
