stim1,stim2,outcome,train_trials.thisRepN,train_trials.thisTrialN,train_trials.thisN,train_trials.thisIndex,train_trials2.thisRepN,train_trials2.thisTrialN,train_trials2.thisN,train_trials2.thisIndex,test_trials.thisRepN,test_trials.thisTrialN,test_trials.thisN,test_trials.thisIndex,start_exp.keys,start_exp.rt,start_exp2.keys,start_exp2.rt,stim.A,stim.B,pressed,key_ans.keys,key_ans.rt,key_answ.keys,key_answ.rt,start.keys,start.rt,rating.response,rating.rt,rating.history,exit_exp.keys,exit_exp.rt,date,frameRate,expName,session,participant,
,,,,,,,,,,,,,,,space,172.810130166,,,,,,,,,,,,,,,,,2017_Sep_29_1406,59.9979422749,Exp13,001,028,
,,,,,,,,,,,,,,,,,space,16.2011929618,,,,,,,,,,,,,,,2017_Sep_29_1406,59.9979422749,Exp13,001,028,
C,E,No Stomach Ache,0,0,0,3,,,,,,,,,,,,,apple,plum,stomach ache,m,8.48411507418,,,,,,,,,,2017_Sep_29_1406,59.9979422749,Exp13,001,028,
F,I,Stomach Ache,0,1,1,5,,,,,,,,,,,,,banana,kiwi,no stomach ache,z,4.16704264606,,,,,,,,,,2017_Sep_29_1406,59.9979422749,Exp13,001,028,
A, ,Stomach Ache,0,2,2,0,,,,,,,,,,,,,pear,,no stomach ache,z,6.21727561799,,,,,,,,,,2017_Sep_29_1406,59.9979422749,Exp13,001,028,
G,J,Stomach Ache,0,3,3,6,,,,,,,,,,,,,peach,strawberry,stomach ache,m,5.10051598886,,,,,,,,,,2017_Sep_29_1406,59.9979422749,Exp13,001,028,
F, ,Stomach Ache,0,4,4,4,,,,,,,,,,,,,banana,,stomach ache,m,3.01705380995,,,,,,,,,,2017_Sep_29_1406,59.9979422749,Exp13,001,028,
A,D,Stomach Ache,0,5,5,1,,,,,,,,,,,,,pear,mango,stomach ache,m,2.93374981539,,,,,,,,,,2017_Sep_29_1406,59.9979422749,Exp13,001,028,
B,E,Stomach Ache,0,6,6,2,,,,,,,,,,,,,orange,plum,no stomach ache,z,2.90043101727,,,,,,,,,,2017_Sep_29_1406,59.9979422749,Exp13,001,028,
H,J,No Stomach Ache,0,7,7,7,,,,,,,,,,,,,cherry,strawberry,stomach ache,m,2.23369704062,,,,,,,,,,2017_Sep_29_1406,59.9979422749,Exp13,001,028,
F,I,Stomach Ache,1,0,8,5,,,,,,,,,,,,,banana,kiwi,stomach ache,m,2.28375922947,,,,,,,,,,2017_Sep_29_1406,59.9979422749,Exp13,001,028,
H,J,No Stomach Ache,1,1,9,7,,,,,,,,,,,,,cherry,strawberry,no stomach ache,z,1.90036907344,,,,,,,,,,2017_Sep_29_1406,59.9979422749,Exp13,001,028,
A, ,Stomach Ache,1,2,10,0,,,,,,,,,,,,,pear,,stomach ache,m,2.3836701283,,,,,,,,,,2017_Sep_29_1406,59.9979422749,Exp13,001,028,
G,J,Stomach Ache,1,3,11,6,,,,,,,,,,,,,peach,strawberry,no stomach ache,z,4.73379783062,,,,,,,,,,2017_Sep_29_1406,59.9979422749,Exp13,001,028,
C,E,No Stomach Ache,1,4,12,3,,,,,,,,,,,,,apple,plum,no stomach ache,z,2.50037131322,,,,,,,,,,2017_Sep_29_1406,59.9979422749,Exp13,001,028,
B,E,Stomach Ache,1,5,13,2,,,,,,,,,,,,,orange,plum,stomach ache,m,2.45057544799,,,,,,,,,,2017_Sep_29_1406,59.9979422749,Exp13,001,028,
A,D,Stomach Ache,1,6,14,1,,,,,,,,,,,,,pear,mango,stomach ache,m,2.38372402295,,,,,,,,,,2017_Sep_29_1406,59.9979422749,Exp13,001,028,
F, ,Stomach Ache,1,7,15,4,,,,,,,,,,,,,banana,,stomach ache,m,1.40032147814,,,,,,,,,,2017_Sep_29_1406,59.9979422749,Exp13,001,028,
F, ,Stomach Ache,2,0,16,4,,,,,,,,,,,,,banana,,stomach ache,m,1.90069209141,,,,,,,,,,2017_Sep_29_1406,59.9979422749,Exp13,001,028,
B,E,Stomach Ache,2,1,17,2,,,,,,,,,,,,,orange,plum,stomach ache,m,1.91709251615,,,,,,,,,,2017_Sep_29_1406,59.9979422749,Exp13,001,028,
C,E,No Stomach Ache,2,2,18,3,,,,,,,,,,,,,apple,plum,stomach ache,m,4.20053012748,,,,,,,,,,2017_Sep_29_1406,59.9979422749,Exp13,001,028,
A,D,Stomach Ache,2,3,19,1,,,,,,,,,,,,,pear,mango,stomach ache,m,2.93371411893,,,,,,,,,,2017_Sep_29_1406,59.9979422749,Exp13,001,028,
A, ,Stomach Ache,2,4,20,0,,,,,,,,,,,,,pear,,no stomach ache,z,2.25041488389,,,,,,,,,,2017_Sep_29_1406,59.9979422749,Exp13,001,028,
G,J,Stomach Ache,2,5,21,6,,,,,,,,,,,,,peach,strawberry,no stomach ache,z,1.91705926944,,,,,,,,,,2017_Sep_29_1406,59.9979422749,Exp13,001,028,
F,I,Stomach Ache,2,6,22,5,,,,,,,,,,,,,banana,kiwi,stomach ache,m,1.51698801649,,,,,,,,,,2017_Sep_29_1406,59.9979422749,Exp13,001,028,
H,J,No Stomach Ache,2,7,23,7,,,,,,,,,,,,,cherry,strawberry,stomach ache,m,1.61699060621,,,,,,,,,,2017_Sep_29_1406,59.9979422749,Exp13,001,028,
F,I,Stomach Ache,3,0,24,5,,,,,,,,,,,,,banana,kiwi,stomach ache,m,3.1338372367,,,,,,,,,,2017_Sep_29_1406,59.9979422749,Exp13,001,028,
A, ,Stomach Ache,3,1,25,0,,,,,,,,,,,,,pear,,stomach ache,m,1.233642796,,,,,,,,,,2017_Sep_29_1406,59.9979422749,Exp13,001,028,
B,E,Stomach Ache,3,2,26,2,,,,,,,,,,,,,orange,plum,stomach ache,m,1.56671458858,,,,,,,,,,2017_Sep_29_1406,59.9979422749,Exp13,001,028,
H,J,No Stomach Ache,3,3,27,7,,,,,,,,,,,,,cherry,strawberry,stomach ache,m,1.35033488183,,,,,,,,,,2017_Sep_29_1406,59.9979422749,Exp13,001,028,
C,E,No Stomach Ache,3,4,28,3,,,,,,,,,,,,,apple,plum,stomach ache,m,2.31709482591,,,,,,,,,,2017_Sep_29_1406,59.9979422749,Exp13,001,028,
A,D,Stomach Ache,3,5,29,1,,,,,,,,,,,,,pear,mango,stomach ache,m,1.26690664954,,,,,,,,,,2017_Sep_29_1406,59.9979422749,Exp13,001,028,
F, ,Stomach Ache,3,6,30,4,,,,,,,,,,,,,banana,,stomach ache,m,1.06727208334,,,,,,,,,,2017_Sep_29_1406,59.9979422749,Exp13,001,028,
G,J,Stomach Ache,3,7,31,6,,,,,,,,,,,,,peach,strawberry,no stomach ache,z,1.63355971422,,,,,,,,,,2017_Sep_29_1406,59.9979422749,Exp13,001,028,
F, ,Stomach Ache,4,0,32,4,,,,,,,,,,,,,banana,,stomach ache,m,1.01689877533,,,,,,,,,,2017_Sep_29_1406,59.9979422749,Exp13,001,028,
A,D,Stomach Ache,4,1,33,1,,,,,,,,,,,,,pear,mango,stomach ache,m,1.80044732569,,,,,,,,,,2017_Sep_29_1406,59.9979422749,Exp13,001,028,
C,E,No Stomach Ache,4,2,34,3,,,,,,,,,,,,,apple,plum,stomach ache,m,2.73390981954,,,,,,,,,,2017_Sep_29_1406,59.9979422749,Exp13,001,028,
H,J,No Stomach Ache,4,3,35,7,,,,,,,,,,,,,cherry,strawberry,no stomach ache,z,2.18368629669,,,,,,,,,,2017_Sep_29_1406,59.9979422749,Exp13,001,028,
F,I,Stomach Ache,4,4,36,5,,,,,,,,,,,,,banana,kiwi,stomach ache,m,1.13358526168,,,,,,,,,,2017_Sep_29_1406,59.9979422749,Exp13,001,028,
A, ,Stomach Ache,4,5,37,0,,,,,,,,,,,,,pear,,stomach ache,m,1.65012777233,,,,,,,,,,2017_Sep_29_1406,59.9979422749,Exp13,001,028,
B,E,Stomach Ache,4,6,38,2,,,,,,,,,,,,,orange,plum,no stomach ache,z,1.11715089035,,,,,,,,,,2017_Sep_29_1406,59.9979422749,Exp13,001,028,
G,J,Stomach Ache,4,7,39,6,,,,,,,,,,,,,peach,strawberry,no stomach ache,z,1.85053821167,,,,,,,,,,2017_Sep_29_1406,59.9979422749,Exp13,001,028,
C,E,No Stomach Ache,5,0,40,3,,,,,,,,,,,,,apple,plum,stomach ache,m,4.53366036428,,,,,,,,,,2017_Sep_29_1406,59.9979422749,Exp13,001,028,
H,J,No Stomach Ache,5,1,41,7,,,,,,,,,,,,,cherry,strawberry,stomach ache,m,3.56715099531,,,,,,,,,,2017_Sep_29_1406,59.9979422749,Exp13,001,028,
B,E,Stomach Ache,5,2,42,2,,,,,,,,,,,,,orange,plum,stomach ache,m,2.46697832245,,,,,,,,,,2017_Sep_29_1406,59.9979422749,Exp13,001,028,
F, ,Stomach Ache,5,3,43,4,,,,,,,,,,,,,banana,,stomach ache,m,1.11707984738,,,,,,,,,,2017_Sep_29_1406,59.9979422749,Exp13,001,028,
G,J,Stomach Ache,5,4,44,6,,,,,,,,,,,,,peach,strawberry,stomach ache,m,4.1337567447,,,,,,,,,,2017_Sep_29_1406,59.9979422749,Exp13,001,028,
A,D,Stomach Ache,5,5,45,1,,,,,,,,,,,,,pear,mango,stomach ache,m,2.68381543388,,,,,,,,,,2017_Sep_29_1406,59.9979422749,Exp13,001,028,
F,I,Stomach Ache,5,6,46,5,,,,,,,,,,,,,banana,kiwi,stomach ache,m,1.38348779635,,,,,,,,,,2017_Sep_29_1406,59.9979422749,Exp13,001,028,
A, ,Stomach Ache,5,7,47,0,,,,,,,,,,,,,pear,,stomach ache,m,1.71704114121,,,,,,,,,,2017_Sep_29_1406,59.9979422749,Exp13,001,028,
B,E,Stomach Ache,6,0,48,2,,,,,,,,,,,,,orange,plum,stomach ache,m,1.85053436205,,,,,,,,,,2017_Sep_29_1406,59.9979422749,Exp13,001,028,
H,J,No Stomach Ache,6,1,49,7,,,,,,,,,,,,,cherry,strawberry,no stomach ache,z,1.95038086726,,,,,,,,,,2017_Sep_29_1406,59.9979422749,Exp13,001,028,
G,J,Stomach Ache,6,2,50,6,,,,,,,,,,,,,peach,strawberry,no stomach ache,z,2.00040910946,,,,,,,,,,2017_Sep_29_1406,59.9979422749,Exp13,001,028,
A, ,Stomach Ache,6,3,51,0,,,,,,,,,,,,,pear,,stomach ache,m,1.30027269296,,,,,,,,,,2017_Sep_29_1406,59.9979422749,Exp13,001,028,
F,I,Stomach Ache,6,4,52,5,,,,,,,,,,,,,banana,kiwi,stomach ache,m,1.43370606971,,,,,,,,,,2017_Sep_29_1406,59.9979422749,Exp13,001,028,
C,E,No Stomach Ache,6,5,53,3,,,,,,,,,,,,,apple,plum,no stomach ache,z,2.28359159606,,,,,,,,,,2017_Sep_29_1406,59.9979422749,Exp13,001,028,
F, ,Stomach Ache,6,6,54,4,,,,,,,,,,,,,banana,,stomach ache,m,1.00039371097,,,,,,,,,,2017_Sep_29_1406,59.9979422749,Exp13,001,028,
A,D,Stomach Ache,6,7,55,1,,,,,,,,,,,,,pear,mango,stomach ache,m,1.78375013036,,,,,,,,,,2017_Sep_29_1406,59.9979422749,Exp13,001,028,
H,J,No Stomach Ache,7,0,56,7,,,,,,,,,,,,,cherry,strawberry,no stomach ache,z,4.66721762871,,,,,,,,,,2017_Sep_29_1406,59.9979422749,Exp13,001,028,
F, ,Stomach Ache,7,1,57,4,,,,,,,,,,,,,banana,,stomach ache,m,0.867029977322,,,,,,,,,,2017_Sep_29_1406,59.9979422749,Exp13,001,028,
F,I,Stomach Ache,7,2,58,5,,,,,,,,,,,,,banana,kiwi,stomach ache,m,2.65041894349,,,,,,,,,,2017_Sep_29_1406,59.9979422749,Exp13,001,028,
A,D,Stomach Ache,7,3,59,1,,,,,,,,,,,,,pear,mango,stomach ache,m,3.0836651588,,,,,,,,,,2017_Sep_29_1406,59.9979422749,Exp13,001,028,
B,E,Stomach Ache,7,4,60,2,,,,,,,,,,,,,orange,plum,stomach ache,m,5.95059819572,,,,,,,,,,2017_Sep_29_1406,59.9979422749,Exp13,001,028,
A, ,Stomach Ache,7,5,61,0,,,,,,,,,,,,,pear,,stomach ache,m,1.83369683064,,,,,,,,,,2017_Sep_29_1406,59.9979422749,Exp13,001,028,
G,J,Stomach Ache,7,6,62,6,,,,,,,,,,,,,peach,strawberry,no stomach ache,z,4.90054720576,,,,,,,,,,2017_Sep_29_1406,59.9979422749,Exp13,001,028,
C,E,No Stomach Ache,7,7,63,3,,,,,,,,,,,,,apple,plum,no stomach ache,z,1.51705940941,,,,,,,,,,2017_Sep_29_1406,59.9979422749,Exp13,001,028,
G,J,Stomach Ache,8,0,64,6,,,,,,,,,,,,,peach,strawberry,no stomach ache,z,2.06706770358,,,,,,,,,,2017_Sep_29_1406,59.9979422749,Exp13,001,028,
A, ,Stomach Ache,8,1,65,0,,,,,,,,,,,,,pear,,stomach ache,m,1.10027486278,,,,,,,,,,2017_Sep_29_1406,59.9979422749,Exp13,001,028,
F,I,Stomach Ache,8,2,66,5,,,,,,,,,,,,,banana,kiwi,stomach ache,m,1.26684890527,,,,,,,,,,2017_Sep_29_1406,59.9979422749,Exp13,001,028,
F, ,Stomach Ache,8,3,67,4,,,,,,,,,,,,,banana,,stomach ache,m,1.40035297503,,,,,,,,,,2017_Sep_29_1406,59.9979422749,Exp13,001,028,
A,D,Stomach Ache,8,4,68,1,,,,,,,,,,,,,pear,mango,stomach ache,m,1.21699634564,,,,,,,,,,2017_Sep_29_1406,59.9979422749,Exp13,001,028,
H,J,No Stomach Ache,8,5,69,7,,,,,,,,,,,,,cherry,strawberry,no stomach ache,z,1.21699529575,,,,,,,,,,2017_Sep_29_1406,59.9979422749,Exp13,001,028,
C,E,No Stomach Ache,8,6,70,3,,,,,,,,,,,,,apple,plum,no stomach ache,z,1.41679329579,,,,,,,,,,2017_Sep_29_1406,59.9979422749,Exp13,001,028,
B,E,Stomach Ache,8,7,71,2,,,,,,,,,,,,,orange,plum,stomach ache,m,4.03380350009,,,,,,,,,,2017_Sep_29_1406,59.9979422749,Exp13,001,028,
A,D,Stomach Ache,9,0,72,1,,,,,,,,,,,,,pear,mango,stomach ache,m,1.71696939832,,,,,,,,,,2017_Sep_29_1406,59.9979422749,Exp13,001,028,
H,J,No Stomach Ache,9,1,73,7,,,,,,,,,,,,,cherry,strawberry,no stomach ache,z,3.11692656259,,,,,,,,,,2017_Sep_29_1406,59.9979422749,Exp13,001,028,
C,E,No Stomach Ache,9,2,74,3,,,,,,,,,,,,,apple,plum,stomach ache,m,5.76723526698,,,,,,,,,,2017_Sep_29_1406,59.9979422749,Exp13,001,028,
A, ,Stomach Ache,9,3,75,0,,,,,,,,,,,,,pear,,stomach ache,m,0.867000930215,,,,,,,,,,2017_Sep_29_1406,59.9979422749,Exp13,001,028,
F,I,Stomach Ache,9,4,76,5,,,,,,,,,,,,,banana,kiwi,stomach ache,m,1.46689293091,,,,,,,,,,2017_Sep_29_1406,59.9979422749,Exp13,001,028,
F, ,Stomach Ache,9,5,77,4,,,,,,,,,,,,,banana,,stomach ache,m,1.10031720856,,,,,,,,,,2017_Sep_29_1406,59.9979422749,Exp13,001,028,
G,J,Stomach Ache,9,6,78,6,,,,,,,,,,,,,peach,strawberry,no stomach ache,z,3.45044841056,,,,,,,,,,2017_Sep_29_1406,59.9979422749,Exp13,001,028,
B,E,Stomach Ache,9,7,79,2,,,,,,,,,,,,,orange,plum,stomach ache,m,2.48375810956,,,,,,,,,,2017_Sep_29_1406,59.9979422749,Exp13,001,028,
C,E,No Stomach Ache,10,0,80,3,,,,,,,,,,,,,apple,plum,stomach ache,m,2.10037880245,,,,,,,,,,2017_Sep_29_1406,59.9979422749,Exp13,001,028,
A,D,Stomach Ache,10,1,81,1,,,,,,,,,,,,,pear,mango,stomach ache,m,1.75052232324,,,,,,,,,,2017_Sep_29_1406,59.9979422749,Exp13,001,028,
G,J,Stomach Ache,10,2,82,6,,,,,,,,,,,,,peach,strawberry,no stomach ache,z,2.90042576782,,,,,,,,,,2017_Sep_29_1406,59.9979422749,Exp13,001,028,
F, ,Stomach Ache,10,3,83,4,,,,,,,,,,,,,banana,,stomach ache,m,1.35034048127,,,,,,,,,,2017_Sep_29_1406,59.9979422749,Exp13,001,028,
F,I,Stomach Ache,10,4,84,5,,,,,,,,,,,,,banana,kiwi,stomach ache,m,2.68366949834,,,,,,,,,,2017_Sep_29_1406,59.9979422749,Exp13,001,028,
A, ,Stomach Ache,10,5,85,0,,,,,,,,,,,,,pear,,stomach ache,m,2.4170081745,,,,,,,,,,2017_Sep_29_1406,59.9979422749,Exp13,001,028,
B,E,Stomach Ache,10,6,86,2,,,,,,,,,,,,,orange,plum,stomach ache,m,1.83375247513,,,,,,,,,,2017_Sep_29_1406,59.9979422749,Exp13,001,028,
H,J,No Stomach Ache,10,7,87,7,,,,,,,,,,,,,cherry,strawberry,no stomach ache,z,2.58394863069,,,,,,,,,,2017_Sep_29_1406,59.9979422749,Exp13,001,028,
C,E,No Stomach Ache,11,0,88,3,,,,,,,,,,,,,apple,plum,stomach ache,m,2.8505578097,,,,,,,,,,2017_Sep_29_1406,59.9979422749,Exp13,001,028,
G,J,Stomach Ache,11,1,89,6,,,,,,,,,,,,,peach,strawberry,stomach ache,m,5.40060005052,,,,,,,,,,2017_Sep_29_1406,59.9979422749,Exp13,001,028,
H,J,No Stomach Ache,11,2,90,7,,,,,,,,,,,,,cherry,strawberry,no stomach ache,z,2.26705258508,,,,,,,,,,2017_Sep_29_1406,59.9979422749,Exp13,001,028,
A,D,Stomach Ache,11,3,91,1,,,,,,,,,,,,,pear,mango,stomach ache,m,1.96705531483,,,,,,,,,,2017_Sep_29_1406,59.9979422749,Exp13,001,028,
F,I,Stomach Ache,11,4,92,5,,,,,,,,,,,,,banana,kiwi,stomach ache,m,1.91704877047,,,,,,,,,,2017_Sep_29_1406,59.9979422749,Exp13,001,028,
B,E,Stomach Ache,11,5,93,2,,,,,,,,,,,,,orange,plum,stomach ache,m,3.5671635941,,,,,,,,,,2017_Sep_29_1406,59.9979422749,Exp13,001,028,
F, ,Stomach Ache,11,6,94,4,,,,,,,,,,,,,banana,,stomach ache,m,1.26706273408,,,,,,,,,,2017_Sep_29_1406,59.9979422749,Exp13,001,028,
A, ,Stomach Ache,11,7,95,0,,,,,,,,,,,,,pear,,stomach ache,m,0.90035542479,,,,,,,,,,2017_Sep_29_1406,59.9979422749,Exp13,001,028,
D,C,Stomach Ache,,,,,0,0,0,0,,,,,,,,,mango,apple,stomach ache,,,m,1.91701867347,,,,,,,,2017_Sep_29_1406,59.9979422749,Exp13,001,028,
D,C,Stomach Ache,,,,,1,0,1,0,,,,,,,,,mango,apple,stomach ache,,,m,1.08424750107,,,,,,,,2017_Sep_29_1406,59.9979422749,Exp13,001,028,
D,C,Stomach Ache,,,,,2,0,2,0,,,,,,,,,mango,apple,stomach ache,,,m,3.01761130471,,,,,,,,2017_Sep_29_1406,59.9979422749,Exp13,001,028,
D,C,Stomach Ache,,,,,3,0,3,0,,,,,,,,,mango,apple,stomach ache,,,m,2.61751660411,,,,,,,,2017_Sep_29_1406,59.9979422749,Exp13,001,028,
D,C,Stomach Ache,,,,,4,0,4,0,,,,,,,,,mango,apple,stomach ache,,,m,1.75078934676,,,,,,,,2017_Sep_29_1406,59.9979422749,Exp13,001,028,
D,C,Stomach Ache,,,,,5,0,5,0,,,,,,,,,mango,apple,stomach ache,,,m,1.96744587613,,,,,,,,2017_Sep_29_1406,59.9979422749,Exp13,001,028,
,,,,,,,,,,,,,,,,,,,,,,,,,,space,13.7011541156,,,,,,2017_Sep_29_1406,59.9979422749,Exp13,001,028,
G, ,,,,,,,,,,0,0,0,6,,,,,peach,,,,,,,,,0,7.286,"[(None, 0.0), (u'0', 7.286)]",,,2017_Sep_29_1406,59.9979422749,Exp13,001,028,
D,H,,,,,,,,,,0,1,1,11,,,,,mango,cherry,,,,,,,,5,10.287,"[(None, 0.0), (u'5', 10.287)]",,,2017_Sep_29_1406,59.9979422749,Exp13,001,028,
C, ,,,,,,,,,,0,2,2,2,,,,,apple,,,,,,,,,0,4.82,"[(None, 0.0), (u'0', 4.82)]",,,2017_Sep_29_1406,59.9979422749,Exp13,001,028,
I, ,,,,,,,,,,0,3,3,8,,,,,kiwi,,,,,,,,,10,4.07,"[(None, 0.0), (u'10', 4.07)]",,,2017_Sep_29_1406,59.9979422749,Exp13,001,028,
B, ,,,,,,,,,,0,4,4,1,,,,,orange,,,,,,,,,7,2.053,"[(None, 0.0), (u'7', 2.053)]",,,2017_Sep_29_1406,59.9979422749,Exp13,001,028,
E, ,,,,,,,,,,0,5,5,4,,,,,plum,,,,,,,,,0,10.687,"[(None, 0.0), (u'0', 10.687)]",,,2017_Sep_29_1406,59.9979422749,Exp13,001,028,
D, ,,,,,,,,,,0,6,6,3,,,,,mango,,,,,,,,,8,3.203,"[(None, 0.0), (u'8', 3.203)]",,,2017_Sep_29_1406,59.9979422749,Exp13,001,028,
A, ,,,,,,,,,,0,7,7,0,,,,,pear,,,,,,,,,10,2.753,"[(None, 0.0), (u'10', 2.753)]",,,2017_Sep_29_1406,59.9979422749,Exp13,001,028,
F, ,,,,,,,,,,0,8,8,5,,,,,banana,,,,,,,,,10,1.07,"[(None, 0.0), (u'10', 1.07)]",,,2017_Sep_29_1406,59.9979422749,Exp13,001,028,
H, ,,,,,,,,,,0,9,9,7,,,,,cherry,,,,,,,,,0,2.787,"[(None, 0.0), (u'0', 2.787)]",,,2017_Sep_29_1406,59.9979422749,Exp13,001,028,
J, ,,,,,,,,,,0,10,10,9,,,,,strawberry,,,,,,,,,0,2.303,"[(None, 0.0), (u'0', 2.303)]",,,2017_Sep_29_1406,59.9979422749,Exp13,001,028,
I,C,,,,,,,,,,0,11,11,10,,,,,kiwi,apple,,,,,,,,5,2.636,"[(None, 0.0), (u'5', 2.636)]",,,2017_Sep_29_1406,59.9979422749,Exp13,001,028,
F, ,,,,,,,,,,1,0,12,5,,,,,banana,,,,,,,,,10,1.52,"[(None, 0.0), (u'10', 1.52)]",,,2017_Sep_29_1406,59.9979422749,Exp13,001,028,
D, ,,,,,,,,,,1,1,13,3,,,,,mango,,,,,,,,,3,3.403,"[(None, 0.0), (u'3', 3.403)]",,,2017_Sep_29_1406,59.9979422749,Exp13,001,028,
I, ,,,,,,,,,,1,2,14,8,,,,,kiwi,,,,,,,,,6,3.803,"[(None, 0.0), (u'6', 3.803)]",,,2017_Sep_29_1406,59.9979422749,Exp13,001,028,
G, ,,,,,,,,,,1,3,15,6,,,,,peach,,,,,,,,,7,2.053,"[(None, 0.0), (u'7', 2.053)]",,,2017_Sep_29_1406,59.9979422749,Exp13,001,028,
E, ,,,,,,,,,,1,4,16,4,,,,,plum,,,,,,,,,0,2.203,"[(None, 0.0), (u'0', 2.203)]",,,2017_Sep_29_1406,59.9979422749,Exp13,001,028,
B, ,,,,,,,,,,1,5,17,1,,,,,orange,,,,,,,,,8,3.22,"[(None, 0.0), (u'8', 3.22)]",,,2017_Sep_29_1406,59.9979422749,Exp13,001,028,
C, ,,,,,,,,,,1,6,18,2,,,,,apple,,,,,,,,,0,3.97,"[(None, 0.0), (u'0', 3.97)]",,,2017_Sep_29_1406,59.9979422749,Exp13,001,028,
A, ,,,,,,,,,,1,7,19,0,,,,,pear,,,,,,,,,10,2.036,"[(None, 0.0), (u'10', 2.036)]",,,2017_Sep_29_1406,59.9979422749,Exp13,001,028,
J, ,,,,,,,,,,1,8,20,9,,,,,strawberry,,,,,,,,,0,5.47,"[(None, 0.0), (u'0', 5.47)]",,,2017_Sep_29_1406,59.9979422749,Exp13,001,028,
H, ,,,,,,,,,,1,9,21,7,,,,,cherry,,,,,,,,,0,1.453,"[(None, 0.0), (u'0', 1.453)]",,,2017_Sep_29_1406,59.9979422749,Exp13,001,028,
I,C,,,,,,,,,,1,10,22,10,,,,,kiwi,apple,,,,,,,,5,4.72,"[(None, 0.0), (u'5', 4.72)]",,,2017_Sep_29_1406,59.9979422749,Exp13,001,028,
D,H,,,,,,,,,,1,11,23,11,,,,,mango,cherry,,,,,,,,5,2.42,"[(None, 0.0), (u'5', 2.42)]",,,2017_Sep_29_1406,59.9979422749,Exp13,001,028,
,,,,,,,,,,,,,,,,,,,,,,,,,,,,,,,space,2.26731015957,2017_Sep_29_1406,59.9979422749,Exp13,001,028,
