stim1,stim2,outcome,train_trials.thisRepN,train_trials.thisTrialN,train_trials.thisN,train_trials.thisIndex,train_trials2.thisRepN,train_trials2.thisTrialN,train_trials2.thisN,train_trials2.thisIndex,test_trials.thisRepN,test_trials.thisTrialN,test_trials.thisN,test_trials.thisIndex,start_exp.keys,start_exp.rt,start_exp2.keys,start_exp2.rt,stim.A,stim.B,pressed,key_ans.keys,key_ans.rt,key_answ.keys,key_answ.rt,start.keys,start.rt,rating.response,rating.rt,rating.history,exit_exp.keys,exit_exp.rt,date,frameRate,expName,session,participant,
,,,,,,,,,,,,,,,space,182.025839035,,,,,,,,,,,,,,,,,2017_Sep_29_1253,59.9536513462,Exp13,001,029,
,,,,,,,,,,,,,,,,,space,17.9826311909,,,,,,,,,,,,,,,2017_Sep_29_1253,59.9536513462,Exp13,001,029,
A,D,Stomach Ache,0,0,0,1,,,,,,,,,,,,,mango,apple,no stomach ache,z,18.5655354951,,,,,,,,,,2017_Sep_29_1253,59.9536513462,Exp13,001,029,
F, ,Stomach Ache,0,1,1,4,,,,,,,,,,,,,cherry,,stomach ache,m,10.066317144,,,,,,,,,,2017_Sep_29_1253,59.9536513462,Exp13,001,029,
A, ,Stomach Ache,0,2,2,0,,,,,,,,,,,,,mango,,stomach ache,m,3.16673986785,,,,,,,,,,2017_Sep_29_1253,59.9536513462,Exp13,001,029,
C,E,No Stomach Ache,0,3,3,3,,,,,,,,,,,,,orange,kiwi,stomach ache,m,3.91615971184,,,,,,,,,,2017_Sep_29_1253,59.9536513462,Exp13,001,029,
F,I,Stomach Ache,0,4,4,5,,,,,,,,,,,,,cherry,strawberry,stomach ache,m,3.58076251278,,,,,,,,,,2017_Sep_29_1253,59.9536513462,Exp13,001,029,
H,J,No Stomach Ache,0,5,5,7,,,,,,,,,,,,,pear,peach,no stomach ache,z,8.24969054264,,,,,,,,,,2017_Sep_29_1253,59.9536513462,Exp13,001,029,
G,J,Stomach Ache,0,6,6,6,,,,,,,,,,,,,banana,peach,no stomach ache,z,1.83347571114,,,,,,,,,,2017_Sep_29_1253,59.9536513462,Exp13,001,029,
B,E,Stomach Ache,0,7,7,2,,,,,,,,,,,,,plum,kiwi,no stomach ache,z,4.80478725396,,,,,,,,,,2017_Sep_29_1253,59.9536513462,Exp13,001,029,
A,D,Stomach Ache,1,0,8,1,,,,,,,,,,,,,mango,apple,stomach ache,m,2.28228741934,,,,,,,,,,2017_Sep_29_1253,59.9536513462,Exp13,001,029,
B,E,Stomach Ache,1,1,9,2,,,,,,,,,,,,,plum,kiwi,stomach ache,m,2.71603589391,,,,,,,,,,2017_Sep_29_1253,59.9536513462,Exp13,001,029,
G,J,Stomach Ache,1,2,10,6,,,,,,,,,,,,,banana,peach,stomach ache,m,1.76632459831,,,,,,,,,,2017_Sep_29_1253,59.9536513462,Exp13,001,029,
F,I,Stomach Ache,1,3,11,5,,,,,,,,,,,,,cherry,strawberry,stomach ache,m,2.22078370673,,,,,,,,,,2017_Sep_29_1253,59.9536513462,Exp13,001,029,
A, ,Stomach Ache,1,4,12,0,,,,,,,,,,,,,mango,,stomach ache,m,1.73839661709,,,,,,,,,,2017_Sep_29_1253,59.9536513462,Exp13,001,029,
C,E,No Stomach Ache,1,5,13,3,,,,,,,,,,,,,orange,kiwi,no stomach ache,z,2.05428426544,,,,,,,,,,2017_Sep_29_1253,59.9536513462,Exp13,001,029,
H,J,No Stomach Ache,1,6,14,7,,,,,,,,,,,,,pear,peach,stomach ache,m,2.41938762262,,,,,,,,,,2017_Sep_29_1253,59.9536513462,Exp13,001,029,
F, ,Stomach Ache,1,7,15,4,,,,,,,,,,,,,cherry,,stomach ache,m,1.00029397139,,,,,,,,,,2017_Sep_29_1253,59.9536513462,Exp13,001,029,
F, ,Stomach Ache,2,0,16,4,,,,,,,,,,,,,cherry,,stomach ache,m,1.06675775113,,,,,,,,,,2017_Sep_29_1253,59.9536513462,Exp13,001,029,
H,J,No Stomach Ache,2,1,17,7,,,,,,,,,,,,,pear,peach,no stomach ache,z,2.44984620748,,,,,,,,,,2017_Sep_29_1253,59.9536513462,Exp13,001,029,
A,D,Stomach Ache,2,2,18,1,,,,,,,,,,,,,mango,apple,stomach ache,m,1.08276834252,,,,,,,,,,2017_Sep_29_1253,59.9536513462,Exp13,001,029,
C,E,No Stomach Ache,2,3,19,3,,,,,,,,,,,,,orange,kiwi,no stomach ache,z,1.51731613927,,,,,,,,,,2017_Sep_29_1253,59.9536513462,Exp13,001,029,
A, ,Stomach Ache,2,4,20,0,,,,,,,,,,,,,mango,,stomach ache,m,2.6001068796,,,,,,,,,,2017_Sep_29_1253,59.9536513462,Exp13,001,029,
F,I,Stomach Ache,2,5,21,5,,,,,,,,,,,,,cherry,strawberry,stomach ache,m,1.62042835128,,,,,,,,,,2017_Sep_29_1253,59.9536513462,Exp13,001,029,
G,J,Stomach Ache,2,6,22,6,,,,,,,,,,,,,banana,peach,stomach ache,m,0.849772574642,,,,,,,,,,2017_Sep_29_1253,59.9536513462,Exp13,001,029,
B,E,Stomach Ache,2,7,23,2,,,,,,,,,,,,,plum,kiwi,stomach ache,m,1.11590941623,,,,,,,,,,2017_Sep_29_1253,59.9536513462,Exp13,001,029,
G,J,Stomach Ache,3,0,24,6,,,,,,,,,,,,,banana,peach,stomach ache,m,1.00215474024,,,,,,,,,,2017_Sep_29_1253,59.9536513462,Exp13,001,029,
H,J,No Stomach Ache,3,1,25,7,,,,,,,,,,,,,pear,peach,no stomach ache,z,2.73358318568,,,,,,,,,,2017_Sep_29_1253,59.9536513462,Exp13,001,029,
F,I,Stomach Ache,3,2,26,5,,,,,,,,,,,,,cherry,strawberry,stomach ache,m,1.22956680166,,,,,,,,,,2017_Sep_29_1253,59.9536513462,Exp13,001,029,
B,E,Stomach Ache,3,3,27,2,,,,,,,,,,,,,plum,kiwi,stomach ache,m,0.782546219125,,,,,,,,,,2017_Sep_29_1253,59.9536513462,Exp13,001,029,
C,E,No Stomach Ache,3,4,28,3,,,,,,,,,,,,,orange,kiwi,no stomach ache,z,2.88074805916,,,,,,,,,,2017_Sep_29_1253,59.9536513462,Exp13,001,029,
F, ,Stomach Ache,3,5,29,4,,,,,,,,,,,,,cherry,,stomach ache,m,0.81926079496,,,,,,,,,,2017_Sep_29_1253,59.9536513462,Exp13,001,029,
A, ,Stomach Ache,3,6,30,0,,,,,,,,,,,,,mango,,stomach ache,m,0.571696995292,,,,,,,,,,2017_Sep_29_1253,59.9536513462,Exp13,001,029,
A,D,Stomach Ache,3,7,31,1,,,,,,,,,,,,,mango,apple,stomach ache,m,0.750231414975,,,,,,,,,,2017_Sep_29_1253,59.9536513462,Exp13,001,029,
F, ,Stomach Ache,4,0,32,4,,,,,,,,,,,,,cherry,,stomach ache,m,0.552652899234,,,,,,,,,,2017_Sep_29_1253,59.9536513462,Exp13,001,029,
A, ,Stomach Ache,4,1,33,0,,,,,,,,,,,,,mango,,stomach ache,m,0.650216401438,,,,,,,,,,2017_Sep_29_1253,59.9536513462,Exp13,001,029,
B,E,Stomach Ache,4,2,34,2,,,,,,,,,,,,,plum,kiwi,stomach ache,m,0.898614869831,,,,,,,,,,2017_Sep_29_1253,59.9536513462,Exp13,001,029,
H,J,No Stomach Ache,4,3,35,7,,,,,,,,,,,,,pear,peach,no stomach ache,z,4.62120387581,,,,,,,,,,2017_Sep_29_1253,59.9536513462,Exp13,001,029,
G,J,Stomach Ache,4,4,36,6,,,,,,,,,,,,,banana,peach,stomach ache,m,1.90556834292,,,,,,,,,,2017_Sep_29_1253,59.9536513462,Exp13,001,029,
A,D,Stomach Ache,4,5,37,1,,,,,,,,,,,,,mango,apple,stomach ache,m,0.868232927518,,,,,,,,,,2017_Sep_29_1253,59.9536513462,Exp13,001,029,
F,I,Stomach Ache,4,6,38,5,,,,,,,,,,,,,cherry,strawberry,stomach ache,m,1.45037850566,,,,,,,,,,2017_Sep_29_1253,59.9536513462,Exp13,001,029,
C,E,No Stomach Ache,4,7,39,3,,,,,,,,,,,,,orange,kiwi,no stomach ache,z,1.56557294147,,,,,,,,,,2017_Sep_29_1253,59.9536513462,Exp13,001,029,
F, ,Stomach Ache,5,0,40,4,,,,,,,,,,,,,cherry,,stomach ache,m,0.850176435342,,,,,,,,,,2017_Sep_29_1253,59.9536513462,Exp13,001,029,
C,E,No Stomach Ache,5,1,41,3,,,,,,,,,,,,,orange,kiwi,no stomach ache,z,1.81513259685,,,,,,,,,,2017_Sep_29_1253,59.9536513462,Exp13,001,029,
F,I,Stomach Ache,5,2,42,5,,,,,,,,,,,,,cherry,strawberry,stomach ache,m,1.06542158121,,,,,,,,,,2017_Sep_29_1253,59.9536513462,Exp13,001,029,
A, ,Stomach Ache,5,3,43,0,,,,,,,,,,,,,mango,,stomach ache,m,1.01934296696,,,,,,,,,,2017_Sep_29_1253,59.9536513462,Exp13,001,029,
B,E,Stomach Ache,5,4,44,2,,,,,,,,,,,,,plum,kiwi,stomach ache,m,2.44825631226,,,,,,,,,,2017_Sep_29_1253,59.9536513462,Exp13,001,029,
A,D,Stomach Ache,5,5,45,1,,,,,,,,,,,,,mango,apple,stomach ache,m,0.66826064483,,,,,,,,,,2017_Sep_29_1253,59.9536513462,Exp13,001,029,
G,J,Stomach Ache,5,6,46,6,,,,,,,,,,,,,banana,peach,stomach ache,m,0.832419513958,,,,,,,,,,2017_Sep_29_1253,59.9536513462,Exp13,001,029,
H,J,No Stomach Ache,5,7,47,7,,,,,,,,,,,,,pear,peach,no stomach ache,z,1.46692594475,,,,,,,,,,2017_Sep_29_1253,59.9536513462,Exp13,001,029,
B,E,Stomach Ache,6,0,48,2,,,,,,,,,,,,,plum,kiwi,stomach ache,m,3.03747190212,,,,,,,,,,2017_Sep_29_1253,59.9536513462,Exp13,001,029,
A,D,Stomach Ache,6,1,49,1,,,,,,,,,,,,,mango,apple,stomach ache,m,0.848774121841,,,,,,,,,,2017_Sep_29_1253,59.9536513462,Exp13,001,029,
F, ,Stomach Ache,6,2,50,4,,,,,,,,,,,,,cherry,,stomach ache,m,0.771526491881,,,,,,,,,,2017_Sep_29_1253,59.9536513462,Exp13,001,029,
H,J,No Stomach Ache,6,3,51,7,,,,,,,,,,,,,pear,peach,no stomach ache,z,1.75549385269,,,,,,,,,,2017_Sep_29_1253,59.9536513462,Exp13,001,029,
A, ,Stomach Ache,6,4,52,0,,,,,,,,,,,,,mango,,stomach ache,m,4.40257910892,,,,,,,,,,2017_Sep_29_1253,59.9536513462,Exp13,001,029,
F,I,Stomach Ache,6,5,53,5,,,,,,,,,,,,,cherry,strawberry,stomach ache,m,0.597609172721,,,,,,,,,,2017_Sep_29_1253,59.9536513462,Exp13,001,029,
G,J,Stomach Ache,6,6,54,6,,,,,,,,,,,,,banana,peach,stomach ache,m,1.46825441541,,,,,,,,,,2017_Sep_29_1253,59.9536513462,Exp13,001,029,
C,E,No Stomach Ache,6,7,55,3,,,,,,,,,,,,,orange,kiwi,no stomach ache,z,1.10423840239,,,,,,,,,,2017_Sep_29_1253,59.9536513462,Exp13,001,029,
B,E,Stomach Ache,7,0,56,2,,,,,,,,,,,,,plum,kiwi,stomach ache,m,2.51611750596,,,,,,,,,,2017_Sep_29_1253,59.9536513462,Exp13,001,029,
F, ,Stomach Ache,7,1,57,4,,,,,,,,,,,,,cherry,,stomach ache,m,0.650212551816,,,,,,,,,,2017_Sep_29_1253,59.9536513462,Exp13,001,029,
G,J,Stomach Ache,7,2,58,6,,,,,,,,,,,,,banana,peach,stomach ache,m,0.768032432039,,,,,,,,,,2017_Sep_29_1253,59.9536513462,Exp13,001,029,
F,I,Stomach Ache,7,3,59,5,,,,,,,,,,,,,cherry,strawberry,stomach ache,m,0.537730701937,,,,,,,,,,2017_Sep_29_1253,59.9536513462,Exp13,001,029,
A, ,Stomach Ache,7,4,60,0,,,,,,,,,,,,,mango,,stomach ache,m,1.16682945914,,,,,,,,,,2017_Sep_29_1253,59.9536513462,Exp13,001,029,
H,J,No Stomach Ache,7,5,61,7,,,,,,,,,,,,,pear,peach,no stomach ache,z,1.83811975902,,,,,,,,,,2017_Sep_29_1253,59.9536513462,Exp13,001,029,
A,D,Stomach Ache,7,6,62,1,,,,,,,,,,,,,mango,apple,stomach ache,m,1.06545412805,,,,,,,,,,2017_Sep_29_1253,59.9536513462,Exp13,001,029,
C,E,No Stomach Ache,7,7,63,3,,,,,,,,,,,,,orange,kiwi,no stomach ache,z,2.97140008418,,,,,,,,,,2017_Sep_29_1253,59.9536513462,Exp13,001,029,
G,J,Stomach Ache,8,0,64,6,,,,,,,,,,,,,banana,peach,stomach ache,m,1.01662268178,,,,,,,,,,2017_Sep_29_1253,59.9536513462,Exp13,001,029,
A,D,Stomach Ache,8,1,65,1,,,,,,,,,,,,,mango,apple,stomach ache,m,0.968802287098,,,,,,,,,,2017_Sep_29_1253,59.9536513462,Exp13,001,029,
B,E,Stomach Ache,8,2,66,2,,,,,,,,,,,,,plum,kiwi,stomach ache,m,1.18726886937,,,,,,,,,,2017_Sep_29_1253,59.9536513462,Exp13,001,029,
H,J,No Stomach Ache,8,3,67,7,,,,,,,,,,,,,pear,peach,no stomach ache,z,0.766683663329,,,,,,,,,,2017_Sep_29_1253,59.9536513462,Exp13,001,029,
F, ,Stomach Ache,8,4,68,4,,,,,,,,,,,,,cherry,,stomach ache,m,2.02150890612,,,,,,,,,,2017_Sep_29_1253,59.9536513462,Exp13,001,029,
A, ,Stomach Ache,8,5,69,0,,,,,,,,,,,,,mango,,stomach ache,m,1.30502890545,,,,,,,,,,2017_Sep_29_1253,59.9536513462,Exp13,001,029,
C,E,No Stomach Ache,8,6,70,3,,,,,,,,,,,,,orange,kiwi,no stomach ache,z,0.734159229614,,,,,,,,,,2017_Sep_29_1253,59.9536513462,Exp13,001,029,
F,I,Stomach Ache,8,7,71,5,,,,,,,,,,,,,cherry,strawberry,stomach ache,m,0.61495348427,,,,,,,,,,2017_Sep_29_1253,59.9536513462,Exp13,001,029,
B,E,Stomach Ache,9,0,72,2,,,,,,,,,,,,,plum,kiwi,stomach ache,m,4.26800460974,,,,,,,,,,2017_Sep_29_1253,59.9536513462,Exp13,001,029,
A, ,Stomach Ache,9,1,73,0,,,,,,,,,,,,,mango,,stomach ache,m,1.23840519125,,,,,,,,,,2017_Sep_29_1253,59.9536513462,Exp13,001,029,
C,E,No Stomach Ache,9,2,74,3,,,,,,,,,,,,,orange,kiwi,no stomach ache,z,0.6348154507,,,,,,,,,,2017_Sep_29_1253,59.9536513462,Exp13,001,029,
F,I,Stomach Ache,9,3,75,5,,,,,,,,,,,,,cherry,strawberry,stomach ache,m,1.22069866498,,,,,,,,,,2017_Sep_29_1253,59.9536513462,Exp13,001,029,
F, ,Stomach Ache,9,4,76,4,,,,,,,,,,,,,cherry,,stomach ache,m,0.821664360992,,,,,,,,,,2017_Sep_29_1253,59.9536513462,Exp13,001,029,
A,D,Stomach Ache,9,5,77,1,,,,,,,,,,,,,mango,apple,stomach ache,m,1.56523382448,,,,,,,,,,2017_Sep_29_1253,59.9536513462,Exp13,001,029,
H,J,No Stomach Ache,9,6,78,7,,,,,,,,,,,,,pear,peach,no stomach ache,z,1.11647076157,,,,,,,,,,2017_Sep_29_1253,59.9536513462,Exp13,001,029,
G,J,Stomach Ache,9,7,79,6,,,,,,,,,,,,,banana,peach,stomach ache,m,2.15283922112,,,,,,,,,,2017_Sep_29_1253,59.9536513462,Exp13,001,029,
F, ,Stomach Ache,10,0,80,4,,,,,,,,,,,,,cherry,,stomach ache,m,0.571828232496,,,,,,,,,,2017_Sep_29_1253,59.9536513462,Exp13,001,029,
F,I,Stomach Ache,10,1,81,5,,,,,,,,,,,,,cherry,strawberry,stomach ache,m,0.952830541937,,,,,,,,,,2017_Sep_29_1253,59.9536513462,Exp13,001,029,
G,J,Stomach Ache,10,2,82,6,,,,,,,,,,,,,banana,peach,stomach ache,m,0.754149283573,,,,,,,,,,2017_Sep_29_1253,59.9536513462,Exp13,001,029,
A, ,Stomach Ache,10,3,83,0,,,,,,,,,,,,,mango,,stomach ache,m,0.633538075082,,,,,,,,,,2017_Sep_29_1253,59.9536513462,Exp13,001,029,
C,E,No Stomach Ache,10,4,84,3,,,,,,,,,,,,,orange,kiwi,no stomach ache,z,0.582285564509,,,,,,,,,,2017_Sep_29_1253,59.9536513462,Exp13,001,029,
A,D,Stomach Ache,10,5,85,1,,,,,,,,,,,,,mango,apple,stomach ache,m,1.76836035014,,,,,,,,,,2017_Sep_29_1253,59.9536513462,Exp13,001,029,
B,E,Stomach Ache,10,6,86,2,,,,,,,,,,,,,plum,kiwi,stomach ache,m,0.734958901739,,,,,,,,,,2017_Sep_29_1253,59.9536513462,Exp13,001,029,
H,J,No Stomach Ache,10,7,87,7,,,,,,,,,,,,,pear,peach,no stomach ache,z,1.35302463308,,,,,,,,,,2017_Sep_29_1253,59.9536513462,Exp13,001,029,
F,I,Stomach Ache,11,0,88,5,,,,,,,,,,,,,cherry,strawberry,stomach ache,m,0.703679996746,,,,,,,,,,2017_Sep_29_1253,59.9536513462,Exp13,001,029,
B,E,Stomach Ache,11,1,89,2,,,,,,,,,,,,,plum,kiwi,stomach ache,m,0.687369834544,,,,,,,,,,2017_Sep_29_1253,59.9536513462,Exp13,001,029,
A,D,Stomach Ache,11,2,90,1,,,,,,,,,,,,,mango,apple,stomach ache,m,2.933877787,,,,,,,,,,2017_Sep_29_1253,59.9536513462,Exp13,001,029,
C,E,No Stomach Ache,11,3,91,3,,,,,,,,,,,,,orange,kiwi,no stomach ache,z,0.754537745757,,,,,,,,,,2017_Sep_29_1253,59.9536513462,Exp13,001,029,
H,J,No Stomach Ache,11,4,92,7,,,,,,,,,,,,,pear,peach,no stomach ache,z,1.11576453032,,,,,,,,,,2017_Sep_29_1253,59.9536513462,Exp13,001,029,
A, ,Stomach Ache,11,5,93,0,,,,,,,,,,,,,mango,,stomach ache,m,0.61930111103,,,,,,,,,,2017_Sep_29_1253,59.9536513462,Exp13,001,029,
G,J,Stomach Ache,11,6,94,6,,,,,,,,,,,,,banana,peach,stomach ache,m,1.86860774105,,,,,,,,,,2017_Sep_29_1253,59.9536513462,Exp13,001,029,
F, ,Stomach Ache,11,7,95,4,,,,,,,,,,,,,cherry,,stomach ache,m,0.600286412111,,,,,,,,,,2017_Sep_29_1253,59.9536513462,Exp13,001,029,
D,C,Stomach Ache,,,,,0,0,0,0,,,,,,,,,apple,orange,stomach ache,,,m,1.66459720148,,,,,,,,2017_Sep_29_1253,59.9536513462,Exp13,001,029,
D,C,Stomach Ache,,,,,1,0,1,0,,,,,,,,,apple,orange,stomach ache,,,m,0.93364086005,,,,,,,,2017_Sep_29_1253,59.9536513462,Exp13,001,029,
D,C,Stomach Ache,,,,,2,0,2,0,,,,,,,,,apple,orange,stomach ache,,,m,1.61954328744,,,,,,,,2017_Sep_29_1253,59.9536513462,Exp13,001,029,
D,C,Stomach Ache,,,,,3,0,3,0,,,,,,,,,apple,orange,stomach ache,,,m,0.488510443509,,,,,,,,2017_Sep_29_1253,59.9536513462,Exp13,001,029,
D,C,Stomach Ache,,,,,4,0,4,0,,,,,,,,,apple,orange,stomach ache,,,m,0.466785608412,,,,,,,,2017_Sep_29_1253,59.9536513462,Exp13,001,029,
D,C,Stomach Ache,,,,,5,0,5,0,,,,,,,,,apple,orange,stomach ache,,,m,0.850072145462,,,,,,,,2017_Sep_29_1253,59.9536513462,Exp13,001,029,
,,,,,,,,,,,,,,,,,,,,,,,,,,space,15.7326732743,,,,,,2017_Sep_29_1253,59.9536513462,Exp13,001,029,
I, ,,,,,,,,,,0,0,0,8,,,,,strawberry,,,,,,,,,5,10.288,"[(None, 0.0), (u'5', 10.288)]",,,2017_Sep_29_1253,59.9536513462,Exp13,001,029,
A, ,,,,,,,,,,0,1,1,0,,,,,mango,,,,,,,,,10,2.92,"[(None, 0.0), (u'10', 2.92)]",,,2017_Sep_29_1253,59.9536513462,Exp13,001,029,
C, ,,,,,,,,,,0,2,2,2,,,,,orange,,,,,,,,,0,4.005,"[(None, 0.0), (u'0', 4.005)]",,,2017_Sep_29_1253,59.9536513462,Exp13,001,029,
D, ,,,,,,,,,,0,3,3,3,,,,,apple,,,,,,,,,10,3.003,"[(None, 0.0), (u'10', 3.003)]",,,2017_Sep_29_1253,59.9536513462,Exp13,001,029,
F, ,,,,,,,,,,0,4,4,5,,,,,cherry,,,,,,,,,10,3.022,"[(None, 0.0), (u'10', 3.022)]",,,2017_Sep_29_1253,59.9536513462,Exp13,001,029,
H, ,,,,,,,,,,0,5,5,7,,,,,pear,,,,,,,,,0,1.936,"[(None, 0.0), (u'0', 1.936)]",,,2017_Sep_29_1253,59.9536513462,Exp13,001,029,
E, ,,,,,,,,,,0,6,6,4,,,,,kiwi,,,,,,,,,0,3.138,"[(None, 0.0), (u'0', 3.138)]",,,2017_Sep_29_1253,59.9536513462,Exp13,001,029,
G, ,,,,,,,,,,0,7,7,6,,,,,banana,,,,,,,,,10,4.403,"[(None, 0.0), (u'10', 4.403)]",,,2017_Sep_29_1253,59.9536513462,Exp13,001,029,
J, ,,,,,,,,,,0,8,8,9,,,,,peach,,,,,,,,,0,2.242,"[(None, 0.0), (u'0', 2.242)]",,,2017_Sep_29_1253,59.9536513462,Exp13,001,029,
B, ,,,,,,,,,,0,9,9,1,,,,,plum,,,,,,,,,10,3.292,"[(None, 0.0), (u'10', 3.292)]",,,2017_Sep_29_1253,59.9536513462,Exp13,001,029,
I,C,,,,,,,,,,0,10,10,10,,,,,strawberry,orange,,,,,,,,2,7.17,"[(None, 0.0), (u'2', 7.17)]",,,2017_Sep_29_1253,59.9536513462,Exp13,001,029,
D,H,,,,,,,,,,0,11,11,11,,,,,apple,pear,,,,,,,,8,6.238,"[(None, 0.0), (u'8', 6.238)]",,,2017_Sep_29_1253,59.9536513462,Exp13,001,029,
D, ,,,,,,,,,,1,0,12,3,,,,,apple,,,,,,,,,10,1.706,"[(None, 0.0), (u'10', 1.706)]",,,2017_Sep_29_1253,59.9536513462,Exp13,001,029,
I,C,,,,,,,,,,1,1,13,10,,,,,strawberry,orange,,,,,,,,0,6.838,"[(None, 0.0), (u'0', 6.838)]",,,2017_Sep_29_1253,59.9536513462,Exp13,001,029,
D,H,,,,,,,,,,1,2,14,11,,,,,apple,pear,,,,,,,,8,2.969,"[(None, 0.0), (u'8', 2.969)]",,,2017_Sep_29_1253,59.9536513462,Exp13,001,029,
F, ,,,,,,,,,,1,3,15,5,,,,,cherry,,,,,,,,,10,1.238,"[(None, 0.0), (u'10', 1.238)]",,,2017_Sep_29_1253,59.9536513462,Exp13,001,029,
C, ,,,,,,,,,,1,4,16,2,,,,,orange,,,,,,,,,0,1.47,"[(None, 0.0), (u'0', 1.47)]",,,2017_Sep_29_1253,59.9536513462,Exp13,001,029,
H, ,,,,,,,,,,1,5,17,7,,,,,pear,,,,,,,,,0,1.81,"[(None, 0.0), (u'0', 1.81)]",,,2017_Sep_29_1253,59.9536513462,Exp13,001,029,
A, ,,,,,,,,,,1,6,18,0,,,,,mango,,,,,,,,,10,2.97,"[(None, 0.0), (u'10', 2.97)]",,,2017_Sep_29_1253,59.9536513462,Exp13,001,029,
I, ,,,,,,,,,,1,7,19,8,,,,,strawberry,,,,,,,,,5,3.341,"[(None, 0.0), (u'5', 3.341)]",,,2017_Sep_29_1253,59.9536513462,Exp13,001,029,
E, ,,,,,,,,,,1,8,20,4,,,,,kiwi,,,,,,,,,0,2.37,"[(None, 0.0), (u'0', 2.37)]",,,2017_Sep_29_1253,59.9536513462,Exp13,001,029,
G, ,,,,,,,,,,1,9,21,6,,,,,banana,,,,,,,,,0,0.439,"[(None, 0.0), (u'0', 0.004), (u'0', 0.439)]",,,2017_Sep_29_1253,59.9536513462,Exp13,001,029,
J, ,,,,,,,,,,1,10,22,9,,,,,peach,,,,,,,,,4,6.778,"[(None, 0.0), (u'2', 0.004), (u'7', 2.841), (u'6', 2.908), (u'4', 4.108), (u'5', 4.141), (u'4', 6.777)]",,,2017_Sep_29_1253,59.9536513462,Exp13,001,029,
B, ,,,,,,,,,,1,11,23,1,,,,,plum,,,,,,,,,10,7.62,"[(None, 0.0), (u'10', 7.62)]",,,2017_Sep_29_1253,59.9536513462,Exp13,001,029,
,,,,,,,,,,,,,,,,,,,,,,,,,,,,,,,space,2.00019913062,2017_Sep_29_1253,59.9536513462,Exp13,001,029,
