stim1,stim2,outcome,train_trials.thisRepN,train_trials.thisTrialN,train_trials.thisN,train_trials.thisIndex,train_trials2.thisRepN,train_trials2.thisTrialN,train_trials2.thisN,train_trials2.thisIndex,test_trials.thisRepN,test_trials.thisTrialN,test_trials.thisN,test_trials.thisIndex,start_exp.keys,start_exp.rt,start_exp2.keys,start_exp2.rt,stim.A,stim.B,pressed,key_ans.keys,key_ans.rt,key_answ.keys,key_answ.rt,start.keys,start.rt,rating.response,rating.rt,rating.history,exit_exp.keys,exit_exp.rt,date,frameRate,expName,session,participant,
,,,,,,,,,,,,,,,space,559.248820442,,,,,,,,,,,,,,,,,2017_Sep_29_1422,59.9950448954,Exp13,001,030,
,,,,,,,,,,,,,,,,,space,10.684298386,,,,,,,,,,,,,,,2017_Sep_29_1422,59.9950448954,Exp13,001,030,
F, ,Stomach Ache,0,0,0,4,,,,,,,,,,,,,banana,,no stomach ache,z,6.8007272979,,,,,,,,,,2017_Sep_29_1422,59.9950448954,Exp13,001,030,
G,J,Stomach Ache,0,1,1,6,,,,,,,,,,,,,cherry,mango,no stomach ache,z,4.46728419213,,,,,,,,,,2017_Sep_29_1422,59.9950448954,Exp13,001,030,
F,I,Stomach Ache,0,2,2,5,,,,,,,,,,,,,banana,strawberry,stomach ache,m,2.71677376772,,,,,,,,,,2017_Sep_29_1422,59.9950448954,Exp13,001,030,
A,D,Stomach Ache,0,3,3,1,,,,,,,,,,,,,peach,kiwi,no stomach ache,z,2.50047735267,,,,,,,,,,2017_Sep_29_1422,59.9950448954,Exp13,001,030,
B,E,Stomach Ache,0,4,4,2,,,,,,,,,,,,,orange,plum,stomach ache,m,2.73392696783,,,,,,,,,,2017_Sep_29_1422,59.9950448954,Exp13,001,030,
H,J,No Stomach Ache,0,5,5,7,,,,,,,,,,,,,apple,mango,stomach ache,m,2.05042825255,,,,,,,,,,2017_Sep_29_1422,59.9950448954,Exp13,001,030,
C,E,No Stomach Ache,0,6,6,3,,,,,,,,,,,,,pear,plum,stomach ache,m,1.66711998841,,,,,,,,,,2017_Sep_29_1422,59.9950448954,Exp13,001,030,
A, ,Stomach Ache,0,7,7,0,,,,,,,,,,,,,peach,,stomach ache,m,2.15043224217,,,,,,,,,,2017_Sep_29_1422,59.9950448954,Exp13,001,030,
F,I,Stomach Ache,1,0,8,5,,,,,,,,,,,,,banana,strawberry,stomach ache,m,1.31706227912,,,,,,,,,,2017_Sep_29_1422,59.9950448954,Exp13,001,030,
G,J,Stomach Ache,1,1,9,6,,,,,,,,,,,,,cherry,mango,no stomach ache,z,1.45041131423,,,,,,,,,,2017_Sep_29_1422,59.9950448954,Exp13,001,030,
B,E,Stomach Ache,1,2,10,2,,,,,,,,,,,,,orange,plum,stomach ache,m,2.10047504291,,,,,,,,,,2017_Sep_29_1422,59.9950448954,Exp13,001,030,
F, ,Stomach Ache,1,3,11,4,,,,,,,,,,,,,banana,,stomach ache,m,1.08364801048,,,,,,,,,,2017_Sep_29_1422,59.9950448954,Exp13,001,030,
C,E,No Stomach Ache,1,4,12,3,,,,,,,,,,,,,pear,plum,no stomach ache,z,1.48378155724,,,,,,,,,,2017_Sep_29_1422,59.9950448954,Exp13,001,030,
H,J,No Stomach Ache,1,5,13,7,,,,,,,,,,,,,apple,mango,no stomach ache,z,1.51706850852,,,,,,,,,,2017_Sep_29_1422,59.9950448954,Exp13,001,030,
A, ,Stomach Ache,1,6,14,0,,,,,,,,,,,,,peach,,stomach ache,m,2.31708537685,,,,,,,,,,2017_Sep_29_1422,59.9950448954,Exp13,001,030,
A,D,Stomach Ache,1,7,15,1,,,,,,,,,,,,,peach,kiwi,stomach ache,m,1.28372668268,,,,,,,,,,2017_Sep_29_1422,59.9950448954,Exp13,001,030,
H,J,No Stomach Ache,2,0,16,7,,,,,,,,,,,,,apple,mango,no stomach ache,z,1.23368794154,,,,,,,,,,2017_Sep_29_1422,59.9950448954,Exp13,001,030,
G,J,Stomach Ache,2,1,17,6,,,,,,,,,,,,,cherry,mango,no stomach ache,z,1.2670172386,,,,,,,,,,2017_Sep_29_1422,59.9950448954,Exp13,001,030,
C,E,No Stomach Ache,2,2,18,3,,,,,,,,,,,,,pear,plum,no stomach ache,z,1.50037026333,,,,,,,,,,2017_Sep_29_1422,59.9950448954,Exp13,001,030,
B,E,Stomach Ache,2,3,19,2,,,,,,,,,,,,,orange,plum,stomach ache,m,2.96715960448,,,,,,,,,,2017_Sep_29_1422,59.9950448954,Exp13,001,030,
A,D,Stomach Ache,2,4,20,1,,,,,,,,,,,,,peach,kiwi,stomach ache,m,1.5837729481,,,,,,,,,,2017_Sep_29_1422,59.9950448954,Exp13,001,030,
A, ,Stomach Ache,2,5,21,0,,,,,,,,,,,,,peach,,stomach ache,m,1.05036245906,,,,,,,,,,2017_Sep_29_1422,59.9950448954,Exp13,001,030,
F,I,Stomach Ache,2,6,22,5,,,,,,,,,,,,,banana,strawberry,stomach ache,m,1.16683126701,,,,,,,,,,2017_Sep_29_1422,59.9950448954,Exp13,001,030,
F, ,Stomach Ache,2,7,23,4,,,,,,,,,,,,,banana,,stomach ache,m,0.966846385534,,,,,,,,,,2017_Sep_29_1422,59.9950448954,Exp13,001,030,
H,J,No Stomach Ache,3,0,24,7,,,,,,,,,,,,,apple,mango,no stomach ache,z,0.867087371647,,,,,,,,,,2017_Sep_29_1422,59.9950448954,Exp13,001,030,
A,D,Stomach Ache,3,1,25,1,,,,,,,,,,,,,peach,kiwi,stomach ache,m,1.06709780061,,,,,,,,,,2017_Sep_29_1422,59.9950448954,Exp13,001,030,
B,E,Stomach Ache,3,2,26,2,,,,,,,,,,,,,orange,plum,stomach ache,m,1.81716971847,,,,,,,,,,2017_Sep_29_1422,59.9950448954,Exp13,001,030,
F, ,Stomach Ache,3,3,27,4,,,,,,,,,,,,,banana,,stomach ache,m,0.900378522492,,,,,,,,,,2017_Sep_29_1422,59.9950448954,Exp13,001,030,
C,E,No Stomach Ache,3,4,28,3,,,,,,,,,,,,,pear,plum,no stomach ache,z,1.33375912445,,,,,,,,,,2017_Sep_29_1422,59.9950448954,Exp13,001,030,
G,J,Stomach Ache,3,5,29,6,,,,,,,,,,,,,cherry,mango,stomach ache,m,0.783675237763,,,,,,,,,,2017_Sep_29_1422,59.9950448954,Exp13,001,030,
F,I,Stomach Ache,3,6,30,5,,,,,,,,,,,,,banana,strawberry,stomach ache,m,0.767060284328,,,,,,,,,,2017_Sep_29_1422,59.9950448954,Exp13,001,030,
A, ,Stomach Ache,3,7,31,0,,,,,,,,,,,,,peach,,stomach ache,m,0.966845685616,,,,,,,,,,2017_Sep_29_1422,59.9950448954,Exp13,001,030,
A, ,Stomach Ache,4,0,32,0,,,,,,,,,,,,,peach,,stomach ache,m,0.967012269073,,,,,,,,,,2017_Sep_29_1422,59.9950448954,Exp13,001,030,
A,D,Stomach Ache,4,1,33,1,,,,,,,,,,,,,peach,kiwi,stomach ache,m,1.15023626157,,,,,,,,,,2017_Sep_29_1422,59.9950448954,Exp13,001,030,
H,J,No Stomach Ache,4,2,34,7,,,,,,,,,,,,,apple,mango,no stomach ache,z,1.73390422011,,,,,,,,,,2017_Sep_29_1422,59.9950448954,Exp13,001,030,
F, ,Stomach Ache,4,3,35,4,,,,,,,,,,,,,banana,,stomach ache,m,0.883885007002,,,,,,,,,,2017_Sep_29_1422,59.9950448954,Exp13,001,030,
C,E,No Stomach Ache,4,4,36,3,,,,,,,,,,,,,pear,plum,no stomach ache,z,0.733653994888,,,,,,,,,,2017_Sep_29_1422,59.9950448954,Exp13,001,030,
B,E,Stomach Ache,4,5,37,2,,,,,,,,,,,,,orange,plum,stomach ache,m,1.08339638542,,,,,,,,,,2017_Sep_29_1422,59.9950448954,Exp13,001,030,
F,I,Stomach Ache,4,6,38,5,,,,,,,,,,,,,banana,strawberry,stomach ache,m,0.850294285832,,,,,,,,,,2017_Sep_29_1422,59.9950448954,Exp13,001,030,
G,J,Stomach Ache,4,7,39,6,,,,,,,,,,,,,cherry,mango,stomach ache,m,1.28353735144,,,,,,,,,,2017_Sep_29_1422,59.9950448954,Exp13,001,030,
F,I,Stomach Ache,5,0,40,5,,,,,,,,,,,,,banana,strawberry,stomach ache,m,0.817199465557,,,,,,,,,,2017_Sep_29_1422,59.9950448954,Exp13,001,030,
A,D,Stomach Ache,5,1,41,1,,,,,,,,,,,,,peach,kiwi,stomach ache,m,0.850316683616,,,,,,,,,,2017_Sep_29_1422,59.9950448954,Exp13,001,030,
C,E,No Stomach Ache,5,2,42,3,,,,,,,,,,,,,pear,plum,no stomach ache,z,0.667030747252,,,,,,,,,,2017_Sep_29_1422,59.9950448954,Exp13,001,030,
G,J,Stomach Ache,5,3,43,6,,,,,,,,,,,,,cherry,mango,stomach ache,m,1.3333724128,,,,,,,,,,2017_Sep_29_1422,59.9950448954,Exp13,001,030,
H,J,No Stomach Ache,5,4,44,7,,,,,,,,,,,,,apple,mango,no stomach ache,z,1.31713087231,,,,,,,,,,2017_Sep_29_1422,59.9950448954,Exp13,001,030,
F, ,Stomach Ache,5,5,45,4,,,,,,,,,,,,,banana,,stomach ache,m,0.783683986898,,,,,,,,,,2017_Sep_29_1422,59.9950448954,Exp13,001,030,
B,E,Stomach Ache,5,6,46,2,,,,,,,,,,,,,orange,plum,stomach ache,m,1.35033068221,,,,,,,,,,2017_Sep_29_1422,59.9950448954,Exp13,001,030,
A, ,Stomach Ache,5,7,47,0,,,,,,,,,,,,,peach,,stomach ache,m,0.717099585425,,,,,,,,,,2017_Sep_29_1422,59.9950448954,Exp13,001,030,
C,E,No Stomach Ache,6,0,48,3,,,,,,,,,,,,,pear,plum,no stomach ache,z,0.866973982891,,,,,,,,,,2017_Sep_29_1422,59.9950448954,Exp13,001,030,
B,E,Stomach Ache,6,1,49,2,,,,,,,,,,,,,orange,plum,stomach ache,m,1.11682857227,,,,,,,,,,2017_Sep_29_1422,59.9950448954,Exp13,001,030,
G,J,Stomach Ache,6,2,50,6,,,,,,,,,,,,,cherry,mango,stomach ache,m,0.983524332725,,,,,,,,,,2017_Sep_29_1422,59.9950448954,Exp13,001,030,
A, ,Stomach Ache,6,3,51,0,,,,,,,,,,,,,peach,,stomach ache,m,0.783676987601,,,,,,,,,,2017_Sep_29_1422,59.9950448954,Exp13,001,030,
H,J,No Stomach Ache,6,4,52,7,,,,,,,,,,,,,apple,mango,no stomach ache,z,1.23375548481,,,,,,,,,,2017_Sep_29_1422,59.9950448954,Exp13,001,030,
F, ,Stomach Ache,6,5,53,4,,,,,,,,,,,,,banana,,stomach ache,m,0.700370193314,,,,,,,,,,2017_Sep_29_1422,59.9950448954,Exp13,001,030,
A,D,Stomach Ache,6,6,54,1,,,,,,,,,,,,,peach,kiwi,stomach ache,m,1.08372500286,,,,,,,,,,2017_Sep_29_1422,59.9950448954,Exp13,001,030,
F,I,Stomach Ache,6,7,55,5,,,,,,,,,,,,,banana,strawberry,stomach ache,m,0.733740436321,,,,,,,,,,2017_Sep_29_1422,59.9950448954,Exp13,001,030,
F,I,Stomach Ache,7,0,56,5,,,,,,,,,,,,,banana,strawberry,stomach ache,m,0.666866613523,,,,,,,,,,2017_Sep_29_1422,59.9950448954,Exp13,001,030,
H,J,No Stomach Ache,7,1,57,7,,,,,,,,,,,,,apple,mango,no stomach ache,z,1.38372017333,,,,,,,,,,2017_Sep_29_1422,59.9950448954,Exp13,001,030,
A, ,Stomach Ache,7,2,58,0,,,,,,,,,,,,,peach,,stomach ache,m,0.750367638568,,,,,,,,,,2017_Sep_29_1422,59.9950448954,Exp13,001,030,
G,J,Stomach Ache,7,3,59,6,,,,,,,,,,,,,cherry,mango,stomach ache,m,0.867155964865,,,,,,,,,,2017_Sep_29_1422,59.9950448954,Exp13,001,030,
A,D,Stomach Ache,7,4,60,1,,,,,,,,,,,,,peach,kiwi,stomach ache,m,0.750413833972,,,,,,,,,,2017_Sep_29_1422,59.9950448954,Exp13,001,030,
B,E,Stomach Ache,7,5,61,2,,,,,,,,,,,,,orange,plum,stomach ache,m,1.0837285025,,,,,,,,,,2017_Sep_29_1422,59.9950448954,Exp13,001,030,
C,E,No Stomach Ache,7,6,62,3,,,,,,,,,,,,,pear,plum,no stomach ache,z,0.817007334583,,,,,,,,,,2017_Sep_29_1422,59.9950448954,Exp13,001,030,
F, ,Stomach Ache,7,7,63,4,,,,,,,,,,,,,banana,,stomach ache,m,0.683698545472,,,,,,,,,,2017_Sep_29_1422,59.9950448954,Exp13,001,030,
H,J,No Stomach Ache,8,0,64,7,,,,,,,,,,,,,apple,mango,no stomach ache,z,1.95044246115,,,,,,,,,,2017_Sep_29_1422,59.9950448954,Exp13,001,030,
A, ,Stomach Ache,8,1,65,0,,,,,,,,,,,,,peach,,stomach ache,m,0.667022348091,,,,,,,,,,2017_Sep_29_1422,59.9950448954,Exp13,001,030,
F, ,Stomach Ache,8,2,66,4,,,,,,,,,,,,,banana,,stomach ache,m,0.68370659466,,,,,,,,,,2017_Sep_29_1422,59.9950448954,Exp13,001,030,
C,E,No Stomach Ache,8,3,67,3,,,,,,,,,,,,,pear,plum,no stomach ache,z,0.900293480925,,,,,,,,,,2017_Sep_29_1422,59.9950448954,Exp13,001,030,
F,I,Stomach Ache,8,4,68,5,,,,,,,,,,,,,banana,strawberry,stomach ache,m,0.933663723932,,,,,,,,,,2017_Sep_29_1422,59.9950448954,Exp13,001,030,
B,E,Stomach Ache,8,5,69,2,,,,,,,,,,,,,orange,plum,stomach ache,m,0.983715413779,,,,,,,,,,2017_Sep_29_1422,59.9950448954,Exp13,001,030,
G,J,Stomach Ache,8,6,70,6,,,,,,,,,,,,,cherry,mango,no stomach ache,z,0.850291836075,,,,,,,,,,2017_Sep_29_1422,59.9950448954,Exp13,001,030,
A,D,Stomach Ache,8,7,71,1,,,,,,,,,,,,,peach,kiwi,stomach ache,m,1.11684012116,,,,,,,,,,2017_Sep_29_1422,59.9950448954,Exp13,001,030,
F, ,Stomach Ache,9,0,72,4,,,,,,,,,,,,,banana,,stomach ache,m,0.617020003323,,,,,,,,,,2017_Sep_29_1422,59.9950448954,Exp13,001,030,
F,I,Stomach Ache,9,1,73,5,,,,,,,,,,,,,banana,strawberry,stomach ache,m,0.68369189612,,,,,,,,,,2017_Sep_29_1422,59.9950448954,Exp13,001,030,
B,E,Stomach Ache,9,2,74,2,,,,,,,,,,,,,orange,plum,stomach ache,m,0.933728117554,,,,,,,,,,2017_Sep_29_1422,59.9950448954,Exp13,001,030,
A,D,Stomach Ache,9,3,75,1,,,,,,,,,,,,,peach,kiwi,stomach ache,m,0.78368888644,,,,,,,,,,2017_Sep_29_1422,59.9950448954,Exp13,001,030,
A, ,Stomach Ache,9,4,76,0,,,,,,,,,,,,,peach,,stomach ache,m,1.01700061525,,,,,,,,,,2017_Sep_29_1422,59.9950448954,Exp13,001,030,
H,J,No Stomach Ache,9,5,77,7,,,,,,,,,,,,,apple,mango,no stomach ache,z,1.38374012135,,,,,,,,,,2017_Sep_29_1422,59.9950448954,Exp13,001,030,
G,J,Stomach Ache,9,6,78,6,,,,,,,,,,,,,cherry,mango,stomach ache,m,0.950370718288,,,,,,,,,,2017_Sep_29_1422,59.9950448954,Exp13,001,030,
C,E,No Stomach Ache,9,7,79,3,,,,,,,,,,,,,pear,plum,no stomach ache,z,0.950406764692,,,,,,,,,,2017_Sep_29_1422,59.9950448954,Exp13,001,030,
G,J,Stomach Ache,10,0,80,6,,,,,,,,,,,,,cherry,mango,stomach ache,m,0.950381217233,,,,,,,,,,2017_Sep_29_1422,59.9950448954,Exp13,001,030,
C,E,No Stomach Ache,10,1,81,3,,,,,,,,,,,,,pear,plum,no stomach ache,z,0.717050940235,,,,,,,,,,2017_Sep_29_1422,59.9950448954,Exp13,001,030,
A,D,Stomach Ache,10,2,82,1,,,,,,,,,,,,,peach,kiwi,stomach ache,m,0.633705649787,,,,,,,,,,2017_Sep_29_1422,59.9950448954,Exp13,001,030,
B,E,Stomach Ache,10,3,83,2,,,,,,,,,,,,,orange,plum,stomach ache,m,0.983623722888,,,,,,,,,,2017_Sep_29_1422,59.9950448954,Exp13,001,030,
F, ,Stomach Ache,10,4,84,4,,,,,,,,,,,,,banana,,stomach ache,m,0.617002155108,,,,,,,,,,2017_Sep_29_1422,59.9950448954,Exp13,001,030,
H,J,No Stomach Ache,10,5,85,7,,,,,,,,,,,,,apple,mango,no stomach ache,z,1.1003693534,,,,,,,,,,2017_Sep_29_1422,59.9950448954,Exp13,001,030,
A, ,Stomach Ache,10,6,86,0,,,,,,,,,,,,,peach,,stomach ache,m,1.08369315602,,,,,,,,,,2017_Sep_29_1422,59.9950448954,Exp13,001,030,
F,I,Stomach Ache,10,7,87,5,,,,,,,,,,,,,banana,strawberry,stomach ache,m,0.633680802217,,,,,,,,,,2017_Sep_29_1422,59.9950448954,Exp13,001,030,
H,J,No Stomach Ache,11,0,88,7,,,,,,,,,,,,,apple,mango,no stomach ache,z,0.833738126559,,,,,,,,,,2017_Sep_29_1422,59.9950448954,Exp13,001,030,
G,J,Stomach Ache,11,1,89,6,,,,,,,,,,,,,cherry,mango,stomach ache,m,0.850146600482,,,,,,,,,,2017_Sep_29_1422,59.9950448954,Exp13,001,030,
C,E,No Stomach Ache,11,2,90,3,,,,,,,,,,,,,pear,plum,no stomach ache,z,0.667015348765,,,,,,,,,,2017_Sep_29_1422,59.9950448954,Exp13,001,030,
A, ,Stomach Ache,11,3,91,0,,,,,,,,,,,,,peach,,stomach ache,m,0.617030502297,,,,,,,,,,2017_Sep_29_1422,59.9950448954,Exp13,001,030,
F, ,Stomach Ache,11,4,92,4,,,,,,,,,,,,,banana,,stomach ache,m,0.583680207288,,,,,,,,,,2017_Sep_29_1422,59.9950448954,Exp13,001,030,
F,I,Stomach Ache,11,5,93,5,,,,,,,,,,,,,banana,strawberry,stomach ache,m,0.683652000094,,,,,,,,,,2017_Sep_29_1422,59.9950448954,Exp13,001,030,
A,D,Stomach Ache,11,6,94,1,,,,,,,,,,,,,peach,kiwi,stomach ache,m,0.883896905842,,,,,,,,,,2017_Sep_29_1422,59.9950448954,Exp13,001,030,
B,E,Stomach Ache,11,7,95,2,,,,,,,,,,,,,orange,plum,stomach ache,m,1.08362946232,,,,,,,,,,2017_Sep_29_1422,59.9950448954,Exp13,001,030,
D,C,Stomach Ache,,,,,0,0,0,0,,,,,,,,,kiwi,pear,no stomach ache,,,z,1.25034839049,,,,,,,,2017_Sep_29_1422,59.9950448954,Exp13,001,030,
D,C,Stomach Ache,,,,,1,0,1,0,,,,,,,,,kiwi,pear,stomach ache,,,m,1.18411535418,,,,,,,,2017_Sep_29_1422,59.9950448954,Exp13,001,030,
D,C,Stomach Ache,,,,,2,0,2,0,,,,,,,,,kiwi,pear,stomach ache,,,m,1.15079340636,,,,,,,,2017_Sep_29_1422,59.9950448954,Exp13,001,030,
D,C,Stomach Ache,,,,,3,0,3,0,,,,,,,,,kiwi,pear,stomach ache,,,m,0.967258294695,,,,,,,,2017_Sep_29_1422,59.9950448954,Exp13,001,030,
D,C,Stomach Ache,,,,,4,0,4,0,,,,,,,,,kiwi,pear,stomach ache,,,m,0.783925812953,,,,,,,,2017_Sep_29_1422,59.9950448954,Exp13,001,030,
D,C,Stomach Ache,,,,,5,0,5,0,,,,,,,,,kiwi,pear,stomach ache,,,m,1.23366064421,,,,,,,,2017_Sep_29_1422,59.9950448954,Exp13,001,030,
,,,,,,,,,,,,,,,,,,,,,,,,,,space,6.96739548113,,,,,,2017_Sep_29_1422,59.9950448954,Exp13,001,030,
D, ,,,,,,,,,,0,0,0,3,,,,,kiwi,,,,,,,,,10,6.253,"[(None, 0.0), (u'10', 6.253)]",,,2017_Sep_29_1422,59.9950448954,Exp13,001,030,
I, ,,,,,,,,,,0,1,1,8,,,,,strawberry,,,,,,,,,0,3.837,"[(None, 0.0), (u'0', 3.837)]",,,2017_Sep_29_1422,59.9950448954,Exp13,001,030,
F, ,,,,,,,,,,0,2,2,5,,,,,banana,,,,,,,,,10,1.387,"[(None, 0.0), (u'10', 1.387)]",,,2017_Sep_29_1422,59.9950448954,Exp13,001,030,
E, ,,,,,,,,,,0,3,3,4,,,,,plum,,,,,,,,,0,1.82,"[(None, 0.0), (u'0', 1.82)]",,,2017_Sep_29_1422,59.9950448954,Exp13,001,030,
I,C,,,,,,,,,,0,4,4,10,,,,,strawberry,pear,,,,,,,,0,2.52,"[(None, 0.0), (u'0', 2.52)]",,,2017_Sep_29_1422,59.9950448954,Exp13,001,030,
J, ,,,,,,,,,,0,5,5,9,,,,,mango,,,,,,,,,0,1.92,"[(None, 0.0), (u'0', 1.92)]",,,2017_Sep_29_1422,59.9950448954,Exp13,001,030,
D,H,,,,,,,,,,0,6,6,11,,,,,kiwi,apple,,,,,,,,7,5.287,"[(None, 0.0), (u'7', 5.287)]",,,2017_Sep_29_1422,59.9950448954,Exp13,001,030,
A, ,,,,,,,,,,0,7,7,0,,,,,peach,,,,,,,,,10,1.47,"[(None, 0.0), (u'10', 1.47)]",,,2017_Sep_29_1422,59.9950448954,Exp13,001,030,
H, ,,,,,,,,,,0,8,8,7,,,,,apple,,,,,,,,,0,1.97,"[(None, 0.0), (u'0', 1.97)]",,,2017_Sep_29_1422,59.9950448954,Exp13,001,030,
B, ,,,,,,,,,,0,9,9,1,,,,,orange,,,,,,,,,10,1.803,"[(None, 0.0), (u'10', 1.803)]",,,2017_Sep_29_1422,59.9950448954,Exp13,001,030,
G, ,,,,,,,,,,0,10,10,6,,,,,cherry,,,,,,,,,10,1.186,"[(None, 0.0), (u'10', 1.186)]",,,2017_Sep_29_1422,59.9950448954,Exp13,001,030,
C, ,,,,,,,,,,0,11,11,2,,,,,pear,,,,,,,,,0,1.42,"[(None, 0.0), (u'0', 1.42)]",,,2017_Sep_29_1422,59.9950448954,Exp13,001,030,
C, ,,,,,,,,,,1,0,12,2,,,,,pear,,,,,,,,,0,1.353,"[(None, 0.0), (u'0', 1.353)]",,,2017_Sep_29_1422,59.9950448954,Exp13,001,030,
A, ,,,,,,,,,,1,1,13,0,,,,,peach,,,,,,,,,10,3.17,"[(None, 0.0), (u'10', 3.17)]",,,2017_Sep_29_1422,59.9950448954,Exp13,001,030,
I, ,,,,,,,,,,1,2,14,8,,,,,strawberry,,,,,,,,,0,1.653,"[(None, 0.0), (u'0', 1.653)]",,,2017_Sep_29_1422,59.9950448954,Exp13,001,030,
B, ,,,,,,,,,,1,3,15,1,,,,,orange,,,,,,,,,10,1.97,"[(None, 0.0), (u'10', 1.97)]",,,2017_Sep_29_1422,59.9950448954,Exp13,001,030,
G, ,,,,,,,,,,1,4,16,6,,,,,cherry,,,,,,,,,10,0.92,"[(None, 0.0), (u'10', 0.92)]",,,2017_Sep_29_1422,59.9950448954,Exp13,001,030,
I,C,,,,,,,,,,1,5,17,10,,,,,strawberry,pear,,,,,,,,0,2.303,"[(None, 0.0), (u'0', 2.303)]",,,2017_Sep_29_1422,59.9950448954,Exp13,001,030,
H, ,,,,,,,,,,1,6,18,7,,,,,apple,,,,,,,,,0,1.47,"[(None, 0.0), (u'0', 1.47)]",,,2017_Sep_29_1422,59.9950448954,Exp13,001,030,
D,H,,,,,,,,,,1,7,19,11,,,,,kiwi,apple,,,,,,,,8,2.587,"[(None, 0.0), (u'8', 2.587)]",,,2017_Sep_29_1422,59.9950448954,Exp13,001,030,
E, ,,,,,,,,,,1,8,20,4,,,,,plum,,,,,,,,,0,1.453,"[(None, 0.0), (u'0', 1.453)]",,,2017_Sep_29_1422,59.9950448954,Exp13,001,030,
J, ,,,,,,,,,,1,9,21,9,,,,,mango,,,,,,,,,0,1.32,"[(None, 0.0), (u'0', 1.32)]",,,2017_Sep_29_1422,59.9950448954,Exp13,001,030,
D, ,,,,,,,,,,1,10,22,3,,,,,kiwi,,,,,,,,,10,1.636,"[(None, 0.0), (u'10', 1.636)]",,,2017_Sep_29_1422,59.9950448954,Exp13,001,030,
F, ,,,,,,,,,,1,11,23,5,,,,,banana,,,,,,,,,10,1.053,"[(None, 0.0), (u'10', 1.053)]",,,2017_Sep_29_1422,59.9950448954,Exp13,001,030,
,,,,,,,,,,,,,,,,,,,,,,,,,,,,,,,space,3.50090326049,2017_Sep_29_1422,59.9950448954,Exp13,001,030,
