stim1,stim2,outcome,train_trials.thisRepN,train_trials.thisTrialN,train_trials.thisN,train_trials.thisIndex,train_trials2.thisRepN,train_trials2.thisTrialN,train_trials2.thisN,train_trials2.thisIndex,test_trials.thisRepN,test_trials.thisTrialN,test_trials.thisN,test_trials.thisIndex,start_exp.keys,start_exp.rt,start_exp2.keys,start_exp2.rt,stim.A,stim.B,pressed,key_ans.keys,key_ans.rt,key_answ.keys,key_answ.rt,start.keys,start.rt,rating.response,rating.rt,rating.history,exit_exp.keys,exit_exp.rt,date,frameRate,expName,session,participant,
,,,,,,,,,,,,,,,space,421.007916229,,,,,,,,,,,,,,,,,2017_Sep_29_1310,59.959438391,Exp13,001,031,
,,,,,,,,,,,,,,,,,space,7.13324252886,,,,,,,,,,,,,,,2017_Sep_29_1310,59.959438391,Exp13,001,031,
G,J,Stomach Ache,0,0,0,6,,,,,,,,,,,,,apple,banana,no stomach ache,z,9.72890519106,,,,,,,,,,2017_Sep_29_1310,59.959438391,Exp13,001,031,
A,D,Stomach Ache,0,1,1,1,,,,,,,,,,,,,mango,plum,no stomach ache,z,7.36508515896,,,,,,,,,,2017_Sep_29_1310,59.959438391,Exp13,001,031,
A, ,Stomach Ache,0,2,2,0,,,,,,,,,,,,,mango,,no stomach ache,z,7.7663504958,,,,,,,,,,2017_Sep_29_1310,59.959438391,Exp13,001,031,
H,J,No Stomach Ache,0,3,3,7,,,,,,,,,,,,,strawberry,banana,no stomach ache,z,3.58589721291,,,,,,,,,,2017_Sep_29_1310,59.959438391,Exp13,001,031,
F, ,Stomach Ache,0,4,4,4,,,,,,,,,,,,,orange,,stomach ache,m,3.77138335584,,,,,,,,,,2017_Sep_29_1310,59.959438391,Exp13,001,031,
C,E,No Stomach Ache,0,5,5,3,,,,,,,,,,,,,pear,kiwi,stomach ache,m,6.36549391915,,,,,,,,,,2017_Sep_29_1310,59.959438391,Exp13,001,031,
F,I,Stomach Ache,0,6,6,5,,,,,,,,,,,,,orange,cherry,stomach ache,m,5.10234963626,,,,,,,,,,2017_Sep_29_1310,59.959438391,Exp13,001,031,
B,E,Stomach Ache,0,7,7,2,,,,,,,,,,,,,peach,kiwi,stomach ache,m,9.41649165456,,,,,,,,,,2017_Sep_29_1310,59.959438391,Exp13,001,031,
C,E,No Stomach Ache,1,0,8,3,,,,,,,,,,,,,pear,kiwi,stomach ache,m,9.35491549896,,,,,,,,,,2017_Sep_29_1310,59.959438391,Exp13,001,031,
G,J,Stomach Ache,1,1,9,6,,,,,,,,,,,,,apple,banana,no stomach ache,z,5.73335430797,,,,,,,,,,2017_Sep_29_1310,59.959438391,Exp13,001,031,
F, ,Stomach Ache,1,2,10,4,,,,,,,,,,,,,orange,,stomach ache,m,2.68377883412,,,,,,,,,,2017_Sep_29_1310,59.959438391,Exp13,001,031,
B,E,Stomach Ache,1,3,11,2,,,,,,,,,,,,,peach,kiwi,stomach ache,m,4.33501573623,,,,,,,,,,2017_Sep_29_1310,59.959438391,Exp13,001,031,
A, ,Stomach Ache,1,4,12,0,,,,,,,,,,,,,mango,,no stomach ache,z,6.71982847471,,,,,,,,,,2017_Sep_29_1310,59.959438391,Exp13,001,031,
H,J,No Stomach Ache,1,5,13,7,,,,,,,,,,,,,strawberry,banana,stomach ache,m,3.66411914799,,,,,,,,,,2017_Sep_29_1310,59.959438391,Exp13,001,031,
F,I,Stomach Ache,1,6,14,5,,,,,,,,,,,,,orange,cherry,stomach ache,m,6.39989207051,,,,,,,,,,2017_Sep_29_1310,59.959438391,Exp13,001,031,
A,D,Stomach Ache,1,7,15,1,,,,,,,,,,,,,mango,plum,stomach ache,m,5.65126174965,,,,,,,,,,2017_Sep_29_1310,59.959438391,Exp13,001,031,
H,J,No Stomach Ache,2,0,16,7,,,,,,,,,,,,,strawberry,banana,no stomach ache,z,3.55343367325,,,,,,,,,,2017_Sep_29_1310,59.959438391,Exp13,001,031,
A, ,Stomach Ache,2,1,17,0,,,,,,,,,,,,,mango,,no stomach ache,z,3.40454801725,,,,,,,,,,2017_Sep_29_1310,59.959438391,Exp13,001,031,
B,E,Stomach Ache,2,2,18,2,,,,,,,,,,,,,peach,kiwi,stomach ache,m,3.80132189131,,,,,,,,,,2017_Sep_29_1310,59.959438391,Exp13,001,031,
C,E,No Stomach Ache,2,3,19,3,,,,,,,,,,,,,pear,kiwi,stomach ache,m,3.77228696787,,,,,,,,,,2017_Sep_29_1310,59.959438391,Exp13,001,031,
F,I,Stomach Ache,2,4,20,5,,,,,,,,,,,,,orange,cherry,stomach ache,m,3.98140805992,,,,,,,,,,2017_Sep_29_1310,59.959438391,Exp13,001,031,
F, ,Stomach Ache,2,5,21,4,,,,,,,,,,,,,orange,,stomach ache,m,3.93558982032,,,,,,,,,,2017_Sep_29_1310,59.959438391,Exp13,001,031,
A,D,Stomach Ache,2,6,22,1,,,,,,,,,,,,,mango,plum,stomach ache,m,3.33283439855,,,,,,,,,,2017_Sep_29_1310,59.959438391,Exp13,001,031,
G,J,Stomach Ache,2,7,23,6,,,,,,,,,,,,,apple,banana,stomach ache,m,5.01547374364,,,,,,,,,,2017_Sep_29_1310,59.959438391,Exp13,001,031,
F, ,Stomach Ache,3,0,24,4,,,,,,,,,,,,,orange,,stomach ache,m,2.66905296769,,,,,,,,,,2017_Sep_29_1310,59.959438391,Exp13,001,031,
H,J,No Stomach Ache,3,1,25,7,,,,,,,,,,,,,strawberry,banana,no stomach ache,z,3.25238353046,,,,,,,,,,2017_Sep_29_1310,59.959438391,Exp13,001,031,
G,J,Stomach Ache,3,2,26,6,,,,,,,,,,,,,apple,banana,no stomach ache,z,2.41931307988,,,,,,,,,,2017_Sep_29_1310,59.959438391,Exp13,001,031,
B,E,Stomach Ache,3,3,27,2,,,,,,,,,,,,,peach,kiwi,stomach ache,m,2.42156336081,,,,,,,,,,2017_Sep_29_1310,59.959438391,Exp13,001,031,
A, ,Stomach Ache,3,4,28,0,,,,,,,,,,,,,mango,,stomach ache,m,3.41663024103,,,,,,,,,,2017_Sep_29_1310,59.959438391,Exp13,001,031,
A,D,Stomach Ache,3,5,29,1,,,,,,,,,,,,,mango,plum,stomach ache,m,3.16652953834,,,,,,,,,,2017_Sep_29_1310,59.959438391,Exp13,001,031,
C,E,No Stomach Ache,3,6,30,3,,,,,,,,,,,,,pear,kiwi,stomach ache,m,1.88732356904,,,,,,,,,,2017_Sep_29_1310,59.959438391,Exp13,001,031,
F,I,Stomach Ache,3,7,31,5,,,,,,,,,,,,,orange,cherry,stomach ache,m,3.99866173026,,,,,,,,,,2017_Sep_29_1310,59.959438391,Exp13,001,031,
A, ,Stomach Ache,4,0,32,0,,,,,,,,,,,,,mango,,stomach ache,m,3.30254309744,,,,,,,,,,2017_Sep_29_1310,59.959438391,Exp13,001,031,
G,J,Stomach Ache,4,1,33,6,,,,,,,,,,,,,apple,banana,stomach ache,m,2.7814053302,,,,,,,,,,2017_Sep_29_1310,59.959438391,Exp13,001,031,
F,I,Stomach Ache,4,2,34,5,,,,,,,,,,,,,orange,cherry,stomach ache,m,2.60372587727,,,,,,,,,,2017_Sep_29_1310,59.959438391,Exp13,001,031,
H,J,No Stomach Ache,4,3,35,7,,,,,,,,,,,,,strawberry,banana,no stomach ache,z,2.73355693821,,,,,,,,,,2017_Sep_29_1310,59.959438391,Exp13,001,031,
A,D,Stomach Ache,4,4,36,1,,,,,,,,,,,,,mango,plum,stomach ache,m,2.60265883117,,,,,,,,,,2017_Sep_29_1310,59.959438391,Exp13,001,031,
F, ,Stomach Ache,4,5,37,4,,,,,,,,,,,,,orange,,stomach ache,m,2.26718673937,,,,,,,,,,2017_Sep_29_1310,59.959438391,Exp13,001,031,
B,E,Stomach Ache,4,6,38,2,,,,,,,,,,,,,peach,kiwi,stomach ache,m,1.91525854959,,,,,,,,,,2017_Sep_29_1310,59.959438391,Exp13,001,031,
C,E,No Stomach Ache,4,7,39,3,,,,,,,,,,,,,pear,kiwi,stomach ache,m,1.83867795469,,,,,,,,,,2017_Sep_29_1310,59.959438391,Exp13,001,031,
A,D,Stomach Ache,5,0,40,1,,,,,,,,,,,,,mango,plum,stomach ache,m,4.11931353484,,,,,,,,,,2017_Sep_29_1310,59.959438391,Exp13,001,031,
A, ,Stomach Ache,5,1,41,0,,,,,,,,,,,,,mango,,stomach ache,m,2.41677862659,,,,,,,,,,2017_Sep_29_1310,59.959438391,Exp13,001,031,
G,J,Stomach Ache,5,2,42,6,,,,,,,,,,,,,apple,banana,stomach ache,m,3.59850123589,,,,,,,,,,2017_Sep_29_1310,59.959438391,Exp13,001,031,
C,E,No Stomach Ache,5,3,43,3,,,,,,,,,,,,,pear,kiwi,stomach ache,m,1.71568312825,,,,,,,,,,2017_Sep_29_1310,59.959438391,Exp13,001,031,
H,J,No Stomach Ache,5,4,44,7,,,,,,,,,,,,,strawberry,banana,no stomach ache,z,2.88337280366,,,,,,,,,,2017_Sep_29_1310,59.959438391,Exp13,001,031,
B,E,Stomach Ache,5,5,45,2,,,,,,,,,,,,,peach,kiwi,stomach ache,m,2.28757645443,,,,,,,,,,2017_Sep_29_1310,59.959438391,Exp13,001,031,
F,I,Stomach Ache,5,6,46,5,,,,,,,,,,,,,orange,cherry,stomach ache,m,2.58214137855,,,,,,,,,,2017_Sep_29_1310,59.959438391,Exp13,001,031,
F, ,Stomach Ache,5,7,47,4,,,,,,,,,,,,,orange,,stomach ache,m,2.66643837222,,,,,,,,,,2017_Sep_29_1310,59.959438391,Exp13,001,031,
H,J,No Stomach Ache,6,0,48,7,,,,,,,,,,,,,strawberry,banana,no stomach ache,z,2.49896742552,,,,,,,,,,2017_Sep_29_1310,59.959438391,Exp13,001,031,
A,D,Stomach Ache,6,1,49,1,,,,,,,,,,,,,mango,plum,stomach ache,m,1.40015384502,,,,,,,,,,2017_Sep_29_1310,59.959438391,Exp13,001,031,
C,E,No Stomach Ache,6,2,50,3,,,,,,,,,,,,,pear,kiwi,stomach ache,m,2.31671111818,,,,,,,,,,2017_Sep_29_1310,59.959438391,Exp13,001,031,
F,I,Stomach Ache,6,3,51,5,,,,,,,,,,,,,orange,cherry,stomach ache,m,1.55113089739,,,,,,,,,,2017_Sep_29_1310,59.959438391,Exp13,001,031,
B,E,Stomach Ache,6,4,52,2,,,,,,,,,,,,,peach,kiwi,stomach ache,m,2.5884901105,,,,,,,,,,2017_Sep_29_1310,59.959438391,Exp13,001,031,
A, ,Stomach Ache,6,5,53,0,,,,,,,,,,,,,mango,,no stomach ache,z,2.43585002,,,,,,,,,,2017_Sep_29_1310,59.959438391,Exp13,001,031,
G,J,Stomach Ache,6,6,54,6,,,,,,,,,,,,,apple,banana,stomach ache,m,1.41516003414,,,,,,,,,,2017_Sep_29_1310,59.959438391,Exp13,001,031,
F, ,Stomach Ache,6,7,55,4,,,,,,,,,,,,,orange,,stomach ache,m,1.50259692219,,,,,,,,,,2017_Sep_29_1310,59.959438391,Exp13,001,031,
A,D,Stomach Ache,7,0,56,1,,,,,,,,,,,,,mango,plum,stomach ache,m,1.91989314838,,,,,,,,,,2017_Sep_29_1310,59.959438391,Exp13,001,031,
H,J,No Stomach Ache,7,1,57,7,,,,,,,,,,,,,strawberry,banana,no stomach ache,z,2.16712763012,,,,,,,,,,2017_Sep_29_1310,59.959438391,Exp13,001,031,
G,J,Stomach Ache,7,2,58,6,,,,,,,,,,,,,apple,banana,no stomach ache,z,3.05501114466,,,,,,,,,,2017_Sep_29_1310,59.959438391,Exp13,001,031,
F,I,Stomach Ache,7,3,59,5,,,,,,,,,,,,,orange,cherry,stomach ache,m,2.00419224187,,,,,,,,,,2017_Sep_29_1310,59.959438391,Exp13,001,031,
B,E,Stomach Ache,7,4,60,2,,,,,,,,,,,,,peach,kiwi,stomach ache,m,1.38231328182,,,,,,,,,,2017_Sep_29_1310,59.959438391,Exp13,001,031,
A, ,Stomach Ache,7,5,61,0,,,,,,,,,,,,,mango,,stomach ache,m,1.5167796415,,,,,,,,,,2017_Sep_29_1310,59.959438391,Exp13,001,031,
C,E,No Stomach Ache,7,6,62,3,,,,,,,,,,,,,pear,kiwi,stomach ache,m,0.849022947601,,,,,,,,,,2017_Sep_29_1310,59.959438391,Exp13,001,031,
F, ,Stomach Ache,7,7,63,4,,,,,,,,,,,,,orange,,stomach ache,m,2.35573546914,,,,,,,,,,2017_Sep_29_1310,59.959438391,Exp13,001,031,
G,J,Stomach Ache,8,0,64,6,,,,,,,,,,,,,apple,banana,stomach ache,m,1.77840472231,,,,,,,,,,2017_Sep_29_1310,59.959438391,Exp13,001,031,
F, ,Stomach Ache,8,1,65,4,,,,,,,,,,,,,orange,,stomach ache,m,1.43368653062,,,,,,,,,,2017_Sep_29_1310,59.959438391,Exp13,001,031,
F,I,Stomach Ache,8,2,66,5,,,,,,,,,,,,,orange,cherry,stomach ache,m,1.57004830579,,,,,,,,,,2017_Sep_29_1310,59.959438391,Exp13,001,031,
C,E,No Stomach Ache,8,3,67,3,,,,,,,,,,,,,pear,kiwi,stomach ache,m,1.06778245137,,,,,,,,,,2017_Sep_29_1310,59.959438391,Exp13,001,031,
A, ,Stomach Ache,8,4,68,0,,,,,,,,,,,,,mango,,stomach ache,m,0.902760216297,,,,,,,,,,2017_Sep_29_1310,59.959438391,Exp13,001,031,
A,D,Stomach Ache,8,5,69,1,,,,,,,,,,,,,mango,plum,stomach ache,m,1.22225006396,,,,,,,,,,2017_Sep_29_1310,59.959438391,Exp13,001,031,
H,J,No Stomach Ache,8,6,70,7,,,,,,,,,,,,,strawberry,banana,no stomach ache,z,2.73386420833,,,,,,,,,,2017_Sep_29_1310,59.959438391,Exp13,001,031,
B,E,Stomach Ache,8,7,71,2,,,,,,,,,,,,,peach,kiwi,stomach ache,m,2.03489545293,,,,,,,,,,2017_Sep_29_1310,59.959438391,Exp13,001,031,
F,I,Stomach Ache,9,0,72,5,,,,,,,,,,,,,orange,cherry,stomach ache,m,1.71570692593,,,,,,,,,,2017_Sep_29_1310,59.959438391,Exp13,001,031,
G,J,Stomach Ache,9,1,73,6,,,,,,,,,,,,,apple,banana,no stomach ache,z,1.50164501485,,,,,,,,,,2017_Sep_29_1310,59.959438391,Exp13,001,031,
F, ,Stomach Ache,9,2,74,4,,,,,,,,,,,,,orange,,stomach ache,m,1.25264635487,,,,,,,,,,2017_Sep_29_1310,59.959438391,Exp13,001,031,
B,E,Stomach Ache,9,3,75,2,,,,,,,,,,,,,peach,kiwi,stomach ache,m,1.23238472734,,,,,,,,,,2017_Sep_29_1310,59.959438391,Exp13,001,031,
C,E,No Stomach Ache,9,4,76,3,,,,,,,,,,,,,pear,kiwi,stomach ache,m,1.47158539118,,,,,,,,,,2017_Sep_29_1310,59.959438391,Exp13,001,031,
A, ,Stomach Ache,9,5,77,0,,,,,,,,,,,,,mango,,stomach ache,m,2.70463680362,,,,,,,,,,2017_Sep_29_1310,59.959438391,Exp13,001,031,
A,D,Stomach Ache,9,6,78,1,,,,,,,,,,,,,mango,plum,stomach ache,m,2.4525332459,,,,,,,,,,2017_Sep_29_1310,59.959438391,Exp13,001,031,
H,J,No Stomach Ache,9,7,79,7,,,,,,,,,,,,,strawberry,banana,no stomach ache,z,2.596754206,,,,,,,,,,2017_Sep_29_1310,59.959438391,Exp13,001,031,
C,E,No Stomach Ache,10,0,80,3,,,,,,,,,,,,,pear,kiwi,stomach ache,m,1.33219606071,,,,,,,,,,2017_Sep_29_1310,59.959438391,Exp13,001,031,
F,I,Stomach Ache,10,1,81,5,,,,,,,,,,,,,orange,cherry,stomach ache,m,1.23245017097,,,,,,,,,,2017_Sep_29_1310,59.959438391,Exp13,001,031,
B,E,Stomach Ache,10,2,82,2,,,,,,,,,,,,,peach,kiwi,stomach ache,m,1.335346804,,,,,,,,,,2017_Sep_29_1310,59.959438391,Exp13,001,031,
F, ,Stomach Ache,10,3,83,4,,,,,,,,,,,,,orange,,stomach ache,m,1.60258533832,,,,,,,,,,2017_Sep_29_1310,59.959438391,Exp13,001,031,
H,J,No Stomach Ache,10,4,84,7,,,,,,,,,,,,,strawberry,banana,no stomach ache,z,1.76783085169,,,,,,,,,,2017_Sep_29_1310,59.959438391,Exp13,001,031,
A,D,Stomach Ache,10,5,85,1,,,,,,,,,,,,,mango,plum,stomach ache,m,1.24985432668,,,,,,,,,,2017_Sep_29_1310,59.959438391,Exp13,001,031,
A, ,Stomach Ache,10,6,86,0,,,,,,,,,,,,,mango,,stomach ache,m,1.31930226594,,,,,,,,,,2017_Sep_29_1310,59.959438391,Exp13,001,031,
G,J,Stomach Ache,10,7,87,6,,,,,,,,,,,,,apple,banana,no stomach ache,z,2.64834373374,,,,,,,,,,2017_Sep_29_1310,59.959438391,Exp13,001,031,
F, ,Stomach Ache,11,0,88,4,,,,,,,,,,,,,orange,,stomach ache,m,1.33353573029,,,,,,,,,,2017_Sep_29_1310,59.959438391,Exp13,001,031,
B,E,Stomach Ache,11,1,89,2,,,,,,,,,,,,,peach,kiwi,stomach ache,m,1.51742322883,,,,,,,,,,2017_Sep_29_1310,59.959438391,Exp13,001,031,
H,J,No Stomach Ache,11,2,90,7,,,,,,,,,,,,,strawberry,banana,no stomach ache,z,2.36999343114,,,,,,,,,,2017_Sep_29_1310,59.959438391,Exp13,001,031,
A, ,Stomach Ache,11,3,91,0,,,,,,,,,,,,,mango,,stomach ache,m,1.32154029806,,,,,,,,,,2017_Sep_29_1310,59.959438391,Exp13,001,031,
G,J,Stomach Ache,11,4,92,6,,,,,,,,,,,,,apple,banana,no stomach ache,z,1.38713756215,,,,,,,,,,2017_Sep_29_1310,59.959438391,Exp13,001,031,
A,D,Stomach Ache,11,5,93,1,,,,,,,,,,,,,mango,plum,stomach ache,m,0.782990325883,,,,,,,,,,2017_Sep_29_1310,59.959438391,Exp13,001,031,
C,E,No Stomach Ache,11,6,94,3,,,,,,,,,,,,,pear,kiwi,no stomach ache,z,2.34901437347,,,,,,,,,,2017_Sep_29_1310,59.959438391,Exp13,001,031,
F,I,Stomach Ache,11,7,95,5,,,,,,,,,,,,,orange,cherry,stomach ache,m,1.20414597637,,,,,,,,,,2017_Sep_29_1310,59.959438391,Exp13,001,031,
D,C,Stomach Ache,,,,,0,0,0,0,,,,,,,,,plum,pear,stomach ache,,,m,2.24662169139,,,,,,,,2017_Sep_29_1310,59.959438391,Exp13,001,031,
D,C,Stomach Ache,,,,,1,0,1,0,,,,,,,,,plum,pear,stomach ache,,,m,1.00004759536,,,,,,,,2017_Sep_29_1310,59.959438391,Exp13,001,031,
D,C,Stomach Ache,,,,,2,0,2,0,,,,,,,,,plum,pear,stomach ache,,,m,0.896493726323,,,,,,,,2017_Sep_29_1310,59.959438391,Exp13,001,031,
D,C,Stomach Ache,,,,,3,0,3,0,,,,,,,,,plum,pear,stomach ache,,,m,1.01670212406,,,,,,,,2017_Sep_29_1310,59.959438391,Exp13,001,031,
D,C,Stomach Ache,,,,,4,0,4,0,,,,,,,,,plum,pear,stomach ache,,,m,0.955609621393,,,,,,,,2017_Sep_29_1310,59.959438391,Exp13,001,031,
D,C,Stomach Ache,,,,,5,0,5,0,,,,,,,,,plum,pear,stomach ache,,,m,1.20016161425,,,,,,,,2017_Sep_29_1310,59.959438391,Exp13,001,031,
,,,,,,,,,,,,,,,,,,,,,,,,,,space,6.21604796773,,,,,,2017_Sep_29_1310,59.959438391,Exp13,001,031,
J, ,,,,,,,,,,0,0,0,9,,,,,banana,,,,,,,,,1,15.537,"[(None, 0.0), (u'1', 15.537)]",,,2017_Sep_29_1310,59.959438391,Exp13,001,031,
I,C,,,,,,,,,,0,1,1,10,,,,,cherry,pear,,,,,,,,7,3.703,"[(None, 0.0), (u'7', 3.703)]",,,2017_Sep_29_1310,59.959438391,Exp13,001,031,
H, ,,,,,,,,,,0,2,2,7,,,,,strawberry,,,,,,,,,4,2.843,"[(None, 0.0), (u'4', 2.843)]",,,2017_Sep_29_1310,59.959438391,Exp13,001,031,
C, ,,,,,,,,,,0,3,3,2,,,,,pear,,,,,,,,,4,3.172,"[(None, 0.0), (u'4', 3.172)]",,,2017_Sep_29_1310,59.959438391,Exp13,001,031,
F, ,,,,,,,,,,0,4,4,5,,,,,orange,,,,,,,,,9,2.038,"[(None, 0.0), (u'9', 2.038)]",,,2017_Sep_29_1310,59.959438391,Exp13,001,031,
A, ,,,,,,,,,,0,5,5,0,,,,,mango,,,,,,,,,7,2.27,"[(None, 0.0), (u'7', 2.27)]",,,2017_Sep_29_1310,59.959438391,Exp13,001,031,
D,H,,,,,,,,,,0,6,6,11,,,,,plum,strawberry,,,,,,,,4,2.553,"[(None, 0.0), (u'4', 2.553)]",,,2017_Sep_29_1310,59.959438391,Exp13,001,031,
B, ,,,,,,,,,,0,7,7,1,,,,,peach,,,,,,,,,4,1.903,"[(None, 0.0), (u'4', 1.903)]",,,2017_Sep_29_1310,59.959438391,Exp13,001,031,
D, ,,,,,,,,,,0,8,8,3,,,,,plum,,,,,,,,,5,2.742,"[(None, 0.0), (u'5', 2.742)]",,,2017_Sep_29_1310,59.959438391,Exp13,001,031,
E, ,,,,,,,,,,0,9,9,4,,,,,kiwi,,,,,,,,,7,1.904,"[(None, 0.0), (u'7', 1.904)]",,,2017_Sep_29_1310,59.959438391,Exp13,001,031,
G, ,,,,,,,,,,0,10,10,6,,,,,apple,,,,,,,,,5,2.57,"[(None, 0.0), (u'5', 2.57)]",,,2017_Sep_29_1310,59.959438391,Exp13,001,031,
I, ,,,,,,,,,,0,11,11,8,,,,,cherry,,,,,,,,,5,1.57,"[(None, 0.0), (u'5', 1.57)]",,,2017_Sep_29_1310,59.959438391,Exp13,001,031,
F, ,,,,,,,,,,1,0,12,5,,,,,orange,,,,,,,,,8,1.737,"[(None, 0.0), (u'8', 1.737)]",,,2017_Sep_29_1310,59.959438391,Exp13,001,031,
I,C,,,,,,,,,,1,1,13,10,,,,,cherry,pear,,,,,,,,6,3.47,"[(None, 0.0), (u'6', 3.47)]",,,2017_Sep_29_1310,59.959438391,Exp13,001,031,
G, ,,,,,,,,,,1,2,14,6,,,,,apple,,,,,,,,,5,2.953,"[(None, 0.0), (u'5', 2.953)]",,,2017_Sep_29_1310,59.959438391,Exp13,001,031,
H, ,,,,,,,,,,1,3,15,7,,,,,strawberry,,,,,,,,,5,1.526,"[(None, 0.0), (u'5', 1.526)]",,,2017_Sep_29_1310,59.959438391,Exp13,001,031,
J, ,,,,,,,,,,1,4,16,9,,,,,banana,,,,,,,,,1,2.886,"[(None, 0.0), (u'1', 2.886)]",,,2017_Sep_29_1310,59.959438391,Exp13,001,031,
I, ,,,,,,,,,,1,5,17,8,,,,,cherry,,,,,,,,,6,2.792,"[(None, 0.0), (u'6', 2.792)]",,,2017_Sep_29_1310,59.959438391,Exp13,001,031,
E, ,,,,,,,,,,1,6,18,4,,,,,kiwi,,,,,,,,,9,2.053,"[(None, 0.0), (u'9', 2.053)]",,,2017_Sep_29_1310,59.959438391,Exp13,001,031,
B, ,,,,,,,,,,1,7,19,1,,,,,peach,,,,,,,,,6,2.237,"[(None, 0.0), (u'6', 2.237)]",,,2017_Sep_29_1310,59.959438391,Exp13,001,031,
D,H,,,,,,,,,,1,8,20,11,,,,,plum,strawberry,,,,,,,,5,2.137,"[(None, 0.0), (u'5', 2.137)]",,,2017_Sep_29_1310,59.959438391,Exp13,001,031,
A, ,,,,,,,,,,1,9,21,0,,,,,mango,,,,,,,,,5,1.47,"[(None, 0.0), (u'5', 1.47)]",,,2017_Sep_29_1310,59.959438391,Exp13,001,031,
C, ,,,,,,,,,,1,10,22,2,,,,,pear,,,,,,,,,5,1.105,"[(None, 0.0), (u'5', 1.105)]",,,2017_Sep_29_1310,59.959438391,Exp13,001,031,
D, ,,,,,,,,,,1,11,23,3,,,,,plum,,,,,,,,,5,2.455,"[(None, 0.0), (u'5', 2.455)]",,,2017_Sep_29_1310,59.959438391,Exp13,001,031,
,,,,,,,,,,,,,,,,,,,,,,,,,,,,,,,space,3.10004966016,2017_Sep_29_1310,59.959438391,Exp13,001,031,
