stim1,stim2,outcome,train_trials.thisRepN,train_trials.thisTrialN,train_trials.thisN,train_trials.thisIndex,train_trials2.thisRepN,train_trials2.thisTrialN,train_trials2.thisN,train_trials2.thisIndex,test_trials.thisRepN,test_trials.thisTrialN,test_trials.thisN,test_trials.thisIndex,start_exp.keys,start_exp.rt,start_exp2.keys,start_exp2.rt,stim.A,stim.B,pressed,key_ans.keys,key_ans.rt,key_answ.keys,key_answ.rt,start.keys,start.rt,rating.response,rating.rt,rating.history,exit_exp.keys,exit_exp.rt,date,frameRate,expName,session,participant,
,,,,,,,,,,,,,,,space,361.970794694,,,,,,,,,,,,,,,,,2017_Sep_29_1446,59.9963045976,Exp13,001,032,
,,,,,,,,,,,,,,,,,space,4.71728016753,,,,,,,,,,,,,,,2017_Sep_29_1446,59.9963045976,Exp13,001,032,
A,D,Stomach Ache,0,0,0,1,,,,,,,,,,,,,banana,cherry,stomach ache,m,5.86734739589,,,,,,,,,,2017_Sep_29_1446,59.9963045976,Exp13,001,032,
A, ,Stomach Ache,0,1,1,0,,,,,,,,,,,,,banana,,no stomach ache,z,2.60046909354,,,,,,,,,,2017_Sep_29_1446,59.9963045976,Exp13,001,032,
G,J,Stomach Ache,0,2,2,6,,,,,,,,,,,,,peach,kiwi,no stomach ache,z,2.50039406095,,,,,,,,,,2017_Sep_29_1446,59.9963045976,Exp13,001,032,
C,E,No Stomach Ache,0,3,3,3,,,,,,,,,,,,,plum,apple,stomach ache,m,2.30052746771,,,,,,,,,,2017_Sep_29_1446,59.9963045976,Exp13,001,032,
H,J,No Stomach Ache,0,4,4,7,,,,,,,,,,,,,mango,kiwi,stomach ache,m,1.7502552997,,,,,,,,,,2017_Sep_29_1446,59.9963045976,Exp13,001,032,
B,E,Stomach Ache,0,5,5,2,,,,,,,,,,,,,strawberry,apple,stomach ache,m,2.76717577287,,,,,,,,,,2017_Sep_29_1446,59.9963045976,Exp13,001,032,
F,I,Stomach Ache,0,6,6,5,,,,,,,,,,,,,pear,orange,no stomach ache,z,1.1671955809,,,,,,,,,,2017_Sep_29_1446,59.9963045976,Exp13,001,032,
F, ,Stomach Ache,0,7,7,4,,,,,,,,,,,,,pear,,no stomach ache,z,0.850329982321,,,,,,,,,,2017_Sep_29_1446,59.9963045976,Exp13,001,032,
A, ,Stomach Ache,1,0,8,0,,,,,,,,,,,,,banana,,stomach ache,m,1.28363009225,,,,,,,,,,2017_Sep_29_1446,59.9963045976,Exp13,001,032,
B,E,Stomach Ache,1,1,9,2,,,,,,,,,,,,,strawberry,apple,stomach ache,m,6.08393883167,,,,,,,,,,2017_Sep_29_1446,59.9963045976,Exp13,001,032,
C,E,No Stomach Ache,1,2,10,3,,,,,,,,,,,,,plum,apple,stomach ache,m,1.33367338296,,,,,,,,,,2017_Sep_29_1446,59.9963045976,Exp13,001,032,
F,I,Stomach Ache,1,3,11,5,,,,,,,,,,,,,pear,orange,no stomach ache,z,4.65045114027,,,,,,,,,,2017_Sep_29_1446,59.9963045976,Exp13,001,032,
H,J,No Stomach Ache,1,4,12,7,,,,,,,,,,,,,mango,kiwi,stomach ache,m,1.75013666146,,,,,,,,,,2017_Sep_29_1446,59.9963045976,Exp13,001,032,
F, ,Stomach Ache,1,5,13,4,,,,,,,,,,,,,pear,,no stomach ache,z,1.7836468906,,,,,,,,,,2017_Sep_29_1446,59.9963045976,Exp13,001,032,
A,D,Stomach Ache,1,6,14,1,,,,,,,,,,,,,banana,cherry,no stomach ache,z,4.45055445007,,,,,,,,,,2017_Sep_29_1446,59.9963045976,Exp13,001,032,
G,J,Stomach Ache,1,7,15,6,,,,,,,,,,,,,peach,kiwi,stomach ache,m,1.25041348403,,,,,,,,,,2017_Sep_29_1446,59.9963045976,Exp13,001,032,
A, ,Stomach Ache,2,0,16,0,,,,,,,,,,,,,banana,,stomach ache,m,1.8503824771,,,,,,,,,,2017_Sep_29_1446,59.9963045976,Exp13,001,032,
B,E,Stomach Ache,2,1,17,2,,,,,,,,,,,,,strawberry,apple,stomach ache,m,2.48373746162,,,,,,,,,,2017_Sep_29_1446,59.9963045976,Exp13,001,032,
C,E,No Stomach Ache,2,2,18,3,,,,,,,,,,,,,plum,apple,stomach ache,m,0.983662569051,,,,,,,,,,2017_Sep_29_1446,59.9963045976,Exp13,001,032,
F, ,Stomach Ache,2,3,19,4,,,,,,,,,,,,,pear,,no stomach ache,z,2.53390359017,,,,,,,,,,2017_Sep_29_1446,59.9963045976,Exp13,001,032,
H,J,No Stomach Ache,2,4,20,7,,,,,,,,,,,,,mango,kiwi,stomach ache,m,1.38365997927,,,,,,,,,,2017_Sep_29_1446,59.9963045976,Exp13,001,032,
F,I,Stomach Ache,2,5,21,5,,,,,,,,,,,,,pear,orange,no stomach ache,z,1.81682815234,,,,,,,,,,2017_Sep_29_1446,59.9963045976,Exp13,001,032,
A,D,Stomach Ache,2,6,22,1,,,,,,,,,,,,,banana,cherry,stomach ache,m,1.75038198713,,,,,,,,,,2017_Sep_29_1446,59.9963045976,Exp13,001,032,
G,J,Stomach Ache,2,7,23,6,,,,,,,,,,,,,peach,kiwi,stomach ache,m,1.26700988933,,,,,,,,,,2017_Sep_29_1446,59.9963045976,Exp13,001,032,
C,E,No Stomach Ache,3,0,24,3,,,,,,,,,,,,,plum,apple,no stomach ache,z,1.55032396287,,,,,,,,,,2017_Sep_29_1446,59.9963045976,Exp13,001,032,
A,D,Stomach Ache,3,1,25,1,,,,,,,,,,,,,banana,cherry,stomach ache,m,1.10047574286,,,,,,,,,,2017_Sep_29_1446,59.9963045976,Exp13,001,032,
H,J,No Stomach Ache,3,2,26,7,,,,,,,,,,,,,mango,kiwi,stomach ache,m,1.60030006026,,,,,,,,,,2017_Sep_29_1446,59.9963045976,Exp13,001,032,
G,J,Stomach Ache,3,3,27,6,,,,,,,,,,,,,peach,kiwi,no stomach ache,z,0.90030957933,,,,,,,,,,2017_Sep_29_1446,59.9963045976,Exp13,001,032,
B,E,Stomach Ache,3,4,28,2,,,,,,,,,,,,,strawberry,apple,no stomach ache,z,1.1002986604,,,,,,,,,,2017_Sep_29_1446,59.9963045976,Exp13,001,032,
F, ,Stomach Ache,3,5,29,4,,,,,,,,,,,,,pear,,stomach ache,m,1.90049051138,,,,,,,,,,2017_Sep_29_1446,59.9963045976,Exp13,001,032,
A, ,Stomach Ache,3,6,30,0,,,,,,,,,,,,,banana,,stomach ache,m,1.40061579895,,,,,,,,,,2017_Sep_29_1446,59.9963045976,Exp13,001,032,
F,I,Stomach Ache,3,7,31,5,,,,,,,,,,,,,pear,orange,stomach ache,m,1.9169605792,,,,,,,,,,2017_Sep_29_1446,59.9963045976,Exp13,001,032,
C,E,No Stomach Ache,4,0,32,3,,,,,,,,,,,,,plum,apple,no stomach ache,z,1.53374715566,,,,,,,,,,2017_Sep_29_1446,59.9963045976,Exp13,001,032,
G,J,Stomach Ache,4,1,33,6,,,,,,,,,,,,,peach,kiwi,no stomach ache,z,1.45005714931,,,,,,,,,,2017_Sep_29_1446,59.9963045976,Exp13,001,032,
F, ,Stomach Ache,4,2,34,4,,,,,,,,,,,,,pear,,stomach ache,m,1.56698301199,,,,,,,,,,2017_Sep_29_1446,59.9963045976,Exp13,001,032,
B,E,Stomach Ache,4,3,35,2,,,,,,,,,,,,,strawberry,apple,stomach ache,m,0.850325432752,,,,,,,,,,2017_Sep_29_1446,59.9963045976,Exp13,001,032,
A,D,Stomach Ache,4,4,36,1,,,,,,,,,,,,,banana,cherry,stomach ache,m,1.70044823558,,,,,,,,,,2017_Sep_29_1446,59.9963045976,Exp13,001,032,
H,J,No Stomach Ache,4,5,37,7,,,,,,,,,,,,,mango,kiwi,no stomach ache,z,1.05035510982,,,,,,,,,,2017_Sep_29_1446,59.9963045976,Exp13,001,032,
A, ,Stomach Ache,4,6,38,0,,,,,,,,,,,,,banana,,stomach ache,m,0.933636076661,,,,,,,,,,2017_Sep_29_1446,59.9963045976,Exp13,001,032,
F,I,Stomach Ache,4,7,39,5,,,,,,,,,,,,,pear,orange,stomach ache,m,1.80038468188,,,,,,,,,,2017_Sep_29_1446,59.9963045976,Exp13,001,032,
A,D,Stomach Ache,5,0,40,1,,,,,,,,,,,,,banana,cherry,stomach ache,m,4.88383881157,,,,,,,,,,2017_Sep_29_1446,59.9963045976,Exp13,001,032,
H,J,No Stomach Ache,5,1,41,7,,,,,,,,,,,,,mango,kiwi,no stomach ache,z,2.43395384517,,,,,,,,,,2017_Sep_29_1446,59.9963045976,Exp13,001,032,
G,J,Stomach Ache,5,2,42,6,,,,,,,,,,,,,peach,kiwi,no stomach ache,z,1.61710119527,,,,,,,,,,2017_Sep_29_1446,59.9963045976,Exp13,001,032,
A, ,Stomach Ache,5,3,43,0,,,,,,,,,,,,,banana,,stomach ache,m,0.766983641923,,,,,,,,,,2017_Sep_29_1446,59.9963045976,Exp13,001,032,
F,I,Stomach Ache,5,4,44,5,,,,,,,,,,,,,pear,orange,stomach ache,m,1.01702336301,,,,,,,,,,2017_Sep_29_1446,59.9963045976,Exp13,001,032,
B,E,Stomach Ache,5,5,45,2,,,,,,,,,,,,,strawberry,apple,stomach ache,m,0.767001140193,,,,,,,,,,2017_Sep_29_1446,59.9963045976,Exp13,001,032,
C,E,No Stomach Ache,5,6,46,3,,,,,,,,,,,,,plum,apple,no stomach ache,z,1.81712702272,,,,,,,,,,2017_Sep_29_1446,59.9963045976,Exp13,001,032,
F, ,Stomach Ache,5,7,47,4,,,,,,,,,,,,,pear,,stomach ache,m,0.783594395791,,,,,,,,,,2017_Sep_29_1446,59.9963045976,Exp13,001,032,
A,D,Stomach Ache,6,0,48,1,,,,,,,,,,,,,banana,cherry,stomach ache,m,0.73366064424,,,,,,,,,,2017_Sep_29_1446,59.9963045976,Exp13,001,032,
H,J,No Stomach Ache,6,1,49,7,,,,,,,,,,,,,mango,kiwi,stomach ache,m,1.70044788561,,,,,,,,,,2017_Sep_29_1446,59.9963045976,Exp13,001,032,
A, ,Stomach Ache,6,2,50,0,,,,,,,,,,,,,banana,,stomach ache,m,0.83367023326,,,,,,,,,,2017_Sep_29_1446,59.9963045976,Exp13,001,032,
F, ,Stomach Ache,6,3,51,4,,,,,,,,,,,,,pear,,stomach ache,m,0.750403335027,,,,,,,,,,2017_Sep_29_1446,59.9963045976,Exp13,001,032,
B,E,Stomach Ache,6,4,52,2,,,,,,,,,,,,,strawberry,apple,stomach ache,m,0.633688851434,,,,,,,,,,2017_Sep_29_1446,59.9963045976,Exp13,001,032,
C,E,No Stomach Ache,6,5,53,3,,,,,,,,,,,,,plum,apple,stomach ache,m,1.00053894657,,,,,,,,,,2017_Sep_29_1446,59.9963045976,Exp13,001,032,
F,I,Stomach Ache,6,6,54,5,,,,,,,,,,,,,pear,orange,stomach ache,m,0.883676427678,,,,,,,,,,2017_Sep_29_1446,59.9963045976,Exp13,001,032,
G,J,Stomach Ache,6,7,55,6,,,,,,,,,,,,,peach,kiwi,no stomach ache,z,0.96698812148,,,,,,,,,,2017_Sep_29_1446,59.9963045976,Exp13,001,032,
C,E,No Stomach Ache,7,0,56,3,,,,,,,,,,,,,plum,apple,no stomach ache,z,1.7170757878,,,,,,,,,,2017_Sep_29_1446,59.9963045976,Exp13,001,032,
A,D,Stomach Ache,7,1,57,1,,,,,,,,,,,,,banana,cherry,stomach ache,m,0.866738456214,,,,,,,,,,2017_Sep_29_1446,59.9963045976,Exp13,001,032,
F,I,Stomach Ache,7,2,58,5,,,,,,,,,,,,,pear,orange,stomach ache,m,1.23359100113,,,,,,,,,,2017_Sep_29_1446,59.9963045976,Exp13,001,032,
F, ,Stomach Ache,7,3,59,4,,,,,,,,,,,,,pear,,stomach ache,m,0.550407604605,,,,,,,,,,2017_Sep_29_1446,59.9963045976,Exp13,001,032,
B,E,Stomach Ache,7,4,60,2,,,,,,,,,,,,,strawberry,apple,stomach ache,m,1.76710158025,,,,,,,,,,2017_Sep_29_1446,59.9963045976,Exp13,001,032,
H,J,No Stomach Ache,7,5,61,7,,,,,,,,,,,,,mango,kiwi,no stomach ache,z,1.56711459893,,,,,,,,,,2017_Sep_29_1446,59.9963045976,Exp13,001,032,
G,J,Stomach Ache,7,6,62,6,,,,,,,,,,,,,peach,kiwi,no stomach ache,z,2.0505458409,,,,,,,,,,2017_Sep_29_1446,59.9963045976,Exp13,001,032,
A, ,Stomach Ache,7,7,63,0,,,,,,,,,,,,,banana,,stomach ache,m,0.817129122501,,,,,,,,,,2017_Sep_29_1446,59.9963045976,Exp13,001,032,
A,D,Stomach Ache,8,0,64,1,,,,,,,,,,,,,banana,cherry,stomach ache,m,0.766844005761,,,,,,,,,,2017_Sep_29_1446,59.9963045976,Exp13,001,032,
F,I,Stomach Ache,8,1,65,5,,,,,,,,,,,,,pear,orange,stomach ache,m,1.35027223802,,,,,,,,,,2017_Sep_29_1446,59.9963045976,Exp13,001,032,
F, ,Stomach Ache,8,2,66,4,,,,,,,,,,,,,pear,,stomach ache,m,0.950412364153,,,,,,,,,,2017_Sep_29_1446,59.9963045976,Exp13,001,032,
C,E,No Stomach Ache,8,3,67,3,,,,,,,,,,,,,plum,apple,no stomach ache,z,3.7836710382,,,,,,,,,,2017_Sep_29_1446,59.9963045976,Exp13,001,032,
A, ,Stomach Ache,8,4,68,0,,,,,,,,,,,,,banana,,stomach ache,m,0.98374586078,,,,,,,,,,2017_Sep_29_1446,59.9963045976,Exp13,001,032,
G,J,Stomach Ache,8,5,69,6,,,,,,,,,,,,,peach,kiwi,no stomach ache,z,1.5335963206,,,,,,,,,,2017_Sep_29_1446,59.9963045976,Exp13,001,032,
H,J,No Stomach Ache,8,6,70,7,,,,,,,,,,,,,mango,kiwi,stomach ache,m,0.6836680985,,,,,,,,,,2017_Sep_29_1446,59.9963045976,Exp13,001,032,
B,E,Stomach Ache,8,7,71,2,,,,,,,,,,,,,strawberry,apple,stomach ache,m,1.03369291103,,,,,,,,,,2017_Sep_29_1446,59.9963045976,Exp13,001,032,
F, ,Stomach Ache,9,0,72,4,,,,,,,,,,,,,pear,,stomach ache,m,0.583712054125,,,,,,,,,,2017_Sep_29_1446,59.9963045976,Exp13,001,032,
A, ,Stomach Ache,9,1,73,0,,,,,,,,,,,,,banana,,stomach ache,m,1.18365235004,,,,,,,,,,2017_Sep_29_1446,59.9963045976,Exp13,001,032,
H,J,No Stomach Ache,9,2,74,7,,,,,,,,,,,,,mango,kiwi,no stomach ache,z,2.21699704559,,,,,,,,,,2017_Sep_29_1446,59.9963045976,Exp13,001,032,
A,D,Stomach Ache,9,3,75,1,,,,,,,,,,,,,banana,cherry,stomach ache,m,0.650234161789,,,,,,,,,,2017_Sep_29_1446,59.9963045976,Exp13,001,032,
C,E,No Stomach Ache,9,4,76,3,,,,,,,,,,,,,plum,apple,no stomach ache,z,0.883676427649,,,,,,,,,,2017_Sep_29_1446,59.9963045976,Exp13,001,032,
B,E,Stomach Ache,9,5,77,2,,,,,,,,,,,,,strawberry,apple,stomach ache,m,0.766857304436,,,,,,,,,,2017_Sep_29_1446,59.9963045976,Exp13,001,032,
G,J,Stomach Ache,9,6,78,6,,,,,,,,,,,,,peach,kiwi,no stomach ache,z,0.433820158418,,,,,,,,,,2017_Sep_29_1446,59.9963045976,Exp13,001,032,
F,I,Stomach Ache,9,7,79,5,,,,,,,,,,,,,pear,orange,stomach ache,m,0.883747820597,,,,,,,,,,2017_Sep_29_1446,59.9963045976,Exp13,001,032,
C,E,No Stomach Ache,10,0,80,3,,,,,,,,,,,,,plum,apple,no stomach ache,z,0.550287216553,,,,,,,,,,2017_Sep_29_1446,59.9963045976,Exp13,001,032,
A, ,Stomach Ache,10,1,81,0,,,,,,,,,,,,,banana,,stomach ache,m,0.900377122627,,,,,,,,,,2017_Sep_29_1446,59.9963045976,Exp13,001,032,
A,D,Stomach Ache,10,2,82,1,,,,,,,,,,,,,banana,cherry,stomach ache,m,0.86703067724,,,,,,,,,,2017_Sep_29_1446,59.9963045976,Exp13,001,032,
F,I,Stomach Ache,10,3,83,5,,,,,,,,,,,,,pear,orange,stomach ache,m,1.10039805053,,,,,,,,,,2017_Sep_29_1446,59.9963045976,Exp13,001,032,
B,E,Stomach Ache,10,4,84,2,,,,,,,,,,,,,strawberry,apple,stomach ache,m,1.48369861548,,,,,,,,,,2017_Sep_29_1446,59.9963045976,Exp13,001,032,
H,J,No Stomach Ache,10,5,85,7,,,,,,,,,,,,,mango,kiwi,stomach ache,m,2.11707284808,,,,,,,,,,2017_Sep_29_1446,59.9963045976,Exp13,001,032,
F, ,Stomach Ache,10,6,86,4,,,,,,,,,,,,,pear,,stomach ache,m,0.566965513717,,,,,,,,,,2017_Sep_29_1446,59.9963045976,Exp13,001,032,
G,J,Stomach Ache,10,7,87,6,,,,,,,,,,,,,peach,kiwi,stomach ache,m,3.03384514595,,,,,,,,,,2017_Sep_29_1446,59.9963045976,Exp13,001,032,
A, ,Stomach Ache,11,0,88,0,,,,,,,,,,,,,banana,,stomach ache,m,0.816856849473,,,,,,,,,,2017_Sep_29_1446,59.9963045976,Exp13,001,032,
G,J,Stomach Ache,11,1,89,6,,,,,,,,,,,,,peach,kiwi,stomach ache,m,1.45051315415,,,,,,,,,,2017_Sep_29_1446,59.9963045976,Exp13,001,032,
F, ,Stomach Ache,11,2,90,4,,,,,,,,,,,,,pear,,stomach ache,m,0.800381882145,,,,,,,,,,2017_Sep_29_1446,59.9963045976,Exp13,001,032,
B,E,Stomach Ache,11,3,91,2,,,,,,,,,,,,,strawberry,apple,stomach ache,m,0.90035997433,,,,,,,,,,2017_Sep_29_1446,59.9963045976,Exp13,001,032,
H,J,No Stomach Ache,11,4,92,7,,,,,,,,,,,,,mango,kiwi,no stomach ache,z,1.25048697676,,,,,,,,,,2017_Sep_29_1446,59.9963045976,Exp13,001,032,
C,E,No Stomach Ache,11,5,93,3,,,,,,,,,,,,,plum,apple,no stomach ache,z,0.93374421593,,,,,,,,,,2017_Sep_29_1446,59.9963045976,Exp13,001,032,
F,I,Stomach Ache,11,6,94,5,,,,,,,,,,,,,pear,orange,stomach ache,m,3.31720541496,,,,,,,,,,2017_Sep_29_1446,59.9963045976,Exp13,001,032,
A,D,Stomach Ache,11,7,95,1,,,,,,,,,,,,,banana,cherry,stomach ache,m,0.650402145169,,,,,,,,,,2017_Sep_29_1446,59.9963045976,Exp13,001,032,
D,C,Stomach Ache,,,,,0,0,0,0,,,,,,,,,cherry,plum,no stomach ache,,,z,1.48373116227,,,,,,,,2017_Sep_29_1446,59.9963045976,Exp13,001,032,
D,C,Stomach Ache,,,,,1,0,1,0,,,,,,,,,cherry,plum,stomach ache,,,m,1.73372748759,,,,,,,,2017_Sep_29_1446,59.9963045976,Exp13,001,032,
D,C,Stomach Ache,,,,,2,0,2,0,,,,,,,,,cherry,plum,stomach ache,,,m,0.800243645848,,,,,,,,2017_Sep_29_1446,59.9963045976,Exp13,001,032,
D,C,Stomach Ache,,,,,3,0,3,0,,,,,,,,,cherry,plum,stomach ache,,,m,1.38384546089,,,,,,,,2017_Sep_29_1446,59.9963045976,Exp13,001,032,
D,C,Stomach Ache,,,,,4,0,4,0,,,,,,,,,cherry,plum,stomach ache,,,m,0.717085936805,,,,,,,,2017_Sep_29_1446,59.9963045976,Exp13,001,032,
D,C,Stomach Ache,,,,,5,0,5,0,,,,,,,,,cherry,plum,no stomach ache,,,z,2.66699505079,,,,,,,,2017_Sep_29_1446,59.9963045976,Exp13,001,032,
,,,,,,,,,,,,,,,,,,,,,,,,,,space,7.81741609404,,,,,,2017_Sep_29_1446,59.9963045976,Exp13,001,032,
H, ,,,,,,,,,,0,0,0,7,,,,,mango,,,,,,,,,2,4.836,"[(None, 0.0), (u'2', 4.836)]",,,2017_Sep_29_1446,59.9963045976,Exp13,001,032,
D, ,,,,,,,,,,0,1,1,3,,,,,cherry,,,,,,,,,8,2.136,"[(None, 0.0), (u'8', 2.136)]",,,2017_Sep_29_1446,59.9963045976,Exp13,001,032,
E, ,,,,,,,,,,0,2,2,4,,,,,apple,,,,,,,,,8,1.07,"[(None, 0.0), (u'8', 1.07)]",,,2017_Sep_29_1446,59.9963045976,Exp13,001,032,
I, ,,,,,,,,,,0,3,3,8,,,,,orange,,,,,,,,,6,1.72,"[(None, 0.0), (u'6', 1.72)]",,,2017_Sep_29_1446,59.9963045976,Exp13,001,032,
C, ,,,,,,,,,,0,4,4,2,,,,,plum,,,,,,,,,1,2.503,"[(None, 0.0), (u'1', 2.503)]",,,2017_Sep_29_1446,59.9963045976,Exp13,001,032,
I,C,,,,,,,,,,0,5,5,10,,,,,orange,plum,,,,,,,,2,2.32,"[(None, 0.0), (u'2', 2.32)]",,,2017_Sep_29_1446,59.9963045976,Exp13,001,032,
D,H,,,,,,,,,,0,6,6,11,,,,,cherry,mango,,,,,,,,5,3.253,"[(None, 0.0), (u'5', 3.253)]",,,2017_Sep_29_1446,59.9963045976,Exp13,001,032,
G, ,,,,,,,,,,0,7,7,6,,,,,peach,,,,,,,,,5,6.053,"[(None, 0.0), (u'5', 6.053)]",,,2017_Sep_29_1446,59.9963045976,Exp13,001,032,
A, ,,,,,,,,,,0,8,8,0,,,,,banana,,,,,,,,,8,1.887,"[(None, 0.0), (u'8', 1.887)]",,,2017_Sep_29_1446,59.9963045976,Exp13,001,032,
B, ,,,,,,,,,,0,9,9,1,,,,,strawberry,,,,,,,,,3,4.487,"[(None, 0.0), (u'3', 4.487)]",,,2017_Sep_29_1446,59.9963045976,Exp13,001,032,
F, ,,,,,,,,,,0,10,10,5,,,,,pear,,,,,,,,,9,1.603,"[(None, 0.0), (u'9', 1.603)]",,,2017_Sep_29_1446,59.9963045976,Exp13,001,032,
J, ,,,,,,,,,,0,11,11,9,,,,,kiwi,,,,,,,,,5,1.703,"[(None, 0.0), (u'5', 1.703)]",,,2017_Sep_29_1446,59.9963045976,Exp13,001,032,
A, ,,,,,,,,,,1,0,12,0,,,,,banana,,,,,,,,,9,1.57,"[(None, 0.0), (u'9', 1.57)]",,,2017_Sep_29_1446,59.9963045976,Exp13,001,032,
J, ,,,,,,,,,,1,1,13,9,,,,,kiwi,,,,,,,,,2,2.753,"[(None, 0.0), (u'2', 2.753)]",,,2017_Sep_29_1446,59.9963045976,Exp13,001,032,
D,H,,,,,,,,,,1,2,14,11,,,,,cherry,mango,,,,,,,,4,2.303,"[(None, 0.0), (u'4', 2.303)]",,,2017_Sep_29_1446,59.9963045976,Exp13,001,032,
F, ,,,,,,,,,,1,3,15,5,,,,,pear,,,,,,,,,9,1.453,"[(None, 0.0), (u'9', 1.453)]",,,2017_Sep_29_1446,59.9963045976,Exp13,001,032,
I,C,,,,,,,,,,1,4,16,10,,,,,orange,plum,,,,,,,,2,3.036,"[(None, 0.0), (u'2', 3.036)]",,,2017_Sep_29_1446,59.9963045976,Exp13,001,032,
C, ,,,,,,,,,,1,5,17,2,,,,,plum,,,,,,,,,1,1.537,"[(None, 0.0), (u'1', 1.537)]",,,2017_Sep_29_1446,59.9963045976,Exp13,001,032,
D, ,,,,,,,,,,1,6,18,3,,,,,cherry,,,,,,,,,6,2.037,"[(None, 0.0), (u'6', 2.037)]",,,2017_Sep_29_1446,59.9963045976,Exp13,001,032,
H, ,,,,,,,,,,1,7,19,7,,,,,mango,,,,,,,,,4,1.153,"[(None, 0.0), (u'4', 1.153)]",,,2017_Sep_29_1446,59.9963045976,Exp13,001,032,
B, ,,,,,,,,,,1,8,20,1,,,,,strawberry,,,,,,,,,3,1.553,"[(None, 0.0), (u'3', 1.553)]",,,2017_Sep_29_1446,59.9963045976,Exp13,001,032,
I, ,,,,,,,,,,1,9,21,8,,,,,orange,,,,,,,,,4,1.653,"[(None, 0.0), (u'4', 1.653)]",,,2017_Sep_29_1446,59.9963045976,Exp13,001,032,
G, ,,,,,,,,,,1,10,22,6,,,,,peach,,,,,,,,,4,1.886,"[(None, 0.0), (u'4', 1.886)]",,,2017_Sep_29_1446,59.9963045976,Exp13,001,032,
E, ,,,,,,,,,,1,11,23,4,,,,,apple,,,,,,,,,7,1.586,"[(None, 0.0), (u'7', 1.586)]",,,2017_Sep_29_1446,59.9963045976,Exp13,001,032,
,,,,,,,,,,,,,,,,,,,,,,,,,,,,,,,space,2.81742904277,2017_Sep_29_1446,59.9963045976,Exp13,001,032,
