stim1,stim2,outcome,train_trials.thisRepN,train_trials.thisTrialN,train_trials.thisN,train_trials.thisIndex,train_trials2.thisRepN,train_trials2.thisTrialN,train_trials2.thisN,train_trials2.thisIndex,test_trials.thisRepN,test_trials.thisTrialN,test_trials.thisN,test_trials.thisIndex,start_exp.keys,start_exp.rt,start_exp2.keys,start_exp2.rt,stim.A,stim.B,pressed,key_ans.keys,key_ans.rt,key_answ.keys,key_answ.rt,start.keys,start.rt,rating.response,rating.rt,rating.history,exit_exp.keys,exit_exp.rt,date,frameRate,expName,session,participant,
,,,,,,,,,,,,,,,space,326.886237625,,,,,,,,,,,,,,,,,2017_Sep_29_1333,60.0051449425,Exp13,001,033,
,,,,,,,,,,,,,,,,,space,10.2331490529,,,,,,,,,,,,,,,2017_Sep_29_1333,60.0051449425,Exp13,001,033,
A, ,Stomach Ache,0,0,0,0,,,,,,,,,,,,,orange,,no stomach ache,z,5.05482181307,,,,,,,,,,2017_Sep_29_1333,60.0051449425,Exp13,001,033,
G,J,Stomach Ache,0,1,1,6,,,,,,,,,,,,,apple,cherry,no stomach ache,z,3.66547141637,,,,,,,,,,2017_Sep_29_1333,60.0051449425,Exp13,001,033,
F,I,Stomach Ache,0,2,2,5,,,,,,,,,,,,,kiwi,strawberry,no stomach ache,z,1.84790200673,,,,,,,,,,2017_Sep_29_1333,60.0051449425,Exp13,001,033,
C,E,No Stomach Ache,0,3,3,3,,,,,,,,,,,,,plum,mango,no stomach ache,z,1.18352598374,,,,,,,,,,2017_Sep_29_1333,60.0051449425,Exp13,001,033,
H,J,No Stomach Ache,0,4,4,7,,,,,,,,,,,,,peach,cherry,stomach ache,m,3.63344428421,,,,,,,,,,2017_Sep_29_1333,60.0051449425,Exp13,001,033,
F, ,Stomach Ache,0,5,5,4,,,,,,,,,,,,,kiwi,,stomach ache,m,5.51664840427,,,,,,,,,,2017_Sep_29_1333,60.0051449425,Exp13,001,033,
A,D,Stomach Ache,0,6,6,1,,,,,,,,,,,,,orange,banana,stomach ache,m,1.54916863842,,,,,,,,,,2017_Sep_29_1333,60.0051449425,Exp13,001,033,
B,E,Stomach Ache,0,7,7,2,,,,,,,,,,,,,pear,mango,stomach ache,m,2.18871212887,,,,,,,,,,2017_Sep_29_1333,60.0051449425,Exp13,001,033,
B,E,Stomach Ache,1,0,8,2,,,,,,,,,,,,,pear,mango,no stomach ache,z,2.54991021624,,,,,,,,,,2017_Sep_29_1333,60.0051449425,Exp13,001,033,
F,I,Stomach Ache,1,1,9,5,,,,,,,,,,,,,kiwi,strawberry,stomach ache,m,4.16570011911,,,,,,,,,,2017_Sep_29_1333,60.0051449425,Exp13,001,033,
C,E,No Stomach Ache,1,2,10,3,,,,,,,,,,,,,plum,mango,no stomach ache,z,2.23558621568,,,,,,,,,,2017_Sep_29_1333,60.0051449425,Exp13,001,033,
A, ,Stomach Ache,1,3,11,0,,,,,,,,,,,,,orange,,stomach ache,m,1.90491670635,,,,,,,,,,2017_Sep_29_1333,60.0051449425,Exp13,001,033,
G,J,Stomach Ache,1,4,12,6,,,,,,,,,,,,,apple,cherry,stomach ache,m,3.81535307536,,,,,,,,,,2017_Sep_29_1333,60.0051449425,Exp13,001,033,
A,D,Stomach Ache,1,5,13,1,,,,,,,,,,,,,orange,banana,stomach ache,m,2.11612079563,,,,,,,,,,2017_Sep_29_1333,60.0051449425,Exp13,001,033,
H,J,No Stomach Ache,1,6,14,7,,,,,,,,,,,,,peach,cherry,no stomach ache,z,2.8049244406,,,,,,,,,,2017_Sep_29_1333,60.0051449425,Exp13,001,033,
F, ,Stomach Ache,1,7,15,4,,,,,,,,,,,,,kiwi,,stomach ache,m,1.47168548143,,,,,,,,,,2017_Sep_29_1333,60.0051449425,Exp13,001,033,
C,E,No Stomach Ache,2,0,16,3,,,,,,,,,,,,,plum,mango,no stomach ache,z,2.4164850052,,,,,,,,,,2017_Sep_29_1333,60.0051449425,Exp13,001,033,
A, ,Stomach Ache,2,1,17,0,,,,,,,,,,,,,orange,,stomach ache,m,1.31922982298,,,,,,,,,,2017_Sep_29_1333,60.0051449425,Exp13,001,033,
B,E,Stomach Ache,2,2,18,2,,,,,,,,,,,,,pear,mango,stomach ache,m,2.33314201864,,,,,,,,,,2017_Sep_29_1333,60.0051449425,Exp13,001,033,
G,J,Stomach Ache,2,3,19,6,,,,,,,,,,,,,apple,cherry,stomach ache,m,1.96911655652,,,,,,,,,,2017_Sep_29_1333,60.0051449425,Exp13,001,033,
H,J,No Stomach Ache,2,4,20,7,,,,,,,,,,,,,peach,cherry,no stomach ache,z,1.75282046292,,,,,,,,,,2017_Sep_29_1333,60.0051449425,Exp13,001,033,
A,D,Stomach Ache,2,5,21,1,,,,,,,,,,,,,orange,banana,stomach ache,m,1.71648665002,,,,,,,,,,2017_Sep_29_1333,60.0051449425,Exp13,001,033,
F,I,Stomach Ache,2,6,22,5,,,,,,,,,,,,,kiwi,strawberry,no stomach ache,z,1.5350776102,,,,,,,,,,2017_Sep_29_1333,60.0051449425,Exp13,001,033,
F, ,Stomach Ache,2,7,23,4,,,,,,,,,,,,,kiwi,,no stomach ache,z,0.850177485234,,,,,,,,,,2017_Sep_29_1333,60.0051449425,Exp13,001,033,
C,E,No Stomach Ache,3,0,24,3,,,,,,,,,,,,,plum,mango,no stomach ache,z,1.86651634463,,,,,,,,,,2017_Sep_29_1333,60.0051449425,Exp13,001,033,
F, ,Stomach Ache,3,1,25,4,,,,,,,,,,,,,kiwi,,stomach ache,m,1.13358689533,,,,,,,,,,2017_Sep_29_1333,60.0051449425,Exp13,001,033,
H,J,No Stomach Ache,3,2,26,7,,,,,,,,,,,,,peach,cherry,no stomach ache,z,1.60231096501,,,,,,,,,,2017_Sep_29_1333,60.0051449425,Exp13,001,033,
G,J,Stomach Ache,3,3,27,6,,,,,,,,,,,,,apple,cherry,stomach ache,m,1.40537113714,,,,,,,,,,2017_Sep_29_1333,60.0051449425,Exp13,001,033,
A, ,Stomach Ache,3,4,28,0,,,,,,,,,,,,,orange,,stomach ache,m,1.80011065924,,,,,,,,,,2017_Sep_29_1333,60.0051449425,Exp13,001,033,
B,E,Stomach Ache,3,5,29,2,,,,,,,,,,,,,pear,mango,stomach ache,m,2.34966601004,,,,,,,,,,2017_Sep_29_1333,60.0051449425,Exp13,001,033,
F,I,Stomach Ache,3,6,30,5,,,,,,,,,,,,,kiwi,strawberry,stomach ache,m,1.50166881253,,,,,,,,,,2017_Sep_29_1333,60.0051449425,Exp13,001,033,
A,D,Stomach Ache,3,7,31,1,,,,,,,,,,,,,orange,banana,stomach ache,m,1.88791816114,,,,,,,,,,2017_Sep_29_1333,60.0051449425,Exp13,001,033,
F,I,Stomach Ache,4,0,32,5,,,,,,,,,,,,,kiwi,strawberry,stomach ache,m,1.48502093324,,,,,,,,,,2017_Sep_29_1333,60.0051449425,Exp13,001,033,
C,E,No Stomach Ache,4,1,33,3,,,,,,,,,,,,,plum,mango,no stomach ache,z,1.5527652383,,,,,,,,,,2017_Sep_29_1333,60.0051449425,Exp13,001,033,
A,D,Stomach Ache,4,2,34,1,,,,,,,,,,,,,orange,banana,stomach ache,m,1.28561104578,,,,,,,,,,2017_Sep_29_1333,60.0051449425,Exp13,001,033,
B,E,Stomach Ache,4,3,35,2,,,,,,,,,,,,,pear,mango,stomach ache,m,1.78285068946,,,,,,,,,,2017_Sep_29_1333,60.0051449425,Exp13,001,033,
H,J,No Stomach Ache,4,4,36,7,,,,,,,,,,,,,peach,cherry,no stomach ache,z,1.13133136489,,,,,,,,,,2017_Sep_29_1333,60.0051449425,Exp13,001,033,
A, ,Stomach Ache,4,5,37,0,,,,,,,,,,,,,orange,,stomach ache,m,0.933525371307,,,,,,,,,,2017_Sep_29_1333,60.0051449425,Exp13,001,033,
G,J,Stomach Ache,4,6,38,6,,,,,,,,,,,,,apple,cherry,stomach ache,m,1.38191957012,,,,,,,,,,2017_Sep_29_1333,60.0051449425,Exp13,001,033,
F, ,Stomach Ache,4,7,39,4,,,,,,,,,,,,,kiwi,,stomach ache,m,0.933533770498,,,,,,,,,,2017_Sep_29_1333,60.0051449425,Exp13,001,033,
H,J,No Stomach Ache,5,0,40,7,,,,,,,,,,,,,peach,cherry,no stomach ache,z,1.60420288084,,,,,,,,,,2017_Sep_29_1333,60.0051449425,Exp13,001,033,
G,J,Stomach Ache,5,1,41,6,,,,,,,,,,,,,apple,cherry,stomach ache,m,1.17218568773,,,,,,,,,,2017_Sep_29_1333,60.0051449425,Exp13,001,033,
F,I,Stomach Ache,5,2,42,5,,,,,,,,,,,,,kiwi,strawberry,stomach ache,m,0.798322683288,,,,,,,,,,2017_Sep_29_1333,60.0051449425,Exp13,001,033,
A, ,Stomach Ache,5,3,43,0,,,,,,,,,,,,,orange,,stomach ache,m,0.800651356607,,,,,,,,,,2017_Sep_29_1333,60.0051449425,Exp13,001,033,
F, ,Stomach Ache,5,4,44,4,,,,,,,,,,,,,kiwi,,stomach ache,m,0.885996498255,,,,,,,,,,2017_Sep_29_1333,60.0051449425,Exp13,001,033,
C,E,No Stomach Ache,5,5,45,3,,,,,,,,,,,,,plum,mango,no stomach ache,z,1.48237729055,,,,,,,,,,2017_Sep_29_1333,60.0051449425,Exp13,001,033,
B,E,Stomach Ache,5,6,46,2,,,,,,,,,,,,,pear,mango,stomach ache,m,0.783500926191,,,,,,,,,,2017_Sep_29_1333,60.0051449425,Exp13,001,033,
A,D,Stomach Ache,5,7,47,1,,,,,,,,,,,,,orange,banana,stomach ache,m,0.620744020591,,,,,,,,,,2017_Sep_29_1333,60.0051449425,Exp13,001,033,
C,E,No Stomach Ache,6,0,48,3,,,,,,,,,,,,,plum,mango,no stomach ache,z,0.882566482149,,,,,,,,,,2017_Sep_29_1333,60.0051449425,Exp13,001,033,
G,J,Stomach Ache,6,1,49,6,,,,,,,,,,,,,apple,cherry,stomach ache,m,1.11777928419,,,,,,,,,,2017_Sep_29_1333,60.0051449425,Exp13,001,033,
A, ,Stomach Ache,6,2,50,0,,,,,,,,,,,,,orange,,stomach ache,m,0.835860029038,,,,,,,,,,2017_Sep_29_1333,60.0051449425,Exp13,001,033,
F,I,Stomach Ache,6,3,51,5,,,,,,,,,,,,,kiwi,strawberry,stomach ache,m,0.717373463704,,,,,,,,,,2017_Sep_29_1333,60.0051449425,Exp13,001,033,
A,D,Stomach Ache,6,4,52,1,,,,,,,,,,,,,orange,banana,stomach ache,m,0.58237130614,,,,,,,,,,2017_Sep_29_1333,60.0051449425,Exp13,001,033,
H,J,No Stomach Ache,6,5,53,7,,,,,,,,,,,,,peach,cherry,no stomach ache,z,0.916179309948,,,,,,,,,,2017_Sep_29_1333,60.0051449425,Exp13,001,033,
F, ,Stomach Ache,6,6,54,4,,,,,,,,,,,,,kiwi,,stomach ache,m,0.533468816837,,,,,,,,,,2017_Sep_29_1333,60.0051449425,Exp13,001,033,
B,E,Stomach Ache,6,7,55,2,,,,,,,,,,,,,pear,mango,stomach ache,m,1.05387900487,,,,,,,,,,2017_Sep_29_1333,60.0051449425,Exp13,001,033,
C,E,No Stomach Ache,7,0,56,3,,,,,,,,,,,,,plum,mango,no stomach ache,z,0.819611810788,,,,,,,,,,2017_Sep_29_1333,60.0051449425,Exp13,001,033,
H,J,No Stomach Ache,7,1,57,7,,,,,,,,,,,,,peach,cherry,no stomach ache,z,1.09936757656,,,,,,,,,,2017_Sep_29_1333,60.0051449425,Exp13,001,033,
F, ,Stomach Ache,7,2,58,4,,,,,,,,,,,,,kiwi,,stomach ache,m,0.600200670451,,,,,,,,,,2017_Sep_29_1333,60.0051449425,Exp13,001,033,
G,J,Stomach Ache,7,3,59,6,,,,,,,,,,,,,apple,cherry,stomach ache,m,1.04837404078,,,,,,,,,,2017_Sep_29_1333,60.0051449425,Exp13,001,033,
F,I,Stomach Ache,7,4,60,5,,,,,,,,,,,,,kiwi,strawberry,stomach ache,m,0.553522914532,,,,,,,,,,2017_Sep_29_1333,60.0051449425,Exp13,001,033,
A, ,Stomach Ache,7,5,61,0,,,,,,,,,,,,,orange,,stomach ache,m,0.505078880582,,,,,,,,,,2017_Sep_29_1333,60.0051449425,Exp13,001,033,
A,D,Stomach Ache,7,6,62,1,,,,,,,,,,,,,orange,banana,stomach ache,m,0.6196395281,,,,,,,,,,2017_Sep_29_1333,60.0051449425,Exp13,001,033,
B,E,Stomach Ache,7,7,63,2,,,,,,,,,,,,,pear,mango,stomach ache,m,1.03285235184,,,,,,,,,,2017_Sep_29_1333,60.0051449425,Exp13,001,033,
C,E,No Stomach Ache,8,0,64,3,,,,,,,,,,,,,plum,mango,no stomach ache,z,0.77218932737,,,,,,,,,,2017_Sep_29_1333,60.0051449425,Exp13,001,033,
F, ,Stomach Ache,8,1,65,4,,,,,,,,,,,,,kiwi,,stomach ache,m,0.535989271448,,,,,,,,,,2017_Sep_29_1333,60.0051449425,Exp13,001,033,
F,I,Stomach Ache,8,2,66,5,,,,,,,,,,,,,kiwi,strawberry,stomach ache,m,0.534473219042,,,,,,,,,,2017_Sep_29_1333,60.0051449425,Exp13,001,033,
H,J,No Stomach Ache,8,3,67,7,,,,,,,,,,,,,peach,cherry,no stomach ache,z,0.704547912261,,,,,,,,,,2017_Sep_29_1333,60.0051449425,Exp13,001,033,
A,D,Stomach Ache,8,4,68,1,,,,,,,,,,,,,orange,banana,stomach ache,m,0.635284405056,,,,,,,,,,2017_Sep_29_1333,60.0051449425,Exp13,001,033,
B,E,Stomach Ache,8,5,69,2,,,,,,,,,,,,,pear,mango,stomach ache,m,0.905935807154,,,,,,,,,,2017_Sep_29_1333,60.0051449425,Exp13,001,033,
A, ,Stomach Ache,8,6,70,0,,,,,,,,,,,,,orange,,stomach ache,m,0.554971423553,,,,,,,,,,2017_Sep_29_1333,60.0051449425,Exp13,001,033,
G,J,Stomach Ache,8,7,71,6,,,,,,,,,,,,,apple,cherry,stomach ache,m,1.00109434346,,,,,,,,,,2017_Sep_29_1333,60.0051449425,Exp13,001,033,
G,J,Stomach Ache,9,0,72,6,,,,,,,,,,,,,apple,cherry,stomach ache,m,1.25024558857,,,,,,,,,,2017_Sep_29_1333,60.0051449425,Exp13,001,033,
H,J,No Stomach Ache,9,1,73,7,,,,,,,,,,,,,peach,cherry,no stomach ache,z,0.819596762245,,,,,,,,,,2017_Sep_29_1333,60.0051449425,Exp13,001,033,
F,I,Stomach Ache,9,2,74,5,,,,,,,,,,,,,kiwi,strawberry,stomach ache,m,0.667478820949,,,,,,,,,,2017_Sep_29_1333,60.0051449425,Exp13,001,033,
F, ,Stomach Ache,9,3,75,4,,,,,,,,,,,,,kiwi,,stomach ache,m,0.466732763569,,,,,,,,,,2017_Sep_29_1333,60.0051449425,Exp13,001,033,
A, ,Stomach Ache,9,4,76,0,,,,,,,,,,,,,orange,,stomach ache,m,0.533583955606,,,,,,,,,,2017_Sep_29_1333,60.0051449425,Exp13,001,033,
A,D,Stomach Ache,9,5,77,1,,,,,,,,,,,,,orange,banana,stomach ache,m,0.488849560497,,,,,,,,,,2017_Sep_29_1333,60.0051449425,Exp13,001,033,
B,E,Stomach Ache,9,6,78,2,,,,,,,,,,,,,pear,mango,stomach ache,m,0.697612987395,,,,,,,,,,2017_Sep_29_1333,60.0051449425,Exp13,001,033,
C,E,No Stomach Ache,9,7,79,3,,,,,,,,,,,,,plum,mango,no stomach ache,z,0.972121014027,,,,,,,,,,2017_Sep_29_1333,60.0051449425,Exp13,001,033,
F, ,Stomach Ache,10,0,80,4,,,,,,,,,,,,,kiwi,,stomach ache,m,0.466825504554,,,,,,,,,,2017_Sep_29_1333,60.0051449425,Exp13,001,033,
C,E,No Stomach Ache,10,1,81,3,,,,,,,,,,,,,plum,mango,no stomach ache,z,0.901672872133,,,,,,,,,,2017_Sep_29_1333,60.0051449425,Exp13,001,033,
A, ,Stomach Ache,10,2,82,0,,,,,,,,,,,,,orange,,stomach ache,m,0.504790508654,,,,,,,,,,2017_Sep_29_1333,60.0051449425,Exp13,001,033,
F,I,Stomach Ache,10,3,83,5,,,,,,,,,,,,,kiwi,strawberry,stomach ache,m,0.73374661975,,,,,,,,,,2017_Sep_29_1333,60.0051449425,Exp13,001,033,
A,D,Stomach Ache,10,4,84,1,,,,,,,,,,,,,orange,banana,stomach ache,m,0.832495806535,,,,,,,,,,2017_Sep_29_1333,60.0051449425,Exp13,001,033,
B,E,Stomach Ache,10,5,85,2,,,,,,,,,,,,,pear,mango,stomach ache,m,0.70215099561,,,,,,,,,,2017_Sep_29_1333,60.0051449425,Exp13,001,033,
G,J,Stomach Ache,10,6,86,6,,,,,,,,,,,,,apple,cherry,stomach ache,m,0.999225875363,,,,,,,,,,2017_Sep_29_1333,60.0051449425,Exp13,001,033,
H,J,No Stomach Ache,10,7,87,7,,,,,,,,,,,,,peach,cherry,no stomach ache,z,0.866968150629,,,,,,,,,,2017_Sep_29_1333,60.0051449425,Exp13,001,033,
A, ,Stomach Ache,11,0,88,0,,,,,,,,,,,,,orange,,stomach ache,m,0.752508643287,,,,,,,,,,2017_Sep_29_1333,60.0051449425,Exp13,001,033,
F,I,Stomach Ache,11,1,89,5,,,,,,,,,,,,,kiwi,strawberry,stomach ache,m,0.531821177196,,,,,,,,,,2017_Sep_29_1333,60.0051449425,Exp13,001,033,
H,J,No Stomach Ache,11,2,90,7,,,,,,,,,,,,,peach,cherry,no stomach ache,z,0.6880267206,,,,,,,,,,2017_Sep_29_1333,60.0051449425,Exp13,001,033,
B,E,Stomach Ache,11,3,91,2,,,,,,,,,,,,,pear,mango,stomach ache,m,0.802355340711,,,,,,,,,,2017_Sep_29_1333,60.0051449425,Exp13,001,033,
C,E,No Stomach Ache,11,4,92,3,,,,,,,,,,,,,plum,mango,no stomach ache,z,1.0003555654,,,,,,,,,,2017_Sep_29_1333,60.0051449425,Exp13,001,033,
G,J,Stomach Ache,11,5,93,6,,,,,,,,,,,,,apple,cherry,stomach ache,m,0.849208779517,,,,,,,,,,2017_Sep_29_1333,60.0051449425,Exp13,001,033,
A,D,Stomach Ache,11,6,94,1,,,,,,,,,,,,,orange,banana,stomach ache,m,0.582322660892,,,,,,,,,,2017_Sep_29_1333,60.0051449425,Exp13,001,033,
F, ,Stomach Ache,11,7,95,4,,,,,,,,,,,,,kiwi,,stomach ache,m,0.571650799771,,,,,,,,,,2017_Sep_29_1333,60.0051449425,Exp13,001,033,
D,C,Stomach Ache,,,,,0,0,0,0,,,,,,,,,banana,plum,stomach ache,,,m,0.895708752767,,,,,,,,2017_Sep_29_1333,60.0051449425,Exp13,001,033,
D,C,Stomach Ache,,,,,1,0,1,0,,,,,,,,,banana,plum,stomach ache,,,m,0.638728419784,,,,,,,,2017_Sep_29_1333,60.0051449425,Exp13,001,033,
D,C,Stomach Ache,,,,,2,0,2,0,,,,,,,,,banana,plum,stomach ache,,,m,0.838751447562,,,,,,,,2017_Sep_29_1333,60.0051449425,Exp13,001,033,
D,C,Stomach Ache,,,,,3,0,3,0,,,,,,,,,banana,plum,stomach ache,,,m,1.60017022342,,,,,,,,2017_Sep_29_1333,60.0051449425,Exp13,001,033,
D,C,Stomach Ache,,,,,4,0,4,0,,,,,,,,,banana,plum,stomach ache,,,m,1.63864092831,,,,,,,,2017_Sep_29_1333,60.0051449425,Exp13,001,033,
D,C,Stomach Ache,,,,,5,0,5,0,,,,,,,,,banana,plum,stomach ache,,,m,0.438751237583,,,,,,,,2017_Sep_29_1333,60.0051449425,Exp13,001,033,
,,,,,,,,,,,,,,,,,,,,,,,,,,space,13.7661436659,,,,,,2017_Sep_29_1333,60.0051449425,Exp13,001,033,
G, ,,,,,,,,,,0,0,0,6,,,,,apple,,,,,,,,,10,9.62,"[(None, 0.0), (u'10', 9.62)]",,,2017_Sep_29_1333,60.0051449425,Exp13,001,033,
I,C,,,,,,,,,,0,1,1,10,,,,,strawberry,plum,,,,,,,,7,4.47,"[(None, 0.0), (u'7', 4.47)]",,,2017_Sep_29_1333,60.0051449425,Exp13,001,033,
E, ,,,,,,,,,,0,2,2,4,,,,,mango,,,,,,,,,0,2.77,"[(None, 0.0), (u'0', 2.77)]",,,2017_Sep_29_1333,60.0051449425,Exp13,001,033,
H, ,,,,,,,,,,0,3,3,7,,,,,peach,,,,,,,,,0,3.376,"[(None, 0.0), (u'0', 3.376)]",,,2017_Sep_29_1333,60.0051449425,Exp13,001,033,
I, ,,,,,,,,,,0,4,4,8,,,,,strawberry,,,,,,,,,10,2.137,"[(None, 0.0), (u'10', 2.137)]",,,2017_Sep_29_1333,60.0051449425,Exp13,001,033,
C, ,,,,,,,,,,0,5,5,2,,,,,plum,,,,,,,,,0,2.037,"[(None, 0.0), (u'0', 2.037)]",,,2017_Sep_29_1333,60.0051449425,Exp13,001,033,
D, ,,,,,,,,,,0,6,6,3,,,,,banana,,,,,,,,,10,3.07,"[(None, 0.0), (u'10', 3.07)]",,,2017_Sep_29_1333,60.0051449425,Exp13,001,033,
J, ,,,,,,,,,,0,7,7,9,,,,,cherry,,,,,,,,,0,2.076,"[(None, 0.0), (u'0', 2.076)]",,,2017_Sep_29_1333,60.0051449425,Exp13,001,033,
D,H,,,,,,,,,,0,8,8,11,,,,,banana,peach,,,,,,,,7,3.443,"[(None, 0.0), (u'7', 3.443)]",,,2017_Sep_29_1333,60.0051449425,Exp13,001,033,
A, ,,,,,,,,,,0,9,9,0,,,,,orange,,,,,,,,,10,1.603,"[(None, 0.0), (u'10', 1.603)]",,,2017_Sep_29_1333,60.0051449425,Exp13,001,033,
F, ,,,,,,,,,,0,10,10,5,,,,,kiwi,,,,,,,,,10,1.405,"[(None, 0.0), (u'10', 1.405)]",,,2017_Sep_29_1333,60.0051449425,Exp13,001,033,
B, ,,,,,,,,,,0,11,11,1,,,,,pear,,,,,,,,,10,2.303,"[(None, 0.0), (u'10', 2.303)]",,,2017_Sep_29_1333,60.0051449425,Exp13,001,033,
B, ,,,,,,,,,,1,0,12,1,,,,,pear,,,,,,,,,10,1.372,"[(None, 0.0), (u'10', 1.372)]",,,2017_Sep_29_1333,60.0051449425,Exp13,001,033,
D,H,,,,,,,,,,1,1,13,11,,,,,banana,peach,,,,,,,,7,3.503,"[(None, 0.0), (u'7', 3.503)]",,,2017_Sep_29_1333,60.0051449425,Exp13,001,033,
I,C,,,,,,,,,,1,2,14,10,,,,,strawberry,plum,,,,,,,,7,1.505,"[(None, 0.0), (u'7', 1.505)]",,,2017_Sep_29_1333,60.0051449425,Exp13,001,033,
I, ,,,,,,,,,,1,3,15,8,,,,,strawberry,,,,,,,,,10,1.572,"[(None, 0.0), (u'10', 1.572)]",,,2017_Sep_29_1333,60.0051449425,Exp13,001,033,
F, ,,,,,,,,,,1,4,16,5,,,,,kiwi,,,,,,,,,10,1.62,"[(None, 0.0), (u'10', 1.62)]",,,2017_Sep_29_1333,60.0051449425,Exp13,001,033,
A, ,,,,,,,,,,1,5,17,0,,,,,orange,,,,,,,,,10,1.206,"[(None, 0.0), (u'10', 1.205)]",,,2017_Sep_29_1333,60.0051449425,Exp13,001,033,
H, ,,,,,,,,,,1,6,18,7,,,,,peach,,,,,,,,,0,1.559,"[(None, 0.0), (u'0', 1.559)]",,,2017_Sep_29_1333,60.0051449425,Exp13,001,033,
E, ,,,,,,,,,,1,7,19,4,,,,,mango,,,,,,,,,0,0.803,"[(None, 0.0), (u'0', 0.803)]",,,2017_Sep_29_1333,60.0051449425,Exp13,001,033,
C, ,,,,,,,,,,1,8,20,2,,,,,plum,,,,,,,,,0,1.737,"[(None, 0.0), (u'0', 1.737)]",,,2017_Sep_29_1333,60.0051449425,Exp13,001,033,
J, ,,,,,,,,,,1,9,21,9,,,,,cherry,,,,,,,,,0,1.52,"[(None, 0.0), (u'0', 1.52)]",,,2017_Sep_29_1333,60.0051449425,Exp13,001,033,
D, ,,,,,,,,,,1,10,22,3,,,,,banana,,,,,,,,,10,2.338,"[(None, 0.0), (u'10', 2.338)]",,,2017_Sep_29_1333,60.0051449425,Exp13,001,033,
G, ,,,,,,,,,,1,11,23,6,,,,,apple,,,,,,,,,10,1.638,"[(None, 0.0), (u'10', 1.638)]",,,2017_Sep_29_1333,60.0051449425,Exp13,001,033,
,,,,,,,,,,,,,,,,,,,,,,,,,,,,,,,space,3.16662787879,2017_Sep_29_1333,60.0051449425,Exp13,001,033,
