stim1,stim2,outcome,train_trials.thisRepN,train_trials.thisTrialN,train_trials.thisN,train_trials.thisIndex,train_trials2.thisRepN,train_trials2.thisTrialN,train_trials2.thisN,train_trials2.thisIndex,test_trials.thisRepN,test_trials.thisTrialN,test_trials.thisN,test_trials.thisIndex,start_exp.keys,start_exp.rt,start_exp2.keys,start_exp2.rt,stim.A,stim.B,pressed,key_ans.keys,key_ans.rt,key_answ.keys,key_answ.rt,start.keys,start.rt,rating.response,rating.rt,rating.history,exit_exp.keys,exit_exp.rt,date,frameRate,expName,session,participant,
,,,,,,,,,,,,,,,space,709.790194042,,,,,,,,,,,,,,,,,2017_Oct_03_1003,60.0123073185,Exp13,001,034,
,,,,,,,,,,,,,,,,,space,13.3677838026,,,,,,,,,,,,,,,2017_Oct_03_1003,60.0123073185,Exp13,001,034,
G,J,Stomach Ache,0,0,0,6,,,,,,,,,,,,,kiwi,mango,no stomach ache,z,11.0841904567,,,,,,,,,,2017_Oct_03_1003,60.0123073185,Exp13,001,034,
F, ,Stomach Ache,0,1,1,4,,,,,,,,,,,,,plum,,stomach ache,m,2.81708502688,,,,,,,,,,2017_Oct_03_1003,60.0123073185,Exp13,001,034,
A,D,Stomach Ache,0,2,2,1,,,,,,,,,,,,,pear,strawberry,stomach ache,m,4.83386201429,,,,,,,,,,2017_Oct_03_1003,60.0123073185,Exp13,001,034,
F,I,Stomach Ache,0,3,3,5,,,,,,,,,,,,,plum,cherry,stomach ache,m,2.95040186512,,,,,,,,,,2017_Oct_03_1003,60.0123073185,Exp13,001,034,
A, ,Stomach Ache,0,4,4,0,,,,,,,,,,,,,pear,,stomach ache,m,2.38373522181,,,,,,,,,,2017_Oct_03_1003,60.0123073185,Exp13,001,034,
B,E,Stomach Ache,0,5,5,2,,,,,,,,,,,,,orange,peach,stomach ache,m,3.9170921662,,,,,,,,,,2017_Oct_03_1003,60.0123073185,Exp13,001,034,
C,E,No Stomach Ache,0,6,6,3,,,,,,,,,,,,,banana,peach,stomach ache,m,2.85041747364,,,,,,,,,,2017_Oct_03_1003,60.0123073185,Exp13,001,034,
H,J,No Stomach Ache,0,7,7,7,,,,,,,,,,,,,apple,mango,stomach ache,m,2.0337244079,,,,,,,,,,2017_Oct_03_1003,60.0123073185,Exp13,001,034,
A, ,Stomach Ache,1,0,8,0,,,,,,,,,,,,,pear,,stomach ache,m,3.30045152525,,,,,,,,,,2017_Oct_03_1003,60.0123073185,Exp13,001,034,
C,E,No Stomach Ache,1,1,9,3,,,,,,,,,,,,,banana,peach,no stomach ache,z,1.2503455907,,,,,,,,,,2017_Oct_03_1003,60.0123073185,Exp13,001,034,
G,J,Stomach Ache,1,2,10,6,,,,,,,,,,,,,kiwi,mango,stomach ache,m,1.58372220316,,,,,,,,,,2017_Oct_03_1003,60.0123073185,Exp13,001,034,
F, ,Stomach Ache,1,3,11,4,,,,,,,,,,,,,plum,,stomach ache,m,1.8170283325,,,,,,,,,,2017_Oct_03_1003,60.0123073185,Exp13,001,034,
F,I,Stomach Ache,1,4,12,5,,,,,,,,,,,,,plum,cherry,stomach ache,m,1.88387520798,,,,,,,,,,2017_Oct_03_1003,60.0123073185,Exp13,001,034,
H,J,No Stomach Ache,1,5,13,7,,,,,,,,,,,,,apple,mango,no stomach ache,z,2.28370498482,,,,,,,,,,2017_Oct_03_1003,60.0123073185,Exp13,001,034,
A,D,Stomach Ache,1,6,14,1,,,,,,,,,,,,,pear,strawberry,no stomach ache,z,2.38367362792,,,,,,,,,,2017_Oct_03_1003,60.0123073185,Exp13,001,034,
B,E,Stomach Ache,1,7,15,2,,,,,,,,,,,,,orange,peach,no stomach ache,z,2.00028872135,,,,,,,,,,2017_Oct_03_1003,60.0123073185,Exp13,001,034,
G,J,Stomach Ache,2,0,16,6,,,,,,,,,,,,,kiwi,mango,no stomach ache,z,1.76700149011,,,,,,,,,,2017_Oct_03_1003,60.0123073185,Exp13,001,034,
A, ,Stomach Ache,2,1,17,0,,,,,,,,,,,,,pear,,no stomach ache,z,1.96705496486,,,,,,,,,,2017_Oct_03_1003,60.0123073185,Exp13,001,034,
F, ,Stomach Ache,2,2,18,4,,,,,,,,,,,,,plum,,stomach ache,m,1.18357955723,,,,,,,,,,2017_Oct_03_1003,60.0123073185,Exp13,001,034,
B,E,Stomach Ache,2,3,19,2,,,,,,,,,,,,,orange,peach,no stomach ache,z,1.25034069124,,,,,,,,,,2017_Oct_03_1003,60.0123073185,Exp13,001,034,
C,E,No Stomach Ache,2,4,20,3,,,,,,,,,,,,,banana,peach,no stomach ache,z,1.45026887837,,,,,,,,,,2017_Oct_03_1003,60.0123073185,Exp13,001,034,
F,I,Stomach Ache,2,5,21,5,,,,,,,,,,,,,plum,cherry,stomach ache,m,1.05054514098,,,,,,,,,,2017_Oct_03_1003,60.0123073185,Exp13,001,034,
A,D,Stomach Ache,2,6,22,1,,,,,,,,,,,,,pear,strawberry,stomach ache,m,1.36723785673,,,,,,,,,,2017_Oct_03_1003,60.0123073185,Exp13,001,034,
H,J,No Stomach Ache,2,7,23,7,,,,,,,,,,,,,apple,mango,no stomach ache,z,4.41739068658,,,,,,,,,,2017_Oct_03_1003,60.0123073185,Exp13,001,034,
A, ,Stomach Ache,3,0,24,0,,,,,,,,,,,,,pear,,stomach ache,m,1.53371110925,,,,,,,,,,2017_Oct_03_1003,60.0123073185,Exp13,001,034,
F,I,Stomach Ache,3,1,25,5,,,,,,,,,,,,,plum,cherry,stomach ache,m,1.53367996233,,,,,,,,,,2017_Oct_03_1003,60.0123073185,Exp13,001,034,
B,E,Stomach Ache,3,2,26,2,,,,,,,,,,,,,orange,peach,stomach ache,m,1.91716950852,,,,,,,,,,2017_Oct_03_1003,60.0123073185,Exp13,001,034,
H,J,No Stomach Ache,3,3,27,7,,,,,,,,,,,,,apple,mango,stomach ache,m,2.35027188808,,,,,,,,,,2017_Oct_03_1003,60.0123073185,Exp13,001,034,
C,E,No Stomach Ache,3,4,28,3,,,,,,,,,,,,,banana,peach,no stomach ache,z,1.5000951906,,,,,,,,,,2017_Oct_03_1003,60.0123073185,Exp13,001,034,
G,J,Stomach Ache,3,5,29,6,,,,,,,,,,,,,kiwi,mango,stomach ache,m,1.43367282301,,,,,,,,,,2017_Oct_03_1003,60.0123073185,Exp13,001,034,
F, ,Stomach Ache,3,6,30,4,,,,,,,,,,,,,plum,,stomach ache,m,2.117184837,,,,,,,,,,2017_Oct_03_1003,60.0123073185,Exp13,001,034,
A,D,Stomach Ache,3,7,31,1,,,,,,,,,,,,,pear,strawberry,stomach ache,m,1.30035038525,,,,,,,,,,2017_Oct_03_1003,60.0123073185,Exp13,001,034,
C,E,No Stomach Ache,4,0,32,3,,,,,,,,,,,,,banana,peach,no stomach ache,z,2.41700187512,,,,,,,,,,2017_Oct_03_1003,60.0123073185,Exp13,001,034,
H,J,No Stomach Ache,4,1,33,7,,,,,,,,,,,,,apple,mango,no stomach ache,z,4.9005836022,,,,,,,,,,2017_Oct_03_1003,60.0123073185,Exp13,001,034,
G,J,Stomach Ache,4,2,34,6,,,,,,,,,,,,,kiwi,mango,stomach ache,m,1.10027451278,,,,,,,,,,2017_Oct_03_1003,60.0123073185,Exp13,001,034,
B,E,Stomach Ache,4,3,35,2,,,,,,,,,,,,,orange,peach,stomach ache,m,1.56704040628,,,,,,,,,,2017_Oct_03_1003,60.0123073185,Exp13,001,034,
F,I,Stomach Ache,4,4,36,5,,,,,,,,,,,,,plum,cherry,stomach ache,m,1.46692722751,,,,,,,,,,2017_Oct_03_1003,60.0123073185,Exp13,001,034,
A,D,Stomach Ache,4,5,37,1,,,,,,,,,,,,,pear,strawberry,stomach ache,m,1.58374880051,,,,,,,,,,2017_Oct_03_1003,60.0123073185,Exp13,001,034,
F, ,Stomach Ache,4,6,38,4,,,,,,,,,,,,,plum,,stomach ache,m,1.36701037927,,,,,,,,,,2017_Oct_03_1003,60.0123073185,Exp13,001,034,
A, ,Stomach Ache,4,7,39,0,,,,,,,,,,,,,pear,,stomach ache,m,1.35048851662,,,,,,,,,,2017_Oct_03_1003,60.0123073185,Exp13,001,034,
F, ,Stomach Ache,5,0,40,4,,,,,,,,,,,,,plum,,stomach ache,m,0.883675727702,,,,,,,,,,2017_Oct_03_1003,60.0123073185,Exp13,001,034,
H,J,No Stomach Ache,5,1,41,7,,,,,,,,,,,,,apple,mango,stomach ache,m,3.23387832264,,,,,,,,,,2017_Oct_03_1003,60.0123073185,Exp13,001,034,
B,E,Stomach Ache,5,2,42,2,,,,,,,,,,,,,orange,peach,stomach ache,m,1.06701625866,,,,,,,,,,2017_Oct_03_1003,60.0123073185,Exp13,001,034,
A,D,Stomach Ache,5,3,43,1,,,,,,,,,,,,,pear,strawberry,stomach ache,m,1.25041173422,,,,,,,,,,2017_Oct_03_1003,60.0123073185,Exp13,001,034,
G,J,Stomach Ache,5,4,44,6,,,,,,,,,,,,,kiwi,mango,stomach ache,m,1.25035818951,,,,,,,,,,2017_Oct_03_1003,60.0123073185,Exp13,001,034,
C,E,No Stomach Ache,5,5,45,3,,,,,,,,,,,,,banana,peach,no stomach ache,z,1.90035682468,,,,,,,,,,2017_Oct_03_1003,60.0123073185,Exp13,001,034,
F,I,Stomach Ache,5,6,46,5,,,,,,,,,,,,,plum,cherry,stomach ache,m,1.30033708655,,,,,,,,,,2017_Oct_03_1003,60.0123073185,Exp13,001,034,
A, ,Stomach Ache,5,7,47,0,,,,,,,,,,,,,pear,,stomach ache,m,0.900296980573,,,,,,,,,,2017_Oct_03_1003,60.0123073185,Exp13,001,034,
G,J,Stomach Ache,6,0,48,6,,,,,,,,,,,,,kiwi,mango,stomach ache,m,1.35032683262,,,,,,,,,,2017_Oct_03_1003,60.0123073185,Exp13,001,034,
F, ,Stomach Ache,6,1,49,4,,,,,,,,,,,,,plum,,stomach ache,m,0.817113024066,,,,,,,,,,2017_Oct_03_1003,60.0123073185,Exp13,001,034,
H,J,No Stomach Ache,6,2,50,7,,,,,,,,,,,,,apple,mango,no stomach ache,z,1.88373977138,,,,,,,,,,2017_Oct_03_1003,60.0123073185,Exp13,001,034,
C,E,No Stomach Ache,6,3,51,3,,,,,,,,,,,,,banana,peach,no stomach ache,z,2.13371684868,,,,,,,,,,2017_Oct_03_1003,60.0123073185,Exp13,001,034,
F,I,Stomach Ache,6,4,52,5,,,,,,,,,,,,,plum,cherry,stomach ache,m,0.933709919394,,,,,,,,,,2017_Oct_03_1003,60.0123073185,Exp13,001,034,
A,D,Stomach Ache,6,5,53,1,,,,,,,,,,,,,pear,strawberry,stomach ache,m,1.06703725661,,,,,,,,,,2017_Oct_03_1003,60.0123073185,Exp13,001,034,
A, ,Stomach Ache,6,6,54,0,,,,,,,,,,,,,pear,,stomach ache,m,1.30035283504,,,,,,,,,,2017_Oct_03_1003,60.0123073185,Exp13,001,034,
B,E,Stomach Ache,6,7,55,2,,,,,,,,,,,,,orange,peach,stomach ache,m,1.88380276517,,,,,,,,,,2017_Oct_03_1003,60.0123073185,Exp13,001,034,
F,I,Stomach Ache,7,0,56,5,,,,,,,,,,,,,plum,cherry,stomach ache,m,1.30031398888,,,,,,,,,,2017_Oct_03_1003,60.0123073185,Exp13,001,034,
A, ,Stomach Ache,7,1,57,0,,,,,,,,,,,,,pear,,stomach ache,m,1.15039829549,,,,,,,,,,2017_Oct_03_1003,60.0123073185,Exp13,001,034,
C,E,No Stomach Ache,7,2,58,3,,,,,,,,,,,,,banana,peach,no stomach ache,z,1.41715026041,,,,,,,,,,2017_Oct_03_1003,60.0123073185,Exp13,001,034,
F, ,Stomach Ache,7,3,59,4,,,,,,,,,,,,,plum,,stomach ache,m,0.817037781526,,,,,,,,,,2017_Oct_03_1003,60.0123073185,Exp13,001,034,
B,E,Stomach Ache,7,4,60,2,,,,,,,,,,,,,orange,peach,stomach ache,m,1.6670545449,,,,,,,,,,2017_Oct_03_1003,60.0123073185,Exp13,001,034,
G,J,Stomach Ache,7,5,61,6,,,,,,,,,,,,,kiwi,mango,stomach ache,m,1.58363821148,,,,,,,,,,2017_Oct_03_1003,60.0123073185,Exp13,001,034,
A,D,Stomach Ache,7,6,62,1,,,,,,,,,,,,,pear,strawberry,stomach ache,m,1.31700418488,,,,,,,,,,2017_Oct_03_1003,60.0123073185,Exp13,001,034,
H,J,No Stomach Ache,7,7,63,7,,,,,,,,,,,,,apple,mango,no stomach ache,z,1.28367733757,,,,,,,,,,2017_Oct_03_1003,60.0123073185,Exp13,001,034,
B,E,Stomach Ache,8,0,64,2,,,,,,,,,,,,,orange,peach,stomach ache,m,1.30040707963,,,,,,,,,,2017_Oct_03_1003,60.0123073185,Exp13,001,034,
A,D,Stomach Ache,8,1,65,1,,,,,,,,,,,,,pear,strawberry,stomach ache,m,1.68383188226,,,,,,,,,,2017_Oct_03_1003,60.0123073185,Exp13,001,034,
F,I,Stomach Ache,8,2,66,5,,,,,,,,,,,,,plum,cherry,stomach ache,m,1.10031790851,,,,,,,,,,2017_Oct_03_1003,60.0123073185,Exp13,001,034,
C,E,No Stomach Ache,8,3,67,3,,,,,,,,,,,,,banana,peach,no stomach ache,z,1.58377329807,,,,,,,,,,2017_Oct_03_1003,60.0123073185,Exp13,001,034,
F, ,Stomach Ache,8,4,68,4,,,,,,,,,,,,,plum,,stomach ache,m,1.00032861746,,,,,,,,,,2017_Oct_03_1003,60.0123073185,Exp13,001,034,
G,J,Stomach Ache,8,5,69,6,,,,,,,,,,,,,kiwi,mango,stomach ache,m,1.58374215115,,,,,,,,,,2017_Oct_03_1003,60.0123073185,Exp13,001,034,
A, ,Stomach Ache,8,6,70,0,,,,,,,,,,,,,pear,,stomach ache,m,0.983733961941,,,,,,,,,,2017_Oct_03_1003,60.0123073185,Exp13,001,034,
H,J,No Stomach Ache,8,7,71,7,,,,,,,,,,,,,apple,mango,no stomach ache,z,1.95041131426,,,,,,,,,,2017_Oct_03_1003,60.0123073185,Exp13,001,034,
B,E,Stomach Ache,9,0,72,2,,,,,,,,,,,,,orange,peach,stomach ache,m,1.38360433478,,,,,,,,,,2017_Oct_03_1003,60.0123073185,Exp13,001,034,
F,I,Stomach Ache,9,1,73,5,,,,,,,,,,,,,plum,cherry,stomach ache,m,0.917038971442,,,,,,,,,,2017_Oct_03_1003,60.0123073185,Exp13,001,034,
F, ,Stomach Ache,9,2,74,4,,,,,,,,,,,,,plum,,stomach ache,m,1.3003857318,,,,,,,,,,2017_Oct_03_1003,60.0123073185,Exp13,001,034,
A,D,Stomach Ache,9,3,75,1,,,,,,,,,,,,,pear,strawberry,stomach ache,m,0.883720173326,,,,,,,,,,2017_Oct_03_1003,60.0123073185,Exp13,001,034,
A, ,Stomach Ache,9,4,76,0,,,,,,,,,,,,,pear,,stomach ache,m,1.00040910946,,,,,,,,,,2017_Oct_03_1003,60.0123073185,Exp13,001,034,
H,J,No Stomach Ache,9,5,77,7,,,,,,,,,,,,,apple,mango,no stomach ache,z,1.51699816546,,,,,,,,,,2017_Oct_03_1003,60.0123073185,Exp13,001,034,
G,J,Stomach Ache,9,6,78,6,,,,,,,,,,,,,kiwi,mango,stomach ache,m,1.00029117119,,,,,,,,,,2017_Oct_03_1003,60.0123073185,Exp13,001,034,
C,E,No Stomach Ache,9,7,79,3,,,,,,,,,,,,,banana,peach,no stomach ache,z,1.48370456486,,,,,,,,,,2017_Oct_03_1003,60.0123073185,Exp13,001,034,
G,J,Stomach Ache,10,0,80,6,,,,,,,,,,,,,kiwi,mango,stomach ache,m,1.11712709267,,,,,,,,,,2017_Oct_03_1003,60.0123073185,Exp13,001,034,
H,J,No Stomach Ache,10,1,81,7,,,,,,,,,,,,,apple,mango,no stomach ache,z,1.45031297399,,,,,,,,,,2017_Oct_03_1003,60.0123073185,Exp13,001,034,
A,D,Stomach Ache,10,2,82,1,,,,,,,,,,,,,pear,strawberry,stomach ache,m,0.733603599831,,,,,,,,,,2017_Oct_03_1003,60.0123073185,Exp13,001,034,
F, ,Stomach Ache,10,3,83,4,,,,,,,,,,,,,plum,,stomach ache,m,0.650315353763,,,,,,,,,,2017_Oct_03_1003,60.0123073185,Exp13,001,034,
A, ,Stomach Ache,10,4,84,0,,,,,,,,,,,,,pear,,stomach ache,m,0.800318888389,,,,,,,,,,2017_Oct_03_1003,60.0123073185,Exp13,001,034,
B,E,Stomach Ache,10,5,85,2,,,,,,,,,,,,,orange,peach,stomach ache,m,1.30048267217,,,,,,,,,,2017_Oct_03_1003,60.0123073185,Exp13,001,034,
C,E,No Stomach Ache,10,6,86,3,,,,,,,,,,,,,banana,peach,no stomach ache,z,0.93369102123,,,,,,,,,,2017_Oct_03_1003,60.0123073185,Exp13,001,034,
F,I,Stomach Ache,10,7,87,5,,,,,,,,,,,,,plum,cherry,stomach ache,m,0.666945355712,,,,,,,,,,2017_Oct_03_1003,60.0123073185,Exp13,001,034,
C,E,No Stomach Ache,11,0,88,3,,,,,,,,,,,,,banana,peach,no stomach ache,z,1.51711190416,,,,,,,,,,2017_Oct_03_1003,60.0123073185,Exp13,001,034,
B,E,Stomach Ache,11,1,89,2,,,,,,,,,,,,,orange,peach,stomach ache,m,0.983876047889,,,,,,,,,,2017_Oct_03_1003,60.0123073185,Exp13,001,034,
A, ,Stomach Ache,11,2,90,0,,,,,,,,,,,,,pear,,stomach ache,m,1.53357042314,,,,,,,,,,2017_Oct_03_1003,60.0123073185,Exp13,001,034,
G,J,Stomach Ache,11,3,91,6,,,,,,,,,,,,,kiwi,mango,stomach ache,m,1.08369385597,,,,,,,,,,2017_Oct_03_1003,60.0123073185,Exp13,001,034,
F,I,Stomach Ache,11,4,92,5,,,,,,,,,,,,,plum,cherry,stomach ache,m,2.31706437888,,,,,,,,,,2017_Oct_03_1003,60.0123073185,Exp13,001,034,
H,J,No Stomach Ache,11,5,93,7,,,,,,,,,,,,,apple,mango,no stomach ache,z,1.48367726762,,,,,,,,,,2017_Oct_03_1003,60.0123073185,Exp13,001,034,
F, ,Stomach Ache,11,6,94,4,,,,,,,,,,,,,plum,,stomach ache,m,0.850377227645,,,,,,,,,,2017_Oct_03_1003,60.0123073185,Exp13,001,034,
A,D,Stomach Ache,11,7,95,1,,,,,,,,,,,,,pear,strawberry,stomach ache,m,1.21708173718,,,,,,,,,,2017_Oct_03_1003,60.0123073185,Exp13,001,034,
D,C,Stomach Ache,,,,,0,0,0,0,,,,,,,,,strawberry,banana,no stomach ache,,,z,3.9838473507,,,,,,,,2017_Oct_03_1003,60.0123073185,Exp13,001,034,
D,C,Stomach Ache,,,,,1,0,1,0,,,,,,,,,strawberry,banana,stomach ache,,,m,0.783626942546,,,,,,,,2017_Oct_03_1003,60.0123073185,Exp13,001,034,
D,C,Stomach Ache,,,,,2,0,2,0,,,,,,,,,strawberry,banana,stomach ache,,,m,1.55034881044,,,,,,,,2017_Oct_03_1003,60.0123073185,Exp13,001,034,
D,C,Stomach Ache,,,,,3,0,3,0,,,,,,,,,strawberry,banana,stomach ache,,,m,1.26674601552,,,,,,,,2017_Oct_03_1003,60.0123073185,Exp13,001,034,
D,C,Stomach Ache,,,,,4,0,4,0,,,,,,,,,strawberry,banana,stomach ache,,,m,1.01744822087,,,,,,,,2017_Oct_03_1003,60.0123073185,Exp13,001,034,
D,C,Stomach Ache,,,,,5,0,5,0,,,,,,,,,strawberry,banana,stomach ache,,,m,0.917005374795,,,,,,,,2017_Oct_03_1003,60.0123073185,Exp13,001,034,
,,,,,,,,,,,,,,,,,,,,,,,,,,space,8.90069489117,,,,,,2017_Oct_03_1003,60.0123073185,Exp13,001,034,
I,C,,,,,,,,,,0,0,0,10,,,,,cherry,banana,,,,,,,,2,16.77,"[(None, 0.0), (u'2', 16.77)]",,,2017_Oct_03_1003,60.0123073185,Exp13,001,034,
A, ,,,,,,,,,,0,1,1,0,,,,,pear,,,,,,,,,10,3.103,"[(None, 0.0), (u'10', 3.103)]",,,2017_Oct_03_1003,60.0123073185,Exp13,001,034,
E, ,,,,,,,,,,0,2,2,4,,,,,peach,,,,,,,,,0,3.07,"[(None, 0.0), (u'0', 3.07)]",,,2017_Oct_03_1003,60.0123073185,Exp13,001,034,
I, ,,,,,,,,,,0,3,3,8,,,,,cherry,,,,,,,,,5,3.087,"[(None, 0.0), (u'5', 3.087)]",,,2017_Oct_03_1003,60.0123073185,Exp13,001,034,
C, ,,,,,,,,,,0,4,4,2,,,,,banana,,,,,,,,,0,2.087,"[(None, 0.0), (u'0', 2.087)]",,,2017_Oct_03_1003,60.0123073185,Exp13,001,034,
D, ,,,,,,,,,,0,5,5,3,,,,,strawberry,,,,,,,,,10,2.737,"[(None, 0.0), (u'10', 2.737)]",,,2017_Oct_03_1003,60.0123073185,Exp13,001,034,
D,H,,,,,,,,,,0,6,6,11,,,,,strawberry,apple,,,,,,,,10,5.003,"[(None, 0.0), (u'10', 5.003)]",,,2017_Oct_03_1003,60.0123073185,Exp13,001,034,
B, ,,,,,,,,,,0,7,7,1,,,,,orange,,,,,,,,,10,3.47,"[(None, 0.0), (u'10', 3.47)]",,,2017_Oct_03_1003,60.0123073185,Exp13,001,034,
F, ,,,,,,,,,,0,8,8,5,,,,,plum,,,,,,,,,10,1.62,"[(None, 0.0), (u'10', 1.62)]",,,2017_Oct_03_1003,60.0123073185,Exp13,001,034,
H, ,,,,,,,,,,0,9,9,7,,,,,apple,,,,,,,,,0,1.686,"[(None, 0.0), (u'0', 1.686)]",,,2017_Oct_03_1003,60.0123073185,Exp13,001,034,
J, ,,,,,,,,,,0,10,10,9,,,,,mango,,,,,,,,,0,1.37,"[(None, 0.0), (u'0', 1.37)]",,,2017_Oct_03_1003,60.0123073185,Exp13,001,034,
G, ,,,,,,,,,,0,11,11,6,,,,,kiwi,,,,,,,,,10,1.603,"[(None, 0.0), (u'10', 1.603)]",,,2017_Oct_03_1003,60.0123073185,Exp13,001,034,
J, ,,,,,,,,,,1,0,12,9,,,,,mango,,,,,,,,,0,2.47,"[(None, 0.0), (u'0', 2.47)]",,,2017_Oct_03_1003,60.0123073185,Exp13,001,034,
F, ,,,,,,,,,,1,1,13,5,,,,,plum,,,,,,,,,10,1.62,"[(None, 0.0), (u'10', 1.62)]",,,2017_Oct_03_1003,60.0123073185,Exp13,001,034,
I,C,,,,,,,,,,1,2,14,10,,,,,cherry,banana,,,,,,,,2,4.253,"[(None, 0.0), (u'2', 4.253)]",,,2017_Oct_03_1003,60.0123073185,Exp13,001,034,
E, ,,,,,,,,,,1,3,15,4,,,,,peach,,,,,,,,,0,2.037,"[(None, 0.0), (u'0', 2.037)]",,,2017_Oct_03_1003,60.0123073185,Exp13,001,034,
A, ,,,,,,,,,,1,4,16,0,,,,,pear,,,,,,,,,10,1.637,"[(None, 0.0), (u'10', 1.637)]",,,2017_Oct_03_1003,60.0123073185,Exp13,001,034,
B, ,,,,,,,,,,1,5,17,1,,,,,orange,,,,,,,,,10,1.786,"[(None, 0.0), (u'10', 1.786)]",,,2017_Oct_03_1003,60.0123073185,Exp13,001,034,
C, ,,,,,,,,,,1,6,18,2,,,,,banana,,,,,,,,,0,1.703,"[(None, 0.0), (u'0', 1.703)]",,,2017_Oct_03_1003,60.0123073185,Exp13,001,034,
D, ,,,,,,,,,,1,7,19,3,,,,,strawberry,,,,,,,,,10,1.853,"[(None, 0.0), (u'10', 1.853)]",,,2017_Oct_03_1003,60.0123073185,Exp13,001,034,
H, ,,,,,,,,,,1,8,20,7,,,,,apple,,,,,,,,,0,1.686,"[(None, 0.0), (u'0', 1.686)]",,,2017_Oct_03_1003,60.0123073185,Exp13,001,034,
I, ,,,,,,,,,,1,9,21,8,,,,,cherry,,,,,,,,,5,5.47,"[(None, 0.0), (u'5', 5.47)]",,,2017_Oct_03_1003,60.0123073185,Exp13,001,034,
D,H,,,,,,,,,,1,10,22,11,,,,,strawberry,apple,,,,,,,,10,1.953,"[(None, 0.0), (u'10', 1.953)]",,,2017_Oct_03_1003,60.0123073185,Exp13,001,034,
G, ,,,,,,,,,,1,11,23,6,,,,,kiwi,,,,,,,,,10,1.286,"[(None, 0.0), (u'10', 1.286)]",,,2017_Oct_03_1003,60.0123073185,Exp13,001,034,
,,,,,,,,,,,,,,,,,,,,,,,,,,,,,,,space,4.13421869889,2017_Oct_03_1003,60.0123073185,Exp13,001,034,
