stim1,stim2,outcome,train_trials.thisRepN,train_trials.thisTrialN,train_trials.thisN,train_trials.thisIndex,train_trials2.thisRepN,train_trials2.thisTrialN,train_trials2.thisN,train_trials2.thisIndex,test_trials.thisRepN,test_trials.thisTrialN,test_trials.thisN,test_trials.thisIndex,start_exp.keys,start_exp.rt,start_exp2.keys,start_exp2.rt,stim.A,stim.B,pressed,key_ans.keys,key_ans.rt,key_answ.keys,key_answ.rt,start.keys,start.rt,rating.response,rating.rt,rating.history,exit_exp.keys,exit_exp.rt,date,frameRate,expName,session,participant,
,,,,,,,,,,,,,,,space,438.490527297,,,,,,,,,,,,,,,,,2017_Oct_03_0851,60.0030028763,Exp13,001,035,
,,,,,,,,,,,,,,,,,space,20.2823504132,,,,,,,,,,,,,,,2017_Oct_03_0851,60.0030028763,Exp13,001,035,
B,E,Stomach Ache,0,0,0,2,,,,,,,,,,,,,pear,banana,stomach ache,m,7.45474433067,,,,,,,,,,2017_Oct_03_0851,60.0030028763,Exp13,001,035,
F,I,Stomach Ache,0,1,1,5,,,,,,,,,,,,,apple,orange,no stomach ache,z,5.7165352953,,,,,,,,,,2017_Oct_03_0851,60.0030028763,Exp13,001,035,
A, ,Stomach Ache,0,2,2,0,,,,,,,,,,,,,cherry,,no stomach ache,z,3.14994570275,,,,,,,,,,2017_Oct_03_0851,60.0030028763,Exp13,001,035,
G,J,Stomach Ache,0,3,3,6,,,,,,,,,,,,,mango,strawberry,no stomach ache,z,4.63361681736,,,,,,,,,,2017_Oct_03_0851,60.0030028763,Exp13,001,035,
A,D,Stomach Ache,0,4,4,1,,,,,,,,,,,,,cherry,kiwi,stomach ache,m,3.93262315914,,,,,,,,,,2017_Oct_03_0851,60.0030028763,Exp13,001,035,
C,E,No Stomach Ache,0,5,5,3,,,,,,,,,,,,,peach,banana,no stomach ache,z,4.1378183334,,,,,,,,,,2017_Oct_03_0851,60.0030028763,Exp13,001,035,
F, ,Stomach Ache,0,6,6,4,,,,,,,,,,,,,apple,,stomach ache,m,2.80079659249,,,,,,,,,,2017_Oct_03_0851,60.0030028763,Exp13,001,035,
H,J,No Stomach Ache,0,7,7,7,,,,,,,,,,,,,plum,strawberry,no stomach ache,z,3.09897946432,,,,,,,,,,2017_Oct_03_0851,60.0030028763,Exp13,001,035,
F, ,Stomach Ache,1,0,8,4,,,,,,,,,,,,,apple,,stomach ache,m,1.78351177514,,,,,,,,,,2017_Oct_03_0851,60.0030028763,Exp13,001,035,
H,J,No Stomach Ache,1,1,9,7,,,,,,,,,,,,,plum,strawberry,no stomach ache,z,2.63475385669,,,,,,,,,,2017_Oct_03_0851,60.0030028763,Exp13,001,035,
G,J,Stomach Ache,1,2,10,6,,,,,,,,,,,,,mango,strawberry,no stomach ache,z,2.36742258142,,,,,,,,,,2017_Oct_03_0851,60.0030028763,Exp13,001,035,
C,E,No Stomach Ache,1,3,11,3,,,,,,,,,,,,,peach,banana,no stomach ache,z,2.70050615573,,,,,,,,,,2017_Oct_03_0851,60.0030028763,Exp13,001,035,
F,I,Stomach Ache,1,4,12,5,,,,,,,,,,,,,apple,orange,stomach ache,m,2.05274686508,,,,,,,,,,2017_Oct_03_0851,60.0030028763,Exp13,001,035,
A,D,Stomach Ache,1,5,13,1,,,,,,,,,,,,,cherry,kiwi,stomach ache,m,2.86921143223,,,,,,,,,,2017_Oct_03_0851,60.0030028763,Exp13,001,035,
A, ,Stomach Ache,1,6,14,0,,,,,,,,,,,,,cherry,,stomach ache,m,2.38358190825,,,,,,,,,,2017_Oct_03_0851,60.0030028763,Exp13,001,035,
B,E,Stomach Ache,1,7,15,2,,,,,,,,,,,,,pear,banana,no stomach ache,z,3.16628281237,,,,,,,,,,2017_Oct_03_0851,60.0030028763,Exp13,001,035,
G,J,Stomach Ache,2,0,16,6,,,,,,,,,,,,,mango,strawberry,stomach ache,m,3.5725239648,,,,,,,,,,2017_Oct_03_0851,60.0030028763,Exp13,001,035,
A, ,Stomach Ache,2,1,17,0,,,,,,,,,,,,,cherry,,no stomach ache,z,6.31699004106,,,,,,,,,,2017_Oct_03_0851,60.0030028763,Exp13,001,035,
H,J,No Stomach Ache,2,2,18,7,,,,,,,,,,,,,plum,strawberry,stomach ache,m,2.03270326636,,,,,,,,,,2017_Oct_03_0851,60.0030028763,Exp13,001,035,
A,D,Stomach Ache,2,3,19,1,,,,,,,,,,,,,cherry,kiwi,stomach ache,m,5.34762605856,,,,,,,,,,2017_Oct_03_0851,60.0030028763,Exp13,001,035,
B,E,Stomach Ache,2,4,20,2,,,,,,,,,,,,,pear,banana,stomach ache,m,3.91695378453,,,,,,,,,,2017_Oct_03_0851,60.0030028763,Exp13,001,035,
F, ,Stomach Ache,2,5,21,4,,,,,,,,,,,,,apple,,stomach ache,m,1.21694283059,,,,,,,,,,2017_Oct_03_0851,60.0030028763,Exp13,001,035,
C,E,No Stomach Ache,2,6,22,3,,,,,,,,,,,,,peach,banana,stomach ache,m,3.54860379343,,,,,,,,,,2017_Oct_03_0851,60.0030028763,Exp13,001,035,
F,I,Stomach Ache,2,7,23,5,,,,,,,,,,,,,apple,orange,stomach ache,m,2.93221859849,,,,,,,,,,2017_Oct_03_0851,60.0030028763,Exp13,001,035,
G,J,Stomach Ache,3,0,24,6,,,,,,,,,,,,,mango,strawberry,no stomach ache,z,2.61462696607,,,,,,,,,,2017_Oct_03_0851,60.0030028763,Exp13,001,035,
C,E,No Stomach Ache,3,1,25,3,,,,,,,,,,,,,peach,banana,no stomach ache,z,4.04936549423,,,,,,,,,,2017_Oct_03_0851,60.0030028763,Exp13,001,035,
A, ,Stomach Ache,3,2,26,0,,,,,,,,,,,,,cherry,,stomach ache,m,1.16690820147,,,,,,,,,,2017_Oct_03_0851,60.0030028763,Exp13,001,035,
F, ,Stomach Ache,3,3,27,4,,,,,,,,,,,,,apple,,stomach ache,m,2.21920431044,,,,,,,,,,2017_Oct_03_0851,60.0030028763,Exp13,001,035,
A,D,Stomach Ache,3,4,28,1,,,,,,,,,,,,,cherry,kiwi,stomach ache,m,5.99968958017,,,,,,,,,,2017_Oct_03_0851,60.0030028763,Exp13,001,035,
H,J,No Stomach Ache,3,5,29,7,,,,,,,,,,,,,plum,strawberry,stomach ache,m,2.39841276454,,,,,,,,,,2017_Oct_03_0851,60.0030028763,Exp13,001,035,
B,E,Stomach Ache,3,6,30,2,,,,,,,,,,,,,pear,banana,stomach ache,m,1.59985875373,,,,,,,,,,2017_Oct_03_0851,60.0030028763,Exp13,001,035,
F,I,Stomach Ache,3,7,31,5,,,,,,,,,,,,,apple,orange,stomach ache,m,1.64834198391,,,,,,,,,,2017_Oct_03_0851,60.0030028763,Exp13,001,035,
F, ,Stomach Ache,4,0,32,4,,,,,,,,,,,,,apple,,stomach ache,m,0.720632696408,,,,,,,,,,2017_Oct_03_0851,60.0030028763,Exp13,001,035,
B,E,Stomach Ache,4,1,33,2,,,,,,,,,,,,,pear,banana,no stomach ache,z,1.44951338985,,,,,,,,,,2017_Oct_03_0851,60.0030028763,Exp13,001,035,
C,E,No Stomach Ache,4,2,34,3,,,,,,,,,,,,,peach,banana,no stomach ache,z,1.86715923203,,,,,,,,,,2017_Oct_03_0851,60.0030028763,Exp13,001,035,
G,J,Stomach Ache,4,3,35,6,,,,,,,,,,,,,mango,strawberry,no stomach ache,z,2.21347256843,,,,,,,,,,2017_Oct_03_0851,60.0030028763,Exp13,001,035,
H,J,No Stomach Ache,4,4,36,7,,,,,,,,,,,,,plum,strawberry,stomach ache,m,1.70018698677,,,,,,,,,,2017_Oct_03_0851,60.0030028763,Exp13,001,035,
A, ,Stomach Ache,4,5,37,0,,,,,,,,,,,,,cherry,,stomach ache,m,2.05513678241,,,,,,,,,,2017_Oct_03_0851,60.0030028763,Exp13,001,035,
F,I,Stomach Ache,4,6,38,5,,,,,,,,,,,,,apple,orange,stomach ache,m,1.55046421231,,,,,,,,,,2017_Oct_03_0851,60.0030028763,Exp13,001,035,
A,D,Stomach Ache,4,7,39,1,,,,,,,,,,,,,cherry,kiwi,stomach ache,m,2.24892271735,,,,,,,,,,2017_Oct_03_0851,60.0030028763,Exp13,001,035,
C,E,No Stomach Ache,5,0,40,3,,,,,,,,,,,,,peach,banana,stomach ache,m,8.57090642228,,,,,,,,,,2017_Oct_03_0851,60.0030028763,Exp13,001,035,
A, ,Stomach Ache,5,1,41,0,,,,,,,,,,,,,cherry,,stomach ache,m,0.717468304501,,,,,,,,,,2017_Oct_03_0851,60.0030028763,Exp13,001,035,
F, ,Stomach Ache,5,2,42,4,,,,,,,,,,,,,apple,,stomach ache,m,0.76738989458,,,,,,,,,,2017_Oct_03_0851,60.0030028763,Exp13,001,035,
H,J,No Stomach Ache,5,3,43,7,,,,,,,,,,,,,plum,strawberry,no stomach ache,z,1.52005077305,,,,,,,,,,2017_Oct_03_0851,60.0030028763,Exp13,001,035,
B,E,Stomach Ache,5,4,44,2,,,,,,,,,,,,,pear,banana,stomach ache,m,1.35231070255,,,,,,,,,,2017_Oct_03_0851,60.0030028763,Exp13,001,035,
A,D,Stomach Ache,5,5,45,1,,,,,,,,,,,,,cherry,kiwi,stomach ache,m,2.17002044851,,,,,,,,,,2017_Oct_03_0851,60.0030028763,Exp13,001,035,
F,I,Stomach Ache,5,6,46,5,,,,,,,,,,,,,apple,orange,stomach ache,m,0.816884526343,,,,,,,,,,2017_Oct_03_0851,60.0030028763,Exp13,001,035,
G,J,Stomach Ache,5,7,47,6,,,,,,,,,,,,,mango,strawberry,no stomach ache,z,1.46418536152,,,,,,,,,,2017_Oct_03_0851,60.0030028763,Exp13,001,035,
G,J,Stomach Ache,6,0,48,6,,,,,,,,,,,,,mango,strawberry,stomach ache,m,1.51688533119,,,,,,,,,,2017_Oct_03_0851,60.0030028763,Exp13,001,035,
C,E,No Stomach Ache,6,1,49,3,,,,,,,,,,,,,peach,banana,stomach ache,m,1.66641247476,,,,,,,,,,2017_Oct_03_0851,60.0030028763,Exp13,001,035,
B,E,Stomach Ache,6,2,50,2,,,,,,,,,,,,,pear,banana,stomach ache,m,1.46726926131,,,,,,,,,,2017_Oct_03_0851,60.0030028763,Exp13,001,035,
A, ,Stomach Ache,6,3,51,0,,,,,,,,,,,,,cherry,,stomach ache,m,0.736901912605,,,,,,,,,,2017_Oct_03_0851,60.0030028763,Exp13,001,035,
F,I,Stomach Ache,6,4,52,5,,,,,,,,,,,,,apple,orange,stomach ache,m,0.935307047854,,,,,,,,,,2017_Oct_03_0851,60.0030028763,Exp13,001,035,
H,J,No Stomach Ache,6,5,53,7,,,,,,,,,,,,,plum,strawberry,stomach ache,m,2.38671130367,,,,,,,,,,2017_Oct_03_0851,60.0030028763,Exp13,001,035,
A,D,Stomach Ache,6,6,54,1,,,,,,,,,,,,,cherry,kiwi,stomach ache,m,0.783243351267,,,,,,,,,,2017_Oct_03_0851,60.0030028763,Exp13,001,035,
F, ,Stomach Ache,6,7,55,4,,,,,,,,,,,,,apple,,stomach ache,m,0.866855811619,,,,,,,,,,2017_Oct_03_0851,60.0030028763,Exp13,001,035,
F, ,Stomach Ache,7,0,56,4,,,,,,,,,,,,,apple,,stomach ache,m,0.838623709977,,,,,,,,,,2017_Oct_03_0851,60.0030028763,Exp13,001,035,
H,J,No Stomach Ache,7,1,57,7,,,,,,,,,,,,,plum,strawberry,no stomach ache,z,1.5005671198,,,,,,,,,,2017_Oct_03_0851,60.0030028763,Exp13,001,035,
B,E,Stomach Ache,7,2,58,2,,,,,,,,,,,,,pear,banana,stomach ache,m,2.25545728125,,,,,,,,,,2017_Oct_03_0851,60.0030028763,Exp13,001,035,
F,I,Stomach Ache,7,3,59,5,,,,,,,,,,,,,apple,orange,stomach ache,m,0.78463481582,,,,,,,,,,2017_Oct_03_0851,60.0030028763,Exp13,001,035,
C,E,No Stomach Ache,7,4,60,3,,,,,,,,,,,,,peach,banana,no stomach ache,z,0.782923832419,,,,,,,,,,2017_Oct_03_0851,60.0030028763,Exp13,001,035,
G,J,Stomach Ache,7,5,61,6,,,,,,,,,,,,,mango,strawberry,no stomach ache,z,1.331227705,,,,,,,,,,2017_Oct_03_0851,60.0030028763,Exp13,001,035,
A,D,Stomach Ache,7,6,62,1,,,,,,,,,,,,,cherry,kiwi,stomach ache,m,0.899842900282,,,,,,,,,,2017_Oct_03_0851,60.0030028763,Exp13,001,035,
A, ,Stomach Ache,7,7,63,0,,,,,,,,,,,,,cherry,,stomach ache,m,0.866996497905,,,,,,,,,,2017_Oct_03_0851,60.0030028763,Exp13,001,035,
A,D,Stomach Ache,8,0,64,1,,,,,,,,,,,,,cherry,kiwi,stomach ache,m,0.833939765987,,,,,,,,,,2017_Oct_03_0851,60.0030028763,Exp13,001,035,
A, ,Stomach Ache,8,1,65,0,,,,,,,,,,,,,cherry,,stomach ache,m,0.950381830335,,,,,,,,,,2017_Oct_03_0851,60.0030028763,Exp13,001,035,
F, ,Stomach Ache,8,2,66,4,,,,,,,,,,,,,apple,,stomach ache,m,0.686412327748,,,,,,,,,,2017_Oct_03_0851,60.0030028763,Exp13,001,035,
F,I,Stomach Ache,8,3,67,5,,,,,,,,,,,,,apple,orange,stomach ache,m,0.866726324195,,,,,,,,,,2017_Oct_03_0851,60.0030028763,Exp13,001,035,
G,J,Stomach Ache,8,4,68,6,,,,,,,,,,,,,mango,strawberry,no stomach ache,z,1.49764035473,,,,,,,,,,2017_Oct_03_0851,60.0030028763,Exp13,001,035,
C,E,No Stomach Ache,8,5,69,3,,,,,,,,,,,,,peach,banana,no stomach ache,z,2.05437070702,,,,,,,,,,2017_Oct_03_0851,60.0030028763,Exp13,001,035,
B,E,Stomach Ache,8,6,70,2,,,,,,,,,,,,,pear,banana,stomach ache,m,1.05284730531,,,,,,,,,,2017_Oct_03_0851,60.0030028763,Exp13,001,035,
H,J,No Stomach Ache,8,7,71,7,,,,,,,,,,,,,plum,strawberry,stomach ache,m,0.965716637438,,,,,,,,,,2017_Oct_03_0851,60.0030028763,Exp13,001,035,
F, ,Stomach Ache,9,0,72,4,,,,,,,,,,,,,apple,,stomach ache,m,0.689332793467,,,,,,,,,,2017_Oct_03_0851,60.0030028763,Exp13,001,035,
F,I,Stomach Ache,9,1,73,5,,,,,,,,,,,,,apple,orange,stomach ache,m,0.767359097605,,,,,,,,,,2017_Oct_03_0851,60.0030028763,Exp13,001,035,
A, ,Stomach Ache,9,2,74,0,,,,,,,,,,,,,cherry,,stomach ache,m,0.817591107509,,,,,,,,,,2017_Oct_03_0851,60.0030028763,Exp13,001,035,
A,D,Stomach Ache,9,3,75,1,,,,,,,,,,,,,cherry,kiwi,stomach ache,m,1.25014479843,,,,,,,,,,2017_Oct_03_0851,60.0030028763,Exp13,001,035,
G,J,Stomach Ache,9,4,76,6,,,,,,,,,,,,,mango,strawberry,no stomach ache,z,3.96499675757,,,,,,,,,,2017_Oct_03_0851,60.0030028763,Exp13,001,035,
B,E,Stomach Ache,9,5,77,2,,,,,,,,,,,,,pear,banana,stomach ache,m,1.05016411655,,,,,,,,,,2017_Oct_03_0851,60.0030028763,Exp13,001,035,
C,E,No Stomach Ache,9,6,78,3,,,,,,,,,,,,,peach,banana,stomach ache,m,1.15086681308,,,,,,,,,,2017_Oct_03_0851,60.0030028763,Exp13,001,035,
H,J,No Stomach Ache,9,7,79,7,,,,,,,,,,,,,plum,strawberry,no stomach ache,z,2.23259680672,,,,,,,,,,2017_Oct_03_0851,60.0030028763,Exp13,001,035,
G,J,Stomach Ache,10,0,80,6,,,,,,,,,,,,,mango,strawberry,no stomach ache,z,1.10313181009,,,,,,,,,,2017_Oct_03_0851,60.0030028763,Exp13,001,035,
F, ,Stomach Ache,10,1,81,4,,,,,,,,,,,,,apple,,stomach ache,m,1.36940058885,,,,,,,,,,2017_Oct_03_0851,60.0030028763,Exp13,001,035,
F,I,Stomach Ache,10,2,82,5,,,,,,,,,,,,,apple,orange,stomach ache,m,0.650273795822,,,,,,,,,,2017_Oct_03_0851,60.0030028763,Exp13,001,035,
A,D,Stomach Ache,10,3,83,1,,,,,,,,,,,,,cherry,kiwi,stomach ache,m,0.681538352219,,,,,,,,,,2017_Oct_03_0851,60.0030028763,Exp13,001,035,
H,J,No Stomach Ache,10,4,84,7,,,,,,,,,,,,,plum,strawberry,no stomach ache,z,0.898787753016,,,,,,,,,,2017_Oct_03_0851,60.0030028763,Exp13,001,035,
C,E,No Stomach Ache,10,5,85,3,,,,,,,,,,,,,peach,banana,no stomach ache,z,3.32086451387,,,,,,,,,,2017_Oct_03_0851,60.0030028763,Exp13,001,035,
B,E,Stomach Ache,10,6,86,2,,,,,,,,,,,,,pear,banana,stomach ache,m,1.41706594866,,,,,,,,,,2017_Oct_03_0851,60.0030028763,Exp13,001,035,
A, ,Stomach Ache,10,7,87,0,,,,,,,,,,,,,cherry,,stomach ache,m,0.63587759732,,,,,,,,,,2017_Oct_03_0851,60.0030028763,Exp13,001,035,
B,E,Stomach Ache,11,0,88,2,,,,,,,,,,,,,pear,banana,stomach ache,m,1.08306266385,,,,,,,,,,2017_Oct_03_0851,60.0030028763,Exp13,001,035,
C,E,No Stomach Ache,11,1,89,3,,,,,,,,,,,,,peach,banana,no stomach ache,z,1.1841891692,,,,,,,,,,2017_Oct_03_0851,60.0030028763,Exp13,001,035,
F,I,Stomach Ache,11,2,90,5,,,,,,,,,,,,,apple,orange,stomach ache,m,0.699205682322,,,,,,,,,,2017_Oct_03_0851,60.0030028763,Exp13,001,035,
A, ,Stomach Ache,11,3,91,0,,,,,,,,,,,,,cherry,,stomach ache,m,0.73353664024,,,,,,,,,,2017_Oct_03_0851,60.0030028763,Exp13,001,035,
H,J,No Stomach Ache,11,4,92,7,,,,,,,,,,,,,plum,strawberry,stomach ache,m,1.13227732282,,,,,,,,,,2017_Oct_03_0851,60.0030028763,Exp13,001,035,
G,J,Stomach Ache,11,5,93,6,,,,,,,,,,,,,mango,strawberry,stomach ache,m,1.18434385408,,,,,,,,,,2017_Oct_03_0851,60.0030028763,Exp13,001,035,
F, ,Stomach Ache,11,6,94,4,,,,,,,,,,,,,apple,,stomach ache,m,0.950719197514,,,,,,,,,,2017_Oct_03_0851,60.0030028763,Exp13,001,035,
A,D,Stomach Ache,11,7,95,1,,,,,,,,,,,,,cherry,kiwi,stomach ache,m,2.43488971348,,,,,,,,,,2017_Oct_03_0851,60.0030028763,Exp13,001,035,
D,C,Stomach Ache,,,,,0,0,0,0,,,,,,,,,kiwi,peach,no stomach ache,,,z,2.13363099098,,,,,,,,2017_Oct_03_0851,60.0030028763,Exp13,001,035,
D,C,Stomach Ache,,,,,1,0,1,0,,,,,,,,,kiwi,peach,stomach ache,,,m,1.0839540271,,,,,,,,2017_Oct_03_0851,60.0030028763,Exp13,001,035,
D,C,Stomach Ache,,,,,2,0,2,0,,,,,,,,,kiwi,peach,stomach ache,,,m,0.605683586735,,,,,,,,2017_Oct_03_0851,60.0030028763,Exp13,001,035,
D,C,Stomach Ache,,,,,3,0,3,0,,,,,,,,,kiwi,peach,no stomach ache,,,z,1.31754123734,,,,,,,,2017_Oct_03_0851,60.0030028763,Exp13,001,035,
D,C,Stomach Ache,,,,,4,0,4,0,,,,,,,,,kiwi,peach,stomach ache,,,m,1.38414010394,,,,,,,,2017_Oct_03_0851,60.0030028763,Exp13,001,035,
D,C,Stomach Ache,,,,,5,0,5,0,,,,,,,,,kiwi,peach,stomach ache,,,m,0.600446346565,,,,,,,,2017_Oct_03_0851,60.0030028763,Exp13,001,035,
,,,,,,,,,,,,,,,,,,,,,,,,,,space,11.3162271153,,,,,,2017_Oct_03_0851,60.0030028763,Exp13,001,035,
B, ,,,,,,,,,,0,0,0,1,,,,,pear,,,,,,,,,3,6.121,"[(None, 0.0), (u'3', 6.121)]",,,2017_Oct_03_0851,60.0030028763,Exp13,001,035,
D,H,,,,,,,,,,0,1,1,11,,,,,kiwi,plum,,,,,,,,7,6.005,"[(None, 0.0), (u'7', 6.005)]",,,2017_Oct_03_0851,60.0030028763,Exp13,001,035,
I, ,,,,,,,,,,0,2,2,8,,,,,orange,,,,,,,,,8,3.286,"[(None, 0.0), (u'8', 3.286)]",,,2017_Oct_03_0851,60.0030028763,Exp13,001,035,
A, ,,,,,,,,,,0,3,3,0,,,,,cherry,,,,,,,,,10,2.209,"[(None, 0.0), (u'10', 2.209)]",,,2017_Oct_03_0851,60.0030028763,Exp13,001,035,
E, ,,,,,,,,,,0,4,4,4,,,,,banana,,,,,,,,,9,6.703,"[(None, 0.0), (u'9', 6.703)]",,,2017_Oct_03_0851,60.0030028763,Exp13,001,035,
H, ,,,,,,,,,,0,5,5,7,,,,,plum,,,,,,,,,3,3.27,"[(None, 0.0), (u'3', 3.27)]",,,2017_Oct_03_0851,60.0030028763,Exp13,001,035,
J, ,,,,,,,,,,0,6,6,9,,,,,strawberry,,,,,,,,,6,2.156,"[(None, 0.0), (u'6', 2.156)]",,,2017_Oct_03_0851,60.0030028763,Exp13,001,035,
I,C,,,,,,,,,,0,7,7,10,,,,,orange,peach,,,,,,,,7,5.003,"[(None, 0.0), (u'7', 5.003)]",,,2017_Oct_03_0851,60.0030028763,Exp13,001,035,
C, ,,,,,,,,,,0,8,8,2,,,,,peach,,,,,,,,,2,2.405,"[(None, 0.0), (u'2', 2.405)]",,,2017_Oct_03_0851,60.0030028763,Exp13,001,035,
F, ,,,,,,,,,,0,9,9,5,,,,,apple,,,,,,,,,10,1.669,"[(None, 0.0), (u'10', 1.669)]",,,2017_Oct_03_0851,60.0030028763,Exp13,001,035,
D, ,,,,,,,,,,0,10,10,3,,,,,kiwi,,,,,,,,,8,5.186,"[(None, 0.0), (u'8', 5.186)]",,,2017_Oct_03_0851,60.0030028763,Exp13,001,035,
G, ,,,,,,,,,,0,11,11,6,,,,,mango,,,,,,,,,5,2.103,"[(None, 0.0), (u'5', 2.103)]",,,2017_Oct_03_0851,60.0030028763,Exp13,001,035,
B, ,,,,,,,,,,1,0,12,1,,,,,pear,,,,,,,,,7,5.009,"[(None, 0.0), (u'7', 5.009)]",,,2017_Oct_03_0851,60.0030028763,Exp13,001,035,
I, ,,,,,,,,,,1,1,13,8,,,,,orange,,,,,,,,,8,2.32,"[(None, 0.0), (u'8', 2.32)]",,,2017_Oct_03_0851,60.0030028763,Exp13,001,035,
A, ,,,,,,,,,,1,2,14,0,,,,,cherry,,,,,,,,,10,1.077,"[(None, 0.0), (u'10', 1.077)]",,,2017_Oct_03_0851,60.0030028763,Exp13,001,035,
E, ,,,,,,,,,,1,3,15,4,,,,,banana,,,,,,,,,7,6.143,"[(None, 0.0), (u'7', 6.143)]",,,2017_Oct_03_0851,60.0030028763,Exp13,001,035,
F, ,,,,,,,,,,1,4,16,5,,,,,apple,,,,,,,,,10,1.403,"[(None, 0.0), (u'10', 1.403)]",,,2017_Oct_03_0851,60.0030028763,Exp13,001,035,
D, ,,,,,,,,,,1,5,17,3,,,,,kiwi,,,,,,,,,7,5.836,"[(None, 0.0), (u'7', 5.836)]",,,2017_Oct_03_0851,60.0030028763,Exp13,001,035,
C, ,,,,,,,,,,1,6,18,2,,,,,peach,,,,,,,,,4,2.203,"[(None, 0.0), (u'4', 2.203)]",,,2017_Oct_03_0851,60.0030028763,Exp13,001,035,
H, ,,,,,,,,,,1,7,19,7,,,,,plum,,,,,,,,,2,2.42,"[(None, 0.0), (u'2', 2.42)]",,,2017_Oct_03_0851,60.0030028763,Exp13,001,035,
D,H,,,,,,,,,,1,8,20,11,,,,,kiwi,plum,,,,,,,,6,5.003,"[(None, 0.0), (u'6', 5.003)]",,,2017_Oct_03_0851,60.0030028763,Exp13,001,035,
G, ,,,,,,,,,,1,9,21,6,,,,,mango,,,,,,,,,4,1.638,"[(None, 0.0), (u'4', 1.638)]",,,2017_Oct_03_0851,60.0030028763,Exp13,001,035,
I,C,,,,,,,,,,1,10,22,10,,,,,orange,peach,,,,,,,,5,3.005,"[(None, 0.0), (u'5', 3.005)]",,,2017_Oct_03_0851,60.0030028763,Exp13,001,035,
J, ,,,,,,,,,,1,11,23,9,,,,,strawberry,,,,,,,,,7,4.637,"[(None, 0.0), (u'7', 4.637)]",,,2017_Oct_03_0851,60.0030028763,Exp13,001,035,
,,,,,,,,,,,,,,,,,,,,,,,,,,,,,,,space,3.08265670337,2017_Oct_03_0851,60.0030028763,Exp13,001,035,
