stim1,stim2,outcome,train_trials.thisRepN,train_trials.thisTrialN,train_trials.thisN,train_trials.thisIndex,train_trials2.thisRepN,train_trials2.thisTrialN,train_trials2.thisN,train_trials2.thisIndex,test_trials.thisRepN,test_trials.thisTrialN,test_trials.thisN,test_trials.thisIndex,start_exp.keys,start_exp.rt,start_exp2.keys,start_exp2.rt,stim.A,stim.B,pressed,key_ans.keys,key_ans.rt,key_answ.keys,key_answ.rt,start.keys,start.rt,rating.response,rating.rt,rating.history,exit_exp.keys,exit_exp.rt,date,frameRate,expName,session,participant,
,,,,,,,,,,,,,,,space,432.591277954,,,,,,,,,,,,,,,,,2017_Oct_03_1025,59.9898806986,Exp13,001,036,
,,,,,,,,,,,,,,,,,space,26.7017543062,,,,,,,,,,,,,,,2017_Oct_03_1025,59.9898806986,Exp13,001,036,
A, ,Stomach Ache,0,0,0,0,,,,,,,,,,,,,plum,,no stomach ache,z,13.7011936617,,,,,,,,,,2017_Oct_03_1025,59.9898806986,Exp13,001,036,
H,J,No Stomach Ache,0,1,1,7,,,,,,,,,,,,,kiwi,orange,stomach ache,m,7.65075840987,,,,,,,,,,2017_Oct_03_1025,59.9898806986,Exp13,001,036,
F, ,Stomach Ache,0,2,2,4,,,,,,,,,,,,,banana,,stomach ache,m,4.18376783858,,,,,,,,,,2017_Oct_03_1025,59.9898806986,Exp13,001,036,
G,J,Stomach Ache,0,3,3,6,,,,,,,,,,,,,cherry,orange,stomach ache,m,6.33393165743,,,,,,,,,,2017_Oct_03_1025,59.9898806986,Exp13,001,036,
B,E,Stomach Ache,0,4,4,2,,,,,,,,,,,,,strawberry,pear,no stomach ache,z,4.5673669239,,,,,,,,,,2017_Oct_03_1025,59.9898806986,Exp13,001,036,
A,D,Stomach Ache,0,5,5,1,,,,,,,,,,,,,plum,apple,stomach ache,m,3.70033029723,,,,,,,,,,2017_Oct_03_1025,59.9898806986,Exp13,001,036,
C,E,No Stomach Ache,0,6,6,3,,,,,,,,,,,,,mango,pear,stomach ache,m,3.56717584288,,,,,,,,,,2017_Oct_03_1025,59.9898806986,Exp13,001,036,
F,I,Stomach Ache,0,7,7,5,,,,,,,,,,,,,banana,peach,stomach ache,m,4.86724905559,,,,,,,,,,2017_Oct_03_1025,59.9898806986,Exp13,001,036,
A,D,Stomach Ache,1,0,8,1,,,,,,,,,,,,,plum,apple,stomach ache,m,3.16736951366,,,,,,,,,,2017_Oct_03_1025,59.9898806986,Exp13,001,036,
H,J,No Stomach Ache,1,1,9,7,,,,,,,,,,,,,kiwi,orange,no stomach ache,z,4.6505718783,,,,,,,,,,2017_Oct_03_1025,59.9898806986,Exp13,001,036,
B,E,Stomach Ache,1,2,10,2,,,,,,,,,,,,,strawberry,pear,stomach ache,m,3.88385490997,,,,,,,,,,2017_Oct_03_1025,59.9898806986,Exp13,001,036,
F,I,Stomach Ache,1,3,11,5,,,,,,,,,,,,,banana,peach,stomach ache,m,2.35041572381,,,,,,,,,,2017_Oct_03_1025,59.9898806986,Exp13,001,036,
G,J,Stomach Ache,1,4,12,6,,,,,,,,,,,,,cherry,orange,stomach ache,m,2.11678762635,,,,,,,,,,2017_Oct_03_1025,59.9898806986,Exp13,001,036,
C,E,No Stomach Ache,1,5,13,3,,,,,,,,,,,,,mango,pear,stomach ache,m,3.26698084222,,,,,,,,,,2017_Oct_03_1025,59.9898806986,Exp13,001,036,
F, ,Stomach Ache,1,6,14,4,,,,,,,,,,,,,banana,,stomach ache,m,1.70035864448,,,,,,,,,,2017_Oct_03_1025,59.9898806986,Exp13,001,036,
A, ,Stomach Ache,1,7,15,0,,,,,,,,,,,,,plum,,stomach ache,m,1.10035115521,,,,,,,,,,2017_Oct_03_1025,59.9898806986,Exp13,001,036,
H,J,No Stomach Ache,2,0,16,7,,,,,,,,,,,,,kiwi,orange,no stomach ache,z,1.50038811157,,,,,,,,,,2017_Oct_03_1025,59.9898806986,Exp13,001,036,
A, ,Stomach Ache,2,1,17,0,,,,,,,,,,,,,plum,,stomach ache,m,1.40028298198,,,,,,,,,,2017_Oct_03_1025,59.9898806986,Exp13,001,036,
A,D,Stomach Ache,2,2,18,1,,,,,,,,,,,,,plum,apple,stomach ache,m,2.01701706363,,,,,,,,,,2017_Oct_03_1025,59.9898806986,Exp13,001,036,
F, ,Stomach Ache,2,3,19,4,,,,,,,,,,,,,banana,,stomach ache,m,1.38372122322,,,,,,,,,,2017_Oct_03_1025,59.9898806986,Exp13,001,036,
C,E,No Stomach Ache,2,4,20,3,,,,,,,,,,,,,mango,pear,stomach ache,m,1.56692561769,,,,,,,,,,2017_Oct_03_1025,59.9898806986,Exp13,001,036,
B,E,Stomach Ache,2,5,21,2,,,,,,,,,,,,,strawberry,pear,stomach ache,m,1.33368178213,,,,,,,,,,2017_Oct_03_1025,59.9898806986,Exp13,001,036,
F,I,Stomach Ache,2,6,22,5,,,,,,,,,,,,,banana,peach,stomach ache,m,3.66694395582,,,,,,,,,,2017_Oct_03_1025,59.9898806986,Exp13,001,036,
G,J,Stomach Ache,2,7,23,6,,,,,,,,,,,,,cherry,orange,stomach ache,m,2.65046618885,,,,,,,,,,2017_Oct_03_1025,59.9898806986,Exp13,001,036,
G,J,Stomach Ache,3,0,24,6,,,,,,,,,,,,,cherry,orange,stomach ache,m,4.06693961628,,,,,,,,,,2017_Oct_03_1025,59.9898806986,Exp13,001,036,
F,I,Stomach Ache,3,1,25,5,,,,,,,,,,,,,banana,peach,stomach ache,m,5.08379219618,,,,,,,,,,2017_Oct_03_1025,59.9898806986,Exp13,001,036,
A, ,Stomach Ache,3,2,26,0,,,,,,,,,,,,,plum,,stomach ache,m,1.63389323116,,,,,,,,,,2017_Oct_03_1025,59.9898806986,Exp13,001,036,
A,D,Stomach Ache,3,3,27,1,,,,,,,,,,,,,plum,apple,stomach ache,m,2.58354617056,,,,,,,,,,2017_Oct_03_1025,59.9898806986,Exp13,001,036,
C,E,No Stomach Ache,3,4,28,3,,,,,,,,,,,,,mango,pear,no stomach ache,z,1.46720265021,,,,,,,,,,2017_Oct_03_1025,59.9898806986,Exp13,001,036,
B,E,Stomach Ache,3,5,29,2,,,,,,,,,,,,,strawberry,pear,stomach ache,m,1.53370900941,,,,,,,,,,2017_Oct_03_1025,59.9898806986,Exp13,001,036,
H,J,No Stomach Ache,3,6,30,7,,,,,,,,,,,,,kiwi,orange,no stomach ache,z,1.21701489383,,,,,,,,,,2017_Oct_03_1025,59.9898806986,Exp13,001,036,
F, ,Stomach Ache,3,7,31,4,,,,,,,,,,,,,banana,,stomach ache,m,0.916957779496,,,,,,,,,,2017_Oct_03_1025,59.9898806986,Exp13,001,036,
F, ,Stomach Ache,4,0,32,4,,,,,,,,,,,,,banana,,stomach ache,m,0.850733842235,,,,,,,,,,2017_Oct_03_1025,59.9898806986,Exp13,001,036,
A, ,Stomach Ache,4,1,33,0,,,,,,,,,,,,,plum,,stomach ache,m,0.800117308332,,,,,,,,,,2017_Oct_03_1025,59.9898806986,Exp13,001,036,
A,D,Stomach Ache,4,2,34,1,,,,,,,,,,,,,plum,apple,stomach ache,m,1.08363856142,,,,,,,,,,2017_Oct_03_1025,59.9898806986,Exp13,001,036,
H,J,No Stomach Ache,4,3,35,7,,,,,,,,,,,,,kiwi,orange,no stomach ache,z,1.83367723256,,,,,,,,,,2017_Oct_03_1025,59.9898806986,Exp13,001,036,
G,J,Stomach Ache,4,4,36,6,,,,,,,,,,,,,cherry,orange,stomach ache,m,1.23370473983,,,,,,,,,,2017_Oct_03_1025,59.9898806986,Exp13,001,036,
C,E,No Stomach Ache,4,5,37,3,,,,,,,,,,,,,mango,pear,no stomach ache,z,1.25029799546,,,,,,,,,,2017_Oct_03_1025,59.9898806986,Exp13,001,036,
B,E,Stomach Ache,4,6,38,2,,,,,,,,,,,,,strawberry,pear,stomach ache,m,1.90040651971,,,,,,,,,,2017_Oct_03_1025,59.9898806986,Exp13,001,036,
F,I,Stomach Ache,4,7,39,5,,,,,,,,,,,,,banana,peach,stomach ache,m,1.28370428493,,,,,,,,,,2017_Oct_03_1025,59.9898806986,Exp13,001,036,
B,E,Stomach Ache,5,0,40,2,,,,,,,,,,,,,strawberry,pear,stomach ache,m,1.53386824368,,,,,,,,,,2017_Oct_03_1025,59.9898806986,Exp13,001,036,
F,I,Stomach Ache,5,1,41,5,,,,,,,,,,,,,banana,peach,stomach ache,m,1.23369844048,,,,,,,,,,2017_Oct_03_1025,59.9898806986,Exp13,001,036,
A,D,Stomach Ache,5,2,42,1,,,,,,,,,,,,,plum,apple,stomach ache,m,1.70036634372,,,,,,,,,,2017_Oct_03_1025,59.9898806986,Exp13,001,036,
F, ,Stomach Ache,5,3,43,4,,,,,,,,,,,,,banana,,stomach ache,m,1.60036270408,,,,,,,,,,2017_Oct_03_1025,59.9898806986,Exp13,001,036,
G,J,Stomach Ache,5,4,44,6,,,,,,,,,,,,,cherry,orange,stomach ache,m,1.41697982734,,,,,,,,,,2017_Oct_03_1025,59.9898806986,Exp13,001,036,
H,J,No Stomach Ache,5,5,45,7,,,,,,,,,,,,,kiwi,orange,no stomach ache,z,1.31703113223,,,,,,,,,,2017_Oct_03_1025,59.9898806986,Exp13,001,036,
C,E,No Stomach Ache,5,6,46,3,,,,,,,,,,,,,mango,pear,no stomach ache,z,0.967025567777,,,,,,,,,,2017_Oct_03_1025,59.9898806986,Exp13,001,036,
A, ,Stomach Ache,5,7,47,0,,,,,,,,,,,,,plum,,stomach ache,m,0.983634221833,,,,,,,,,,2017_Oct_03_1025,59.9898806986,Exp13,001,036,
G,J,Stomach Ache,6,0,48,6,,,,,,,,,,,,,cherry,orange,stomach ache,m,1.16700904939,,,,,,,,,,2017_Oct_03_1025,59.9898806986,Exp13,001,036,
H,J,No Stomach Ache,6,1,49,7,,,,,,,,,,,,,kiwi,orange,no stomach ache,z,0.816985986661,,,,,,,,,,2017_Oct_03_1025,59.9898806986,Exp13,001,036,
A,D,Stomach Ache,6,2,50,1,,,,,,,,,,,,,plum,apple,stomach ache,m,0.967022768047,,,,,,,,,,2017_Oct_03_1025,59.9898806986,Exp13,001,036,
A, ,Stomach Ache,6,3,51,0,,,,,,,,,,,,,plum,,stomach ache,m,0.716888206371,,,,,,,,,,2017_Oct_03_1025,59.9898806986,Exp13,001,036,
B,E,Stomach Ache,6,4,52,2,,,,,,,,,,,,,strawberry,pear,stomach ache,m,1.61704450089,,,,,,,,,,2017_Oct_03_1025,59.9898806986,Exp13,001,036,
F, ,Stomach Ache,6,5,53,4,,,,,,,,,,,,,banana,,stomach ache,m,0.817068928445,,,,,,,,,,2017_Oct_03_1025,59.9898806986,Exp13,001,036,
F,I,Stomach Ache,6,6,54,5,,,,,,,,,,,,,banana,peach,stomach ache,m,1.06698966131,,,,,,,,,,2017_Oct_03_1025,59.9898806986,Exp13,001,036,
C,E,No Stomach Ache,6,7,55,3,,,,,,,,,,,,,mango,pear,no stomach ache,z,1.50033176714,,,,,,,,,,2017_Oct_03_1025,59.9898806986,Exp13,001,036,
C,E,No Stomach Ache,7,0,56,3,,,,,,,,,,,,,mango,pear,no stomach ache,z,0.883660329215,,,,,,,,,,2017_Oct_03_1025,59.9898806986,Exp13,001,036,
F, ,Stomach Ache,7,1,57,4,,,,,,,,,,,,,banana,,stomach ache,m,0.766965443734,,,,,,,,,,2017_Oct_03_1025,59.9898806986,Exp13,001,036,
B,E,Stomach Ache,7,2,58,2,,,,,,,,,,,,,strawberry,pear,stomach ache,m,0.933637126582,,,,,,,,,,2017_Oct_03_1025,59.9898806986,Exp13,001,036,
H,J,No Stomach Ache,7,3,59,7,,,,,,,,,,,,,kiwi,orange,no stomach ache,z,0.900345625763,,,,,,,,,,2017_Oct_03_1025,59.9898806986,Exp13,001,036,
A, ,Stomach Ache,7,4,60,0,,,,,,,,,,,,,plum,,stomach ache,m,0.600375302834,,,,,,,,,,2017_Oct_03_1025,59.9898806986,Exp13,001,036,
A,D,Stomach Ache,7,5,61,1,,,,,,,,,,,,,plum,apple,stomach ache,m,0.766924847732,,,,,,,,,,2017_Oct_03_1025,59.9898806986,Exp13,001,036,
F,I,Stomach Ache,7,6,62,5,,,,,,,,,,,,,banana,peach,stomach ache,m,1.51707725762,,,,,,,,,,2017_Oct_03_1025,59.9898806986,Exp13,001,036,
G,J,Stomach Ache,7,7,63,6,,,,,,,,,,,,,cherry,orange,stomach ache,m,1.5670054098,,,,,,,,,,2017_Oct_03_1025,59.9898806986,Exp13,001,036,
G,J,Stomach Ache,8,0,64,6,,,,,,,,,,,,,cherry,orange,stomach ache,m,1.0169596693,,,,,,,,,,2017_Oct_03_1025,59.9898806986,Exp13,001,036,
A,D,Stomach Ache,8,1,65,1,,,,,,,,,,,,,plum,apple,stomach ache,m,1.06695536472,,,,,,,,,,2017_Oct_03_1025,59.9898806986,Exp13,001,036,
C,E,No Stomach Ache,8,2,66,3,,,,,,,,,,,,,mango,pear,no stomach ache,z,1.11699865543,,,,,,,,,,2017_Oct_03_1025,59.9898806986,Exp13,001,036,
H,J,No Stomach Ache,8,3,67,7,,,,,,,,,,,,,kiwi,orange,no stomach ache,z,0.800197800389,,,,,,,,,,2017_Oct_03_1025,59.9898806986,Exp13,001,036,
A, ,Stomach Ache,8,4,68,0,,,,,,,,,,,,,plum,,stomach ache,m,0.817090276338,,,,,,,,,,2017_Oct_03_1025,59.9898806986,Exp13,001,036,
B,E,Stomach Ache,8,5,69,2,,,,,,,,,,,,,strawberry,pear,stomach ache,m,0.867052725109,,,,,,,,,,2017_Oct_03_1025,59.9898806986,Exp13,001,036,
F,I,Stomach Ache,8,6,70,5,,,,,,,,,,,,,banana,peach,stomach ache,m,1.13370669965,,,,,,,,,,2017_Oct_03_1025,59.9898806986,Exp13,001,036,
F, ,Stomach Ache,8,7,71,4,,,,,,,,,,,,,banana,,stomach ache,m,0.700307549501,,,,,,,,,,2017_Oct_03_1025,59.9898806986,Exp13,001,036,
H,J,No Stomach Ache,9,0,72,7,,,,,,,,,,,,,kiwi,orange,no stomach ache,z,0.883749570407,,,,,,,,,,2017_Oct_03_1025,59.9898806986,Exp13,001,036,
F,I,Stomach Ache,9,1,73,5,,,,,,,,,,,,,banana,peach,stomach ache,m,1.98352118302,,,,,,,,,,2017_Oct_03_1025,59.9898806986,Exp13,001,036,
A, ,Stomach Ache,9,2,74,0,,,,,,,,,,,,,plum,,stomach ache,m,0.733676392643,,,,,,,,,,2017_Oct_03_1025,59.9898806986,Exp13,001,036,
G,J,Stomach Ache,9,3,75,6,,,,,,,,,,,,,cherry,orange,stomach ache,m,1.85026068916,,,,,,,,,,2017_Oct_03_1025,59.9898806986,Exp13,001,036,
C,E,No Stomach Ache,9,4,76,3,,,,,,,,,,,,,mango,pear,no stomach ache,z,0.966980072262,,,,,,,,,,2017_Oct_03_1025,59.9898806986,Exp13,001,036,
B,E,Stomach Ache,9,5,77,2,,,,,,,,,,,,,strawberry,pear,stomach ache,m,2.65038849646,,,,,,,,,,2017_Oct_03_1025,59.9898806986,Exp13,001,036,
F, ,Stomach Ache,9,6,78,4,,,,,,,,,,,,,banana,,stomach ache,m,0.933638876362,,,,,,,,,,2017_Oct_03_1025,59.9898806986,Exp13,001,036,
A,D,Stomach Ache,9,7,79,1,,,,,,,,,,,,,plum,apple,stomach ache,m,1.18365130015,,,,,,,,,,2017_Oct_03_1025,59.9898806986,Exp13,001,036,
A, ,Stomach Ache,10,0,80,0,,,,,,,,,,,,,plum,,stomach ache,m,0.71688260691,,,,,,,,,,2017_Oct_03_1025,59.9898806986,Exp13,001,036,
G,J,Stomach Ache,10,1,81,6,,,,,,,,,,,,,cherry,orange,stomach ache,m,6.00061418914,,,,,,,,,,2017_Oct_03_1025,59.9898806986,Exp13,001,036,
H,J,No Stomach Ache,10,2,82,7,,,,,,,,,,,,,kiwi,orange,no stomach ache,z,0.683605104685,,,,,,,,,,2017_Oct_03_1025,59.9898806986,Exp13,001,036,
F, ,Stomach Ache,10,3,83,4,,,,,,,,,,,,,banana,,stomach ache,m,0.566930867149,,,,,,,,,,2017_Oct_03_1025,59.9898806986,Exp13,001,036,
B,E,Stomach Ache,10,4,84,2,,,,,,,,,,,,,strawberry,pear,stomach ache,m,1.01686482871,,,,,,,,,,2017_Oct_03_1025,59.9898806986,Exp13,001,036,
A,D,Stomach Ache,10,5,85,1,,,,,,,,,,,,,plum,apple,stomach ache,m,1.8003654338,,,,,,,,,,2017_Oct_03_1025,59.9898806986,Exp13,001,036,
F,I,Stomach Ache,10,6,86,5,,,,,,,,,,,,,banana,peach,stomach ache,m,1.48369756556,,,,,,,,,,2017_Oct_03_1025,59.9898806986,Exp13,001,036,
C,E,No Stomach Ache,10,7,87,3,,,,,,,,,,,,,mango,pear,no stomach ache,z,0.833643285965,,,,,,,,,,2017_Oct_03_1025,59.9898806986,Exp13,001,036,
B,E,Stomach Ache,11,0,88,2,,,,,,,,,,,,,strawberry,pear,stomach ache,m,0.700263803825,,,,,,,,,,2017_Oct_03_1025,59.9898806986,Exp13,001,036,
G,J,Stomach Ache,11,1,89,6,,,,,,,,,,,,,cherry,orange,stomach ache,m,0.800284241792,,,,,,,,,,2017_Oct_03_1025,59.9898806986,Exp13,001,036,
F,I,Stomach Ache,11,2,90,5,,,,,,,,,,,,,banana,peach,stomach ache,m,0.783621343144,,,,,,,,,,2017_Oct_03_1025,59.9898806986,Exp13,001,036,
F, ,Stomach Ache,11,3,91,4,,,,,,,,,,,,,banana,,stomach ache,m,0.650209314306,,,,,,,,,,2017_Oct_03_1025,59.9898806986,Exp13,001,036,
A, ,Stomach Ache,11,4,92,0,,,,,,,,,,,,,plum,,stomach ache,m,0.600156924396,,,,,,,,,,2017_Oct_03_1025,59.9898806986,Exp13,001,036,
A,D,Stomach Ache,11,5,93,1,,,,,,,,,,,,,plum,apple,stomach ache,m,0.916955679713,,,,,,,,,,2017_Oct_03_1025,59.9898806986,Exp13,001,036,
H,J,No Stomach Ache,11,6,94,7,,,,,,,,,,,,,kiwi,orange,no stomach ache,z,0.733476212481,,,,,,,,,,2017_Oct_03_1025,59.9898806986,Exp13,001,036,
C,E,No Stomach Ache,11,7,95,3,,,,,,,,,,,,,mango,pear,no stomach ache,z,1.40032777755,,,,,,,,,,2017_Oct_03_1025,59.9898806986,Exp13,001,036,
D,C,Stomach Ache,,,,,0,0,0,0,,,,,,,,,apple,mango,stomach ache,,,m,0.883426202461,,,,,,,,2017_Oct_03_1025,59.9898806986,Exp13,001,036,
D,C,Stomach Ache,,,,,1,0,1,0,,,,,,,,,apple,mango,stomach ache,,,m,1.11692551267,,,,,,,,2017_Oct_03_1025,59.9898806986,Exp13,001,036,
D,C,Stomach Ache,,,,,2,0,2,0,,,,,,,,,apple,mango,stomach ache,,,m,0.783626242599,,,,,,,,2017_Oct_03_1025,59.9898806986,Exp13,001,036,
D,C,Stomach Ache,,,,,3,0,3,0,,,,,,,,,apple,mango,stomach ache,,,m,0.867444686242,,,,,,,,2017_Oct_03_1025,59.9898806986,Exp13,001,036,
D,C,Stomach Ache,,,,,4,0,4,0,,,,,,,,,apple,mango,stomach ache,,,m,0.850208544347,,,,,,,,2017_Oct_03_1025,59.9898806986,Exp13,001,036,
D,C,Stomach Ache,,,,,5,0,5,0,,,,,,,,,apple,mango,stomach ache,,,m,0.817405945039,,,,,,,,2017_Oct_03_1025,59.9898806986,Exp13,001,036,
,,,,,,,,,,,,,,,,,,,,,,,,,,space,27.7851737893,,,,,,2017_Oct_03_1025,59.9898806986,Exp13,001,036,
J, ,,,,,,,,,,0,0,0,9,,,,,orange,,,,,,,,,8,19.171,"[(None, 0.0), (u'8', 19.17)]",,,2017_Oct_03_1025,59.9898806986,Exp13,001,036,
E, ,,,,,,,,,,0,1,1,4,,,,,pear,,,,,,,,,8,15.421,"[(None, 0.0), (u'8', 15.421)]",,,2017_Oct_03_1025,59.9898806986,Exp13,001,036,
F, ,,,,,,,,,,0,2,2,5,,,,,banana,,,,,,,,,10,2.07,"[(None, 0.0), (u'10', 2.07)]",,,2017_Oct_03_1025,59.9898806986,Exp13,001,036,
D, ,,,,,,,,,,0,3,3,3,,,,,apple,,,,,,,,,10,2.92,"[(None, 0.0), (u'10', 2.92)]",,,2017_Oct_03_1025,59.9898806986,Exp13,001,036,
A, ,,,,,,,,,,0,4,4,0,,,,,plum,,,,,,,,,10,1.187,"[(None, 0.0), (u'10', 1.186)]",,,2017_Oct_03_1025,59.9898806986,Exp13,001,036,
I,C,,,,,,,,,,0,5,5,10,,,,,peach,mango,,,,,,,,9,6.42,"[(None, 0.0), (u'9', 6.42)]",,,2017_Oct_03_1025,59.9898806986,Exp13,001,036,
C, ,,,,,,,,,,0,6,6,2,,,,,mango,,,,,,,,,8,3.62,"[(None, 0.0), (u'8', 3.62)]",,,2017_Oct_03_1025,59.9898806986,Exp13,001,036,
I, ,,,,,,,,,,0,7,7,8,,,,,peach,,,,,,,,,10,2.753,"[(None, 0.0), (u'10', 2.753)]",,,2017_Oct_03_1025,59.9898806986,Exp13,001,036,
B, ,,,,,,,,,,0,8,8,1,,,,,strawberry,,,,,,,,,10,1.853,"[(None, 0.0), (u'10', 1.853)]",,,2017_Oct_03_1025,59.9898806986,Exp13,001,036,
D,H,,,,,,,,,,0,9,9,11,,,,,apple,kiwi,,,,,,,,9,4.92,"[(None, 0.0), (u'9', 4.92)]",,,2017_Oct_03_1025,59.9898806986,Exp13,001,036,
G, ,,,,,,,,,,0,10,10,6,,,,,cherry,,,,,,,,,10,1.386,"[(None, 0.0), (u'10', 1.386)]",,,2017_Oct_03_1025,59.9898806986,Exp13,001,036,
H, ,,,,,,,,,,0,11,11,7,,,,,kiwi,,,,,,,,,8,4.62,"[(None, 0.0), (u'8', 4.62)]",,,2017_Oct_03_1025,59.9898806986,Exp13,001,036,
E, ,,,,,,,,,,1,0,12,4,,,,,pear,,,,,,,,,8,1.253,"[(None, 0.0), (u'8', 1.253)]",,,2017_Oct_03_1025,59.9898806986,Exp13,001,036,
I,C,,,,,,,,,,1,1,13,10,,,,,peach,mango,,,,,,,,9,2.086,"[(None, 0.0), (u'9', 2.086)]",,,2017_Oct_03_1025,59.9898806986,Exp13,001,036,
J, ,,,,,,,,,,1,2,14,9,,,,,orange,,,,,,,,,8,7.487,"[(None, 0.0), (u'8', 7.487)]",,,2017_Oct_03_1025,59.9898806986,Exp13,001,036,
C, ,,,,,,,,,,1,3,15,2,,,,,mango,,,,,,,,,8,2.353,"[(None, 0.0), (u'8', 2.353)]",,,2017_Oct_03_1025,59.9898806986,Exp13,001,036,
F, ,,,,,,,,,,1,4,16,5,,,,,banana,,,,,,,,,10,1.036,"[(None, 0.0), (u'10', 1.036)]",,,2017_Oct_03_1025,59.9898806986,Exp13,001,036,
A, ,,,,,,,,,,1,5,17,0,,,,,plum,,,,,,,,,10,0.703,"[(None, 0.0), (u'10', 0.703)]",,,2017_Oct_03_1025,59.9898806986,Exp13,001,036,
D, ,,,,,,,,,,1,6,18,3,,,,,apple,,,,,,,,,10,0.82,"[(None, 0.0), (u'10', 0.82)]",,,2017_Oct_03_1025,59.9898806986,Exp13,001,036,
G, ,,,,,,,,,,1,7,19,6,,,,,cherry,,,,,,,,,10,0.653,"[(None, 0.0), (u'10', 0.653)]",,,2017_Oct_03_1025,59.9898806986,Exp13,001,036,
B, ,,,,,,,,,,1,8,20,1,,,,,strawberry,,,,,,,,,10,0.803,"[(None, 0.0), (u'10', 0.803)]",,,2017_Oct_03_1025,59.9898806986,Exp13,001,036,
I, ,,,,,,,,,,1,9,21,8,,,,,peach,,,,,,,,,10,0.97,"[(None, 0.0), (u'10', 0.97)]",,,2017_Oct_03_1025,59.9898806986,Exp13,001,036,
H, ,,,,,,,,,,1,10,22,7,,,,,kiwi,,,,,,,,,8,3.536,"[(None, 0.0), (u'8', 3.536)]",,,2017_Oct_03_1025,59.9898806986,Exp13,001,036,
D,H,,,,,,,,,,1,11,23,11,,,,,apple,kiwi,,,,,,,,9,4.52,"[(None, 0.0), (u'9', 4.52)]",,,2017_Oct_03_1025,59.9898806986,Exp13,001,036,
,,,,,,,,,,,,,,,,,,,,,,,,,,,,,,,space,3.10091459932,2017_Oct_03_1025,59.9898806986,Exp13,001,036,
