stim1,stim2,outcome,train_trials.thisRepN,train_trials.thisTrialN,train_trials.thisN,train_trials.thisIndex,train_trials2.thisRepN,train_trials2.thisTrialN,train_trials2.thisN,train_trials2.thisIndex,test_trials.thisRepN,test_trials.thisTrialN,test_trials.thisN,test_trials.thisIndex,start_exp.keys,start_exp.rt,start_exp2.keys,start_exp2.rt,stim.A,stim.B,pressed,key_ans.keys,key_ans.rt,key_answ.keys,key_answ.rt,start.keys,start.rt,rating.response,rating.rt,rating.history,exit_exp.keys,exit_exp.rt,date,frameRate,expName,session,participant,
,,,,,,,,,,,,,,,space,410.258133821,,,,,,,,,,,,,,,,,2017_Oct_03_0912,59.9493746846,Exp13,001,037,
,,,,,,,,,,,,,,,,,space,18.1327207296,,,,,,,,,,,,,,,2017_Oct_03_0912,59.9493746846,Exp13,001,037,
G,J,Stomach Ache,0,0,0,6,,,,,,,,,,,,,mango,strawberry,no stomach ache,z,12.6545808266,,,,,,,,,,2017_Oct_03_0912,59.9493746846,Exp13,001,037,
A, ,Stomach Ache,0,1,1,0,,,,,,,,,,,,,orange,,no stomach ache,z,3.93355266866,,,,,,,,,,2017_Oct_03_0912,59.9493746846,Exp13,001,037,
F,I,Stomach Ache,0,2,2,5,,,,,,,,,,,,,peach,banana,stomach ache,m,6.5707016922,,,,,,,,,,2017_Oct_03_0912,59.9493746846,Exp13,001,037,
C,E,No Stomach Ache,0,3,3,3,,,,,,,,,,,,,kiwi,plum,stomach ache,m,5.76883245417,,,,,,,,,,2017_Oct_03_0912,59.9493746846,Exp13,001,037,
B,E,Stomach Ache,0,4,4,2,,,,,,,,,,,,,cherry,plum,no stomach ache,z,5.9386205253,,,,,,,,,,2017_Oct_03_0912,59.9493746846,Exp13,001,037,
A,D,Stomach Ache,0,5,5,1,,,,,,,,,,,,,orange,pear,stomach ache,m,3.53937449184,,,,,,,,,,2017_Oct_03_0912,59.9493746846,Exp13,001,037,
F, ,Stomach Ache,0,6,6,4,,,,,,,,,,,,,peach,,stomach ache,m,2.45018532447,,,,,,,,,,2017_Oct_03_0912,59.9493746846,Exp13,001,037,
H,J,No Stomach Ache,0,7,7,7,,,,,,,,,,,,,apple,strawberry,stomach ache,m,2.74825655727,,,,,,,,,,2017_Oct_03_0912,59.9493746846,Exp13,001,037,
G,J,Stomach Ache,1,0,8,6,,,,,,,,,,,,,mango,strawberry,stomach ache,m,2.50085059222,,,,,,,,,,2017_Oct_03_0912,59.9493746846,Exp13,001,037,
C,E,No Stomach Ache,1,1,9,3,,,,,,,,,,,,,kiwi,plum,no stomach ache,z,2.62091095431,,,,,,,,,,2017_Oct_03_0912,59.9493746846,Exp13,001,037,
F,I,Stomach Ache,1,2,10,5,,,,,,,,,,,,,peach,banana,stomach ache,m,2.28802196105,,,,,,,,,,2017_Oct_03_0912,59.9493746846,Exp13,001,037,
H,J,No Stomach Ache,1,3,11,7,,,,,,,,,,,,,apple,strawberry,no stomach ache,z,2.7311673708,,,,,,,,,,2017_Oct_03_0912,59.9493746846,Exp13,001,037,
B,E,Stomach Ache,1,4,12,2,,,,,,,,,,,,,cherry,plum,stomach ache,m,3.71743470774,,,,,,,,,,2017_Oct_03_0912,59.9493746846,Exp13,001,037,
A, ,Stomach Ache,1,5,13,0,,,,,,,,,,,,,orange,,stomach ache,m,1.85053130076,,,,,,,,,,2017_Oct_03_0912,59.9493746846,Exp13,001,037,
F, ,Stomach Ache,1,6,14,4,,,,,,,,,,,,,peach,,stomach ache,m,0.986254388117,,,,,,,,,,2017_Oct_03_0912,59.9493746846,Exp13,001,037,
A,D,Stomach Ache,1,7,15,1,,,,,,,,,,,,,orange,pear,stomach ache,m,1.53327143606,,,,,,,,,,2017_Oct_03_0912,59.9493746846,Exp13,001,037,
C,E,No Stomach Ache,2,0,16,3,,,,,,,,,,,,,kiwi,plum,no stomach ache,z,1.24990857142,,,,,,,,,,2017_Oct_03_0912,59.9493746846,Exp13,001,037,
A, ,Stomach Ache,2,1,17,0,,,,,,,,,,,,,orange,,stomach ache,m,1.25481579365,,,,,,,,,,2017_Oct_03_0912,59.9493746846,Exp13,001,037,
B,E,Stomach Ache,2,2,18,2,,,,,,,,,,,,,cherry,plum,stomach ache,m,1.91654082475,,,,,,,,,,2017_Oct_03_0912,59.9493746846,Exp13,001,037,
F,I,Stomach Ache,2,3,19,5,,,,,,,,,,,,,peach,banana,stomach ache,m,1.20245564089,,,,,,,,,,2017_Oct_03_0912,59.9493746846,Exp13,001,037,
H,J,No Stomach Ache,2,4,20,7,,,,,,,,,,,,,apple,strawberry,no stomach ache,z,1.14879361494,,,,,,,,,,2017_Oct_03_0912,59.9493746846,Exp13,001,037,
F, ,Stomach Ache,2,5,21,4,,,,,,,,,,,,,peach,,stomach ache,m,0.867346113839,,,,,,,,,,2017_Oct_03_0912,59.9493746846,Exp13,001,037,
G,J,Stomach Ache,2,6,22,6,,,,,,,,,,,,,mango,strawberry,stomach ache,m,1.39808204671,,,,,,,,,,2017_Oct_03_0912,59.9493746846,Exp13,001,037,
A,D,Stomach Ache,2,7,23,1,,,,,,,,,,,,,orange,pear,stomach ache,m,1.04981415055,,,,,,,,,,2017_Oct_03_0912,59.9493746846,Exp13,001,037,
B,E,Stomach Ache,3,0,24,2,,,,,,,,,,,,,cherry,plum,stomach ache,m,1.20210987463,,,,,,,,,,2017_Oct_03_0912,59.9493746846,Exp13,001,037,
C,E,No Stomach Ache,3,1,25,3,,,,,,,,,,,,,kiwi,plum,no stomach ache,z,0.767056027078,,,,,,,,,,2017_Oct_03_0912,59.9493746846,Exp13,001,037,
F, ,Stomach Ache,3,2,26,4,,,,,,,,,,,,,peach,,stomach ache,m,0.571633651503,,,,,,,,,,2017_Oct_03_0912,59.9493746846,Exp13,001,037,
A, ,Stomach Ache,3,3,27,0,,,,,,,,,,,,,orange,,stomach ache,m,0.589107100444,,,,,,,,,,2017_Oct_03_0912,59.9493746846,Exp13,001,037,
H,J,No Stomach Ache,3,4,28,7,,,,,,,,,,,,,apple,strawberry,no stomach ache,z,1.28118117701,,,,,,,,,,2017_Oct_03_0912,59.9493746846,Exp13,001,037,
A,D,Stomach Ache,3,5,29,1,,,,,,,,,,,,,orange,pear,stomach ache,m,0.485586828145,,,,,,,,,,2017_Oct_03_0912,59.9493746846,Exp13,001,037,
G,J,Stomach Ache,3,6,30,6,,,,,,,,,,,,,mango,strawberry,stomach ache,m,0.914947779849,,,,,,,,,,2017_Oct_03_0912,59.9493746846,Exp13,001,037,
F,I,Stomach Ache,3,7,31,5,,,,,,,,,,,,,peach,banana,stomach ache,m,0.771070136281,,,,,,,,,,2017_Oct_03_0912,59.9493746846,Exp13,001,037,
B,E,Stomach Ache,4,0,32,2,,,,,,,,,,,,,cherry,plum,stomach ache,m,0.935520527128,,,,,,,,,,2017_Oct_03_0912,59.9493746846,Exp13,001,037,
F,I,Stomach Ache,4,1,33,5,,,,,,,,,,,,,peach,banana,stomach ache,m,0.899267906265,,,,,,,,,,2017_Oct_03_0912,59.9493746846,Exp13,001,037,
A,D,Stomach Ache,4,2,34,1,,,,,,,,,,,,,orange,pear,stomach ache,m,0.799695949594,,,,,,,,,,2017_Oct_03_0912,59.9493746846,Exp13,001,037,
F, ,Stomach Ache,4,3,35,4,,,,,,,,,,,,,peach,,stomach ache,m,0.571452719043,,,,,,,,,,2017_Oct_03_0912,59.9493746846,Exp13,001,037,
A, ,Stomach Ache,4,4,36,0,,,,,,,,,,,,,orange,,stomach ache,m,0.57191992359,,,,,,,,,,2017_Oct_03_0912,59.9493746846,Exp13,001,037,
G,J,Stomach Ache,4,5,37,6,,,,,,,,,,,,,mango,strawberry,stomach ache,m,0.735830666905,,,,,,,,,,2017_Oct_03_0912,59.9493746846,Exp13,001,037,
C,E,No Stomach Ache,4,6,38,3,,,,,,,,,,,,,kiwi,plum,no stomach ache,z,0.630176302337,,,,,,,,,,2017_Oct_03_0912,59.9493746846,Exp13,001,037,
H,J,No Stomach Ache,4,7,39,7,,,,,,,,,,,,,apple,strawberry,no stomach ache,z,1.23104540777,,,,,,,,,,2017_Oct_03_0912,59.9493746846,Exp13,001,037,
G,J,Stomach Ache,5,0,40,6,,,,,,,,,,,,,mango,strawberry,stomach ache,m,0.78696803865,,,,,,,,,,2017_Oct_03_0912,59.9493746846,Exp13,001,037,
C,E,No Stomach Ache,5,1,41,3,,,,,,,,,,,,,kiwi,plum,no stomach ache,z,0.581869454996,,,,,,,,,,2017_Oct_03_0912,59.9493746846,Exp13,001,037,
A, ,Stomach Ache,5,2,42,0,,,,,,,,,,,,,orange,,stomach ache,m,0.600290611677,,,,,,,,,,2017_Oct_03_0912,59.9493746846,Exp13,001,037,
A,D,Stomach Ache,5,3,43,1,,,,,,,,,,,,,orange,pear,stomach ache,m,0.552727441944,,,,,,,,,,2017_Oct_03_0912,59.9493746846,Exp13,001,037,
H,J,No Stomach Ache,5,4,44,7,,,,,,,,,,,,,apple,strawberry,no stomach ache,z,0.61499967979,,,,,,,,,,2017_Oct_03_0912,59.9493746846,Exp13,001,037,
F, ,Stomach Ache,5,5,45,4,,,,,,,,,,,,,peach,,stomach ache,m,0.535926627519,,,,,,,,,,2017_Oct_03_0912,59.9493746846,Exp13,001,037,
B,E,Stomach Ache,5,6,46,2,,,,,,,,,,,,,cherry,plum,no stomach ache,z,0.650737850636,,,,,,,,,,2017_Oct_03_0912,59.9493746846,Exp13,001,037,
F,I,Stomach Ache,5,7,47,5,,,,,,,,,,,,,peach,banana,stomach ache,m,0.76947709138,,,,,,,,,,2017_Oct_03_0912,59.9493746846,Exp13,001,037,
A,D,Stomach Ache,6,0,48,1,,,,,,,,,,,,,orange,pear,stomach ache,m,0.666161199217,,,,,,,,,,2017_Oct_03_0912,59.9493746846,Exp13,001,037,
F, ,Stomach Ache,6,1,49,4,,,,,,,,,,,,,peach,,stomach ache,m,0.571575907059,,,,,,,,,,2017_Oct_03_0912,59.9493746846,Exp13,001,037,
H,J,No Stomach Ache,6,2,50,7,,,,,,,,,,,,,apple,strawberry,no stomach ache,z,0.764015523077,,,,,,,,,,2017_Oct_03_0912,59.9493746846,Exp13,001,037,
G,J,Stomach Ache,6,3,51,6,,,,,,,,,,,,,mango,strawberry,stomach ache,m,0.983863770904,,,,,,,,,,2017_Oct_03_0912,59.9493746846,Exp13,001,037,
F,I,Stomach Ache,6,4,52,5,,,,,,,,,,,,,peach,banana,stomach ache,m,0.599232314737,,,,,,,,,,2017_Oct_03_0912,59.9493746846,Exp13,001,037,
B,E,Stomach Ache,6,5,53,2,,,,,,,,,,,,,cherry,plum,stomach ache,m,0.888341619924,,,,,,,,,,2017_Oct_03_0912,59.9493746846,Exp13,001,037,
A, ,Stomach Ache,6,6,54,0,,,,,,,,,,,,,orange,,stomach ache,m,0.504812206491,,,,,,,,,,2017_Oct_03_0912,59.9493746846,Exp13,001,037,
C,E,No Stomach Ache,6,7,55,3,,,,,,,,,,,,,kiwi,plum,no stomach ache,z,0.754259872774,,,,,,,,,,2017_Oct_03_0912,59.9493746846,Exp13,001,037,
A,D,Stomach Ache,7,0,56,1,,,,,,,,,,,,,orange,pear,stomach ache,m,0.604276023747,,,,,,,,,,2017_Oct_03_0912,59.9493746846,Exp13,001,037,
B,E,Stomach Ache,7,1,57,2,,,,,,,,,,,,,cherry,plum,stomach ache,m,1.13304129842,,,,,,,,,,2017_Oct_03_0912,59.9493746846,Exp13,001,037,
C,E,No Stomach Ache,7,2,58,3,,,,,,,,,,,,,kiwi,plum,no stomach ache,z,0.636056779884,,,,,,,,,,2017_Oct_03_0912,59.9493746846,Exp13,001,037,
G,J,Stomach Ache,7,3,59,6,,,,,,,,,,,,,mango,strawberry,stomach ache,m,0.781464124506,,,,,,,,,,2017_Oct_03_0912,59.9493746846,Exp13,001,037,
F,I,Stomach Ache,7,4,60,5,,,,,,,,,,,,,peach,banana,stomach ache,m,0.537700954825,,,,,,,,,,2017_Oct_03_0912,59.9493746846,Exp13,001,037,
H,J,No Stomach Ache,7,5,61,7,,,,,,,,,,,,,apple,strawberry,no stomach ache,z,1.24839496874,,,,,,,,,,2017_Oct_03_0912,59.9493746846,Exp13,001,037,
F, ,Stomach Ache,7,6,62,4,,,,,,,,,,,,,peach,,stomach ache,m,0.604830019758,,,,,,,,,,2017_Oct_03_0912,59.9493746846,Exp13,001,037,
A, ,Stomach Ache,7,7,63,0,,,,,,,,,,,,,orange,,stomach ache,m,0.566778924083,,,,,,,,,,2017_Oct_03_0912,59.9493746846,Exp13,001,037,
G,J,Stomach Ache,8,0,64,6,,,,,,,,,,,,,mango,strawberry,stomach ache,m,0.831645039376,,,,,,,,,,2017_Oct_03_0912,59.9493746846,Exp13,001,037,
F, ,Stomach Ache,8,1,65,4,,,,,,,,,,,,,peach,,stomach ache,m,0.517067663488,,,,,,,,,,2017_Oct_03_0912,59.9493746846,Exp13,001,037,
C,E,No Stomach Ache,8,2,66,3,,,,,,,,,,,,,kiwi,plum,no stomach ache,z,0.551426968595,,,,,,,,,,2017_Oct_03_0912,59.9493746846,Exp13,001,037,
A,D,Stomach Ache,8,3,67,1,,,,,,,,,,,,,orange,pear,stomach ache,m,0.519196506182,,,,,,,,,,2017_Oct_03_0912,59.9493746846,Exp13,001,037,
F,I,Stomach Ache,8,4,68,5,,,,,,,,,,,,,peach,banana,stomach ache,m,0.715447601164,,,,,,,,,,2017_Oct_03_0912,59.9493746846,Exp13,001,037,
B,E,Stomach Ache,8,5,69,2,,,,,,,,,,,,,cherry,plum,stomach ache,m,0.835790035839,,,,,,,,,,2017_Oct_03_0912,59.9493746846,Exp13,001,037,
A, ,Stomach Ache,8,6,70,0,,,,,,,,,,,,,orange,,stomach ache,m,0.500311994634,,,,,,,,,,2017_Oct_03_0912,59.9493746846,Exp13,001,037,
H,J,No Stomach Ache,8,7,71,7,,,,,,,,,,,,,apple,strawberry,stomach ache,m,1.66924124939,,,,,,,,,,2017_Oct_03_0912,59.9493746846,Exp13,001,037,
C,E,No Stomach Ache,9,0,72,3,,,,,,,,,,,,,kiwi,plum,no stomach ache,z,0.616066725925,,,,,,,,,,2017_Oct_03_0912,59.9493746846,Exp13,001,037,
B,E,Stomach Ache,9,1,73,2,,,,,,,,,,,,,cherry,plum,stomach ache,m,1.00535307883,,,,,,,,,,2017_Oct_03_0912,59.9493746846,Exp13,001,037,
G,J,Stomach Ache,9,2,74,6,,,,,,,,,,,,,mango,strawberry,stomach ache,m,0.798293636064,,,,,,,,,,2017_Oct_03_0912,59.9493746846,Exp13,001,037,
A, ,Stomach Ache,9,3,75,0,,,,,,,,,,,,,orange,,stomach ache,m,0.450598284253,,,,,,,,,,2017_Oct_03_0912,59.9493746846,Exp13,001,037,
F,I,Stomach Ache,9,4,76,5,,,,,,,,,,,,,peach,banana,stomach ache,m,0.534728694183,,,,,,,,,,2017_Oct_03_0912,59.9493746846,Exp13,001,037,
H,J,No Stomach Ache,9,5,77,7,,,,,,,,,,,,,apple,strawberry,no stomach ache,z,1.15412709571,,,,,,,,,,2017_Oct_03_0912,59.9493746846,Exp13,001,037,
F, ,Stomach Ache,9,6,78,4,,,,,,,,,,,,,peach,,stomach ache,m,0.533552458684,,,,,,,,,,2017_Oct_03_0912,59.9493746846,Exp13,001,037,
A,D,Stomach Ache,9,7,79,1,,,,,,,,,,,,,orange,pear,stomach ache,m,0.563551538275,,,,,,,,,,2017_Oct_03_0912,59.9493746846,Exp13,001,037,
G,J,Stomach Ache,10,0,80,6,,,,,,,,,,,,,mango,strawberry,no stomach ache,z,0.981353815179,,,,,,,,,,2017_Oct_03_0912,59.9493746846,Exp13,001,037,
F,I,Stomach Ache,10,1,81,5,,,,,,,,,,,,,peach,banana,stomach ache,m,0.516493719304,,,,,,,,,,2017_Oct_03_0912,59.9493746846,Exp13,001,037,
A,D,Stomach Ache,10,2,82,1,,,,,,,,,,,,,orange,pear,stomach ache,m,0.535158452345,,,,,,,,,,2017_Oct_03_0912,59.9493746846,Exp13,001,037,
C,E,No Stomach Ache,10,3,83,3,,,,,,,,,,,,,kiwi,plum,no stomach ache,z,0.568308275193,,,,,,,,,,2017_Oct_03_0912,59.9493746846,Exp13,001,037,
A, ,Stomach Ache,10,4,84,0,,,,,,,,,,,,,orange,,stomach ache,m,0.40246921964,,,,,,,,,,2017_Oct_03_0912,59.9493746846,Exp13,001,037,
H,J,No Stomach Ache,10,5,85,7,,,,,,,,,,,,,apple,strawberry,no stomach ache,z,0.847222722834,,,,,,,,,,2017_Oct_03_0912,59.9493746846,Exp13,001,037,
F, ,Stomach Ache,10,6,86,4,,,,,,,,,,,,,peach,,stomach ache,m,0.483535677777,,,,,,,,,,2017_Oct_03_0912,59.9493746846,Exp13,001,037,
B,E,Stomach Ache,10,7,87,2,,,,,,,,,,,,,cherry,plum,stomach ache,m,0.982783076121,,,,,,,,,,2017_Oct_03_0912,59.9493746846,Exp13,001,037,
C,E,No Stomach Ache,11,0,88,3,,,,,,,,,,,,,kiwi,plum,no stomach ache,z,0.633529325889,,,,,,,,,,2017_Oct_03_0912,59.9493746846,Exp13,001,037,
A,D,Stomach Ache,11,1,89,1,,,,,,,,,,,,,orange,pear,stomach ache,m,0.499426930794,,,,,,,,,,2017_Oct_03_0912,59.9493746846,Exp13,001,037,
A, ,Stomach Ache,11,2,90,0,,,,,,,,,,,,,orange,,stomach ache,m,0.516867482918,,,,,,,,,,2017_Oct_03_0912,59.9493746846,Exp13,001,037,
B,E,Stomach Ache,11,3,91,2,,,,,,,,,,,,,cherry,plum,no stomach ache,z,0.582723721862,,,,,,,,,,2017_Oct_03_0912,59.9493746846,Exp13,001,037,
G,J,Stomach Ache,11,4,92,6,,,,,,,,,,,,,mango,strawberry,no stomach ache,z,0.72038492054,,,,,,,,,,2017_Oct_03_0912,59.9493746846,Exp13,001,037,
F,I,Stomach Ache,11,5,93,5,,,,,,,,,,,,,peach,banana,stomach ache,m,0.504501086776,,,,,,,,,,2017_Oct_03_0912,59.9493746846,Exp13,001,037,
H,J,No Stomach Ache,11,6,94,7,,,,,,,,,,,,,apple,strawberry,no stomach ache,z,1.03638980747,,,,,,,,,,2017_Oct_03_0912,59.9493746846,Exp13,001,037,
F, ,Stomach Ache,11,7,95,4,,,,,,,,,,,,,peach,,stomach ache,m,0.571607054037,,,,,,,,,,2017_Oct_03_0912,59.9493746846,Exp13,001,037,
D,C,Stomach Ache,,,,,0,0,0,0,,,,,,,,,pear,kiwi,no stomach ache,,,z,1.46280299616,,,,,,,,2017_Oct_03_0912,59.9493746846,Exp13,001,037,
D,C,Stomach Ache,,,,,1,0,1,0,,,,,,,,,pear,kiwi,stomach ache,,,m,1.2885098136,,,,,,,,2017_Oct_03_0912,59.9493746846,Exp13,001,037,
D,C,Stomach Ache,,,,,2,0,2,0,,,,,,,,,pear,kiwi,stomach ache,,,m,0.683625199075,,,,,,,,2017_Oct_03_0912,59.9493746846,Exp13,001,037,
D,C,Stomach Ache,,,,,3,0,3,0,,,,,,,,,pear,kiwi,stomach ache,,,m,0.486104777665,,,,,,,,2017_Oct_03_0912,59.9493746846,Exp13,001,037,
D,C,Stomach Ache,,,,,4,0,4,0,,,,,,,,,pear,kiwi,stomach ache,,,m,0.922983697557,,,,,,,,2017_Oct_03_0912,59.9493746846,Exp13,001,037,
D,C,Stomach Ache,,,,,5,0,5,0,,,,,,,,,pear,kiwi,stomach ache,,,m,0.886030794936,,,,,,,,2017_Oct_03_0912,59.9493746846,Exp13,001,037,
,,,,,,,,,,,,,,,,,,,,,,,,,,space,7.01686485822,,,,,,2017_Oct_03_0912,59.9493746846,Exp13,001,037,
I,C,,,,,,,,,,0,0,0,10,,,,,banana,kiwi,,,,,,,,5,11.303,"[(None, 0.0), (u'5', 11.303)]",,,2017_Oct_03_0912,59.9493746846,Exp13,001,037,
I, ,,,,,,,,,,0,1,1,8,,,,,banana,,,,,,,,,3,5.953,"[(None, 0.0), (u'3', 5.953)]",,,2017_Oct_03_0912,59.9493746846,Exp13,001,037,
F, ,,,,,,,,,,0,2,2,5,,,,,peach,,,,,,,,,10,3.787,"[(None, 0.0), (u'10', 3.787)]",,,2017_Oct_03_0912,59.9493746846,Exp13,001,037,
B, ,,,,,,,,,,0,3,3,1,,,,,cherry,,,,,,,,,10,0.81,"[(None, 0.0), (u'10', 0.81)]",,,2017_Oct_03_0912,59.9493746846,Exp13,001,037,
J, ,,,,,,,,,,0,4,4,9,,,,,strawberry,,,,,,,,,0,2.337,"[(None, 0.0), (u'0', 2.337)]",,,2017_Oct_03_0912,59.9493746846,Exp13,001,037,
C, ,,,,,,,,,,0,5,5,2,,,,,kiwi,,,,,,,,,0,1.073,"[(None, 0.0), (u'0', 1.073)]",,,2017_Oct_03_0912,59.9493746846,Exp13,001,037,
G, ,,,,,,,,,,0,6,6,6,,,,,mango,,,,,,,,,10,1.84,"[(None, 0.0), (u'10', 1.84)]",,,2017_Oct_03_0912,59.9493746846,Exp13,001,037,
A, ,,,,,,,,,,0,7,7,0,,,,,orange,,,,,,,,,10,0.942,"[(None, 0.0), (u'10', 0.942)]",,,2017_Oct_03_0912,59.9493746846,Exp13,001,037,
E, ,,,,,,,,,,0,8,8,4,,,,,plum,,,,,,,,,0,1.988,"[(None, 0.0), (u'0', 1.988)]",,,2017_Oct_03_0912,59.9493746846,Exp13,001,037,
D, ,,,,,,,,,,0,9,9,3,,,,,pear,,,,,,,,,10,6.075,"[(None, 0.0), (u'10', 6.075)]",,,2017_Oct_03_0912,59.9493746846,Exp13,001,037,
D,H,,,,,,,,,,0,10,10,11,,,,,pear,apple,,,,,,,,5,3.04,"[(None, 0.0), (u'5', 3.04)]",,,2017_Oct_03_0912,59.9493746846,Exp13,001,037,
H, ,,,,,,,,,,0,11,11,7,,,,,apple,,,,,,,,,0,2.488,"[(None, 0.0), (u'0', 2.488)]",,,2017_Oct_03_0912,59.9493746846,Exp13,001,037,
I, ,,,,,,,,,,1,0,12,8,,,,,banana,,,,,,,,,5,1.705,"[(None, 0.0), (u'5', 1.705)]",,,2017_Oct_03_0912,59.9493746846,Exp13,001,037,
F, ,,,,,,,,,,1,1,13,5,,,,,peach,,,,,,,,,10,1.537,"[(None, 0.0), (u'10', 1.537)]",,,2017_Oct_03_0912,59.9493746846,Exp13,001,037,
B, ,,,,,,,,,,1,2,14,1,,,,,cherry,,,,,,,,,10,1.637,"[(None, 0.0), (u'10', 1.637)]",,,2017_Oct_03_0912,59.9493746846,Exp13,001,037,
J, ,,,,,,,,,,1,3,15,9,,,,,strawberry,,,,,,,,,0,1.62,"[(None, 0.0), (u'0', 1.62)]",,,2017_Oct_03_0912,59.9493746846,Exp13,001,037,
D, ,,,,,,,,,,1,4,16,3,,,,,pear,,,,,,,,,10,3.205,"[(None, 0.0), (u'10', 3.205)]",,,2017_Oct_03_0912,59.9493746846,Exp13,001,037,
E, ,,,,,,,,,,1,5,17,4,,,,,plum,,,,,,,,,0,1.642,"[(None, 0.0), (u'0', 1.642)]",,,2017_Oct_03_0912,59.9493746846,Exp13,001,037,
A, ,,,,,,,,,,1,6,18,0,,,,,orange,,,,,,,,,10,1.172,"[(None, 0.0), (u'10', 1.172)]",,,2017_Oct_03_0912,59.9493746846,Exp13,001,037,
C, ,,,,,,,,,,1,7,19,2,,,,,kiwi,,,,,,,,,0,1.503,"[(None, 0.0), (u'0', 1.503)]",,,2017_Oct_03_0912,59.9493746846,Exp13,001,037,
D,H,,,,,,,,,,1,8,20,11,,,,,pear,apple,,,,,,,,10,3.203,"[(None, 0.0), (u'10', 3.203)]",,,2017_Oct_03_0912,59.9493746846,Exp13,001,037,
G, ,,,,,,,,,,1,9,21,6,,,,,mango,,,,,,,,,10,0.803,"[(None, 0.0), (u'10', 0.803)]",,,2017_Oct_03_0912,59.9493746846,Exp13,001,037,
I,C,,,,,,,,,,1,10,22,10,,,,,banana,kiwi,,,,,,,,5,1.943,"[(None, 0.0), (u'5', 1.943)]",,,2017_Oct_03_0912,59.9493746846,Exp13,001,037,
H, ,,,,,,,,,,1,11,23,7,,,,,apple,,,,,,,,,0,1.62,"[(None, 0.0), (u'0', 1.62)]",,,2017_Oct_03_0912,59.9493746846,Exp13,001,037,
,,,,,,,,,,,,,,,,,,,,,,,,,,,,,,,space,1.8472349717,2017_Oct_03_0912,59.9493746846,Exp13,001,037,
