stim1,stim2,outcome,train_trials.thisRepN,train_trials.thisTrialN,train_trials.thisN,train_trials.thisIndex,train_trials2.thisRepN,train_trials2.thisTrialN,train_trials2.thisN,train_trials2.thisIndex,test_trials.thisRepN,test_trials.thisTrialN,test_trials.thisN,test_trials.thisIndex,start_exp.keys,start_exp.rt,start_exp2.keys,start_exp2.rt,stim.A,stim.B,pressed,key_ans.keys,key_ans.rt,key_answ.keys,key_answ.rt,start.keys,start.rt,rating.response,rating.rt,rating.history,exit_exp.keys,exit_exp.rt,date,frameRate,expName,session,participant,
,,,,,,,,,,,,,,,space,546.081304643,,,,,,,,,,,,,,,,,2017_Oct_03_1044,59.9963045767,Exp13,001,038,
,,,,,,,,,,,,,,,,,space,15.5011590851,,,,,,,,,,,,,,,2017_Oct_03_1044,59.9963045767,Exp13,001,038,
F, ,Stomach Ache,0,0,0,4,,,,,,,,,,,,,cherry,,no stomach ache,z,5.38390600489,,,,,,,,,,2017_Oct_03_1044,59.9963045767,Exp13,001,038,
F,I,Stomach Ache,0,1,1,5,,,,,,,,,,,,,cherry,pear,stomach ache,m,5.60057653283,,,,,,,,,,2017_Oct_03_1044,59.9963045767,Exp13,001,038,
H,J,No Stomach Ache,0,2,2,7,,,,,,,,,,,,,peach,kiwi,no stomach ache,z,2.98393659183,,,,,,,,,,2017_Oct_03_1044,59.9963045767,Exp13,001,038,
G,J,Stomach Ache,0,3,3,6,,,,,,,,,,,,,mango,kiwi,no stomach ache,z,1.56701275904,,,,,,,,,,2017_Oct_03_1044,59.9963045767,Exp13,001,038,
B,E,Stomach Ache,0,4,4,2,,,,,,,,,,,,,orange,apple,no stomach ache,z,2.03372265812,,,,,,,,,,2017_Oct_03_1044,59.9963045767,Exp13,001,038,
C,E,No Stomach Ache,0,5,5,3,,,,,,,,,,,,,strawberry,apple,stomach ache,m,2.38382831262,,,,,,,,,,2017_Oct_03_1044,59.9963045767,Exp13,001,038,
A,D,Stomach Ache,0,6,6,1,,,,,,,,,,,,,plum,banana,no stomach ache,z,2.18371464388,,,,,,,,,,2017_Oct_03_1044,59.9963045767,Exp13,001,038,
A, ,Stomach Ache,0,7,7,0,,,,,,,,,,,,,plum,,stomach ache,m,2.78377742763,,,,,,,,,,2017_Oct_03_1044,59.9963045767,Exp13,001,038,
F,I,Stomach Ache,1,0,8,5,,,,,,,,,,,,,cherry,pear,stomach ache,m,1.63369865046,,,,,,,,,,2017_Oct_03_1044,59.9963045767,Exp13,001,038,
H,J,No Stomach Ache,1,1,9,7,,,,,,,,,,,,,peach,kiwi,no stomach ache,z,3.13380329008,,,,,,,,,,2017_Oct_03_1044,59.9963045767,Exp13,001,038,
A, ,Stomach Ache,1,2,10,0,,,,,,,,,,,,,plum,,stomach ache,m,1.21705583978,,,,,,,,,,2017_Oct_03_1044,59.9963045767,Exp13,001,038,
A,D,Stomach Ache,1,3,11,1,,,,,,,,,,,,,plum,banana,stomach ache,m,1.16672347771,,,,,,,,,,2017_Oct_03_1044,59.9963045767,Exp13,001,038,
B,E,Stomach Ache,1,4,12,2,,,,,,,,,,,,,orange,apple,no stomach ache,z,1.7337166387,,,,,,,,,,2017_Oct_03_1044,59.9963045767,Exp13,001,038,
C,E,No Stomach Ache,1,5,13,3,,,,,,,,,,,,,strawberry,apple,stomach ache,m,1.63375219516,,,,,,,,,,2017_Oct_03_1044,59.9963045767,Exp13,001,038,
G,J,Stomach Ache,1,6,14,6,,,,,,,,,,,,,mango,kiwi,stomach ache,m,2.21705164021,,,,,,,,,,2017_Oct_03_1044,59.9963045767,Exp13,001,038,
F, ,Stomach Ache,1,7,15,4,,,,,,,,,,,,,cherry,,stomach ache,m,1.48367691762,,,,,,,,,,2017_Oct_03_1044,59.9963045767,Exp13,001,038,
F,I,Stomach Ache,2,0,16,5,,,,,,,,,,,,,cherry,pear,stomach ache,m,0.800467623631,,,,,,,,,,2017_Oct_03_1044,59.9963045767,Exp13,001,038,
F, ,Stomach Ache,2,1,17,4,,,,,,,,,,,,,cherry,,stomach ache,m,0.767004639842,,,,,,,,,,2017_Oct_03_1044,59.9963045767,Exp13,001,038,
A, ,Stomach Ache,2,2,18,0,,,,,,,,,,,,,plum,,stomach ache,m,1.86710941943,,,,,,,,,,2017_Oct_03_1044,59.9963045767,Exp13,001,038,
C,E,No Stomach Ache,2,3,19,3,,,,,,,,,,,,,strawberry,apple,no stomach ache,z,2.60047084332,,,,,,,,,,2017_Oct_03_1044,59.9963045767,Exp13,001,038,
G,J,Stomach Ache,2,4,20,6,,,,,,,,,,,,,mango,kiwi,stomach ache,m,0.983604824753,,,,,,,,,,2017_Oct_03_1044,59.9963045767,Exp13,001,038,
B,E,Stomach Ache,2,5,21,2,,,,,,,,,,,,,orange,apple,stomach ache,m,1.25043168222,,,,,,,,,,2017_Oct_03_1044,59.9963045767,Exp13,001,038,
H,J,No Stomach Ache,2,6,22,7,,,,,,,,,,,,,peach,kiwi,stomach ache,m,1.55041355401,,,,,,,,,,2017_Oct_03_1044,59.9963045767,Exp13,001,038,
A,D,Stomach Ache,2,7,23,1,,,,,,,,,,,,,plum,banana,stomach ache,m,1.13373644667,,,,,,,,,,2017_Oct_03_1044,59.9963045767,Exp13,001,038,
A,D,Stomach Ache,3,0,24,1,,,,,,,,,,,,,plum,banana,stomach ache,m,1.76722546795,,,,,,,,,,2017_Oct_03_1044,59.9963045767,Exp13,001,038,
F, ,Stomach Ache,3,1,25,4,,,,,,,,,,,,,cherry,,stomach ache,m,1.15037659765,,,,,,,,,,2017_Oct_03_1044,59.9963045767,Exp13,001,038,
F,I,Stomach Ache,3,2,26,5,,,,,,,,,,,,,cherry,pear,stomach ache,m,2.76708303206,,,,,,,,,,2017_Oct_03_1044,59.9963045767,Exp13,001,038,
G,J,Stomach Ache,3,3,27,6,,,,,,,,,,,,,mango,kiwi,no stomach ache,z,2.30058136239,,,,,,,,,,2017_Oct_03_1044,59.9963045767,Exp13,001,038,
B,E,Stomach Ache,3,4,28,2,,,,,,,,,,,,,orange,apple,stomach ache,m,1.36701527878,,,,,,,,,,2017_Oct_03_1044,59.9963045767,Exp13,001,038,
H,J,No Stomach Ache,3,5,29,7,,,,,,,,,,,,,peach,kiwi,no stomach ache,z,1.30034758552,,,,,,,,,,2017_Oct_03_1044,59.9963045767,Exp13,001,038,
C,E,No Stomach Ache,3,6,30,3,,,,,,,,,,,,,strawberry,apple,no stomach ache,z,1.50033561676,,,,,,,,,,2017_Oct_03_1044,59.9963045767,Exp13,001,038,
A, ,Stomach Ache,3,7,31,0,,,,,,,,,,,,,plum,,stomach ache,m,1.53381749865,,,,,,,,,,2017_Oct_03_1044,59.9963045767,Exp13,001,038,
H,J,No Stomach Ache,4,0,32,7,,,,,,,,,,,,,peach,kiwi,no stomach ache,z,1.7837273826,,,,,,,,,,2017_Oct_03_1044,59.9963045767,Exp13,001,038,
F,I,Stomach Ache,4,1,33,5,,,,,,,,,,,,,cherry,pear,stomach ache,m,2.3670593744,,,,,,,,,,2017_Oct_03_1044,59.9963045767,Exp13,001,038,
G,J,Stomach Ache,4,2,34,6,,,,,,,,,,,,,mango,kiwi,no stomach ache,z,2.78383762168,,,,,,,,,,2017_Oct_03_1044,59.9963045767,Exp13,001,038,
B,E,Stomach Ache,4,3,35,2,,,,,,,,,,,,,orange,apple,stomach ache,m,1.28367733757,,,,,,,,,,2017_Oct_03_1044,59.9963045767,Exp13,001,038,
A, ,Stomach Ache,4,4,36,0,,,,,,,,,,,,,plum,,stomach ache,m,1.00034366595,,,,,,,,,,2017_Oct_03_1044,59.9963045767,Exp13,001,038,
C,E,No Stomach Ache,4,5,37,3,,,,,,,,,,,,,strawberry,apple,no stomach ache,z,1.36728650192,,,,,,,,,,2017_Oct_03_1044,59.9963045767,Exp13,001,038,
F, ,Stomach Ache,4,6,38,4,,,,,,,,,,,,,cherry,,stomach ache,m,1.61704380094,,,,,,,,,,2017_Oct_03_1044,59.9963045767,Exp13,001,038,
A,D,Stomach Ache,4,7,39,1,,,,,,,,,,,,,plum,banana,stomach ache,m,1.91705227015,,,,,,,,,,2017_Oct_03_1044,59.9963045767,Exp13,001,038,
F,I,Stomach Ache,5,0,40,5,,,,,,,,,,,,,cherry,pear,stomach ache,m,2.73379118129,,,,,,,,,,2017_Oct_03_1044,59.9963045767,Exp13,001,038,
A,D,Stomach Ache,5,1,41,1,,,,,,,,,,,,,plum,banana,stomach ache,m,1.76708163222,,,,,,,,,,2017_Oct_03_1044,59.9963045767,Exp13,001,038,
C,E,No Stomach Ache,5,2,42,3,,,,,,,,,,,,,strawberry,apple,no stomach ache,z,1.70021620858,,,,,,,,,,2017_Oct_03_1044,59.9963045767,Exp13,001,038,
B,E,Stomach Ache,5,3,43,2,,,,,,,,,,,,,orange,apple,stomach ache,m,1.41710301506,,,,,,,,,,2017_Oct_03_1044,59.9963045767,Exp13,001,038,
A, ,Stomach Ache,5,4,44,0,,,,,,,,,,,,,plum,,stomach ache,m,0.98367061821,,,,,,,,,,2017_Oct_03_1044,59.9963045767,Exp13,001,038,
G,J,Stomach Ache,5,5,45,6,,,,,,,,,,,,,mango,kiwi,no stomach ache,z,1.11698430683,,,,,,,,,,2017_Oct_03_1044,59.9963045767,Exp13,001,038,
F, ,Stomach Ache,5,6,46,4,,,,,,,,,,,,,cherry,,stomach ache,m,1.8669585844,,,,,,,,,,2017_Oct_03_1044,59.9963045767,Exp13,001,038,
H,J,No Stomach Ache,5,7,47,7,,,,,,,,,,,,,peach,kiwi,no stomach ache,z,2.25045443,,,,,,,,,,2017_Oct_03_1044,59.9963045767,Exp13,001,038,
A, ,Stomach Ache,6,0,48,0,,,,,,,,,,,,,plum,,stomach ache,m,1.0836620091,,,,,,,,,,2017_Oct_03_1044,59.9963045767,Exp13,001,038,
A,D,Stomach Ache,6,1,49,1,,,,,,,,,,,,,plum,banana,stomach ache,m,1.21700334502,,,,,,,,,,2017_Oct_03_1044,59.9963045767,Exp13,001,038,
F,I,Stomach Ache,6,2,50,5,,,,,,,,,,,,,cherry,pear,stomach ache,m,1.45033887145,,,,,,,,,,2017_Oct_03_1044,59.9963045767,Exp13,001,038,
B,E,Stomach Ache,6,3,51,2,,,,,,,,,,,,,orange,apple,stomach ache,m,1.38365857943,,,,,,,,,,2017_Oct_03_1044,59.9963045767,Exp13,001,038,
G,J,Stomach Ache,6,4,52,6,,,,,,,,,,,,,mango,kiwi,stomach ache,m,1.26715372503,,,,,,,,,,2017_Oct_03_1044,59.9963045767,Exp13,001,038,
F, ,Stomach Ache,6,5,53,4,,,,,,,,,,,,,cherry,,stomach ache,m,1.30025414482,,,,,,,,,,2017_Oct_03_1044,59.9963045767,Exp13,001,038,
H,J,No Stomach Ache,6,6,54,7,,,,,,,,,,,,,peach,kiwi,no stomach ache,z,5.73399241135,,,,,,,,,,2017_Oct_03_1044,59.9963045767,Exp13,001,038,
C,E,No Stomach Ache,6,7,55,3,,,,,,,,,,,,,strawberry,apple,no stomach ache,z,6.30081478925,,,,,,,,,,2017_Oct_03_1044,59.9963045767,Exp13,001,038,
A, ,Stomach Ache,7,0,56,0,,,,,,,,,,,,,plum,,stomach ache,m,0.866945985646,,,,,,,,,,2017_Oct_03_1044,59.9963045767,Exp13,001,038,
B,E,Stomach Ache,7,1,57,2,,,,,,,,,,,,,orange,apple,stomach ache,m,1.21691025421,,,,,,,,,,2017_Oct_03_1044,59.9963045767,Exp13,001,038,
H,J,No Stomach Ache,7,2,58,7,,,,,,,,,,,,,peach,kiwi,no stomach ache,z,1.85042377299,,,,,,,,,,2017_Oct_03_1044,59.9963045767,Exp13,001,038,
G,J,Stomach Ache,7,3,59,6,,,,,,,,,,,,,mango,kiwi,stomach ache,m,1.26693534671,,,,,,,,,,2017_Oct_03_1044,59.9963045767,Exp13,001,038,
C,E,No Stomach Ache,7,4,60,3,,,,,,,,,,,,,strawberry,apple,no stomach ache,z,2.01704156119,,,,,,,,,,2017_Oct_03_1044,59.9963045767,Exp13,001,038,
F,I,Stomach Ache,7,5,61,5,,,,,,,,,,,,,cherry,pear,stomach ache,m,1.48366886843,,,,,,,,,,2017_Oct_03_1044,59.9963045767,Exp13,001,038,
A,D,Stomach Ache,7,6,62,1,,,,,,,,,,,,,plum,banana,stomach ache,m,1.4337949609,,,,,,,,,,2017_Oct_03_1044,59.9963045767,Exp13,001,038,
F, ,Stomach Ache,7,7,63,4,,,,,,,,,,,,,cherry,,stomach ache,m,0.68360580469,,,,,,,,,,2017_Oct_03_1044,59.9963045767,Exp13,001,038,
H,J,No Stomach Ache,8,0,64,7,,,,,,,,,,,,,peach,kiwi,no stomach ache,z,1.4504603094,,,,,,,,,,2017_Oct_03_1044,59.9963045767,Exp13,001,038,
A, ,Stomach Ache,8,1,65,0,,,,,,,,,,,,,plum,,stomach ache,m,1.68375978939,,,,,,,,,,2017_Oct_03_1044,59.9963045767,Exp13,001,038,
G,J,Stomach Ache,8,2,66,6,,,,,,,,,,,,,mango,kiwi,stomach ache,m,1.35041782359,,,,,,,,,,2017_Oct_03_1044,59.9963045767,Exp13,001,038,
B,E,Stomach Ache,8,3,67,2,,,,,,,,,,,,,orange,apple,stomach ache,m,1.88371492387,,,,,,,,,,2017_Oct_03_1044,59.9963045767,Exp13,001,038,
A,D,Stomach Ache,8,4,68,1,,,,,,,,,,,,,plum,banana,stomach ache,m,0.983747610589,,,,,,,,,,2017_Oct_03_1044,59.9963045767,Exp13,001,038,
F,I,Stomach Ache,8,5,69,5,,,,,,,,,,,,,cherry,pear,stomach ache,m,0.950304224854,,,,,,,,,,2017_Oct_03_1044,59.9963045767,Exp13,001,038,
C,E,No Stomach Ache,8,6,70,3,,,,,,,,,,,,,strawberry,apple,no stomach ache,z,1.16710004036,,,,,,,,,,2017_Oct_03_1044,59.9963045767,Exp13,001,038,
F, ,Stomach Ache,8,7,71,4,,,,,,,,,,,,,cherry,,stomach ache,m,0.883726822678,,,,,,,,,,2017_Oct_03_1044,59.9963045767,Exp13,001,038,
B,E,Stomach Ache,9,0,72,2,,,,,,,,,,,,,orange,apple,stomach ache,m,0.917145710846,,,,,,,,,,2017_Oct_03_1044,59.9963045767,Exp13,001,038,
F, ,Stomach Ache,9,1,73,4,,,,,,,,,,,,,cherry,,stomach ache,m,0.800317838497,,,,,,,,,,2017_Oct_03_1044,59.9963045767,Exp13,001,038,
A, ,Stomach Ache,9,2,74,0,,,,,,,,,,,,,plum,,stomach ache,m,0.816686416394,,,,,,,,,,2017_Oct_03_1044,59.9963045767,Exp13,001,038,
C,E,No Stomach Ache,9,3,75,3,,,,,,,,,,,,,strawberry,apple,no stomach ache,z,0.900317978463,,,,,,,,,,2017_Oct_03_1044,59.9963045767,Exp13,001,038,
G,J,Stomach Ache,9,4,76,6,,,,,,,,,,,,,mango,kiwi,stomach ache,m,1.23366589373,,,,,,,,,,2017_Oct_03_1044,59.9963045767,Exp13,001,038,
F,I,Stomach Ache,9,5,77,5,,,,,,,,,,,,,cherry,pear,stomach ache,m,0.783643390925,,,,,,,,,,2017_Oct_03_1044,59.9963045767,Exp13,001,038,
H,J,No Stomach Ache,9,6,78,7,,,,,,,,,,,,,peach,kiwi,no stomach ache,z,1.48367446789,,,,,,,,,,2017_Oct_03_1044,59.9963045767,Exp13,001,038,
A,D,Stomach Ache,9,7,79,1,,,,,,,,,,,,,plum,banana,stomach ache,m,0.666965303768,,,,,,,,,,2017_Oct_03_1044,59.9963045767,Exp13,001,038,
A, ,Stomach Ache,10,0,80,0,,,,,,,,,,,,,plum,,stomach ache,m,0.683619103336,,,,,,,,,,2017_Oct_03_1044,59.9963045767,Exp13,001,038,
H,J,No Stomach Ache,10,1,81,7,,,,,,,,,,,,,peach,kiwi,no stomach ache,z,1.13370809954,,,,,,,,,,2017_Oct_03_1044,59.9963045767,Exp13,001,038,
F,I,Stomach Ache,10,2,82,5,,,,,,,,,,,,,cherry,pear,stomach ache,m,0.650308004464,,,,,,,,,,2017_Oct_03_1044,59.9963045767,Exp13,001,038,
C,E,No Stomach Ache,10,3,83,3,,,,,,,,,,,,,strawberry,apple,no stomach ache,z,0.666919808253,,,,,,,,,,2017_Oct_03_1044,59.9963045767,Exp13,001,038,
F, ,Stomach Ache,10,4,84,4,,,,,,,,,,,,,cherry,,stomach ache,m,1.13361990824,,,,,,,,,,2017_Oct_03_1044,59.9963045767,Exp13,001,038,
A,D,Stomach Ache,10,5,85,1,,,,,,,,,,,,,plum,banana,stomach ache,m,0.93334420555,,,,,,,,,,2017_Oct_03_1044,59.9963045767,Exp13,001,038,
G,J,Stomach Ache,10,6,86,6,,,,,,,,,,,,,mango,kiwi,stomach ache,m,0.983713663998,,,,,,,,,,2017_Oct_03_1044,59.9963045767,Exp13,001,038,
B,E,Stomach Ache,10,7,87,2,,,,,,,,,,,,,orange,apple,stomach ache,m,1.06706630375,,,,,,,,,,2017_Oct_03_1044,59.9963045767,Exp13,001,038,
H,J,No Stomach Ache,11,0,88,7,,,,,,,,,,,,,peach,kiwi,no stomach ache,z,0.983868348645,,,,,,,,,,2017_Oct_03_1044,59.9963045767,Exp13,001,038,
B,E,Stomach Ache,11,1,89,2,,,,,,,,,,,,,orange,apple,stomach ache,m,1.03344023606,,,,,,,,,,2017_Oct_03_1044,59.9963045767,Exp13,001,038,
A,D,Stomach Ache,11,2,90,1,,,,,,,,,,,,,plum,banana,stomach ache,m,0.733643495943,,,,,,,,,,2017_Oct_03_1044,59.9963045767,Exp13,001,038,
F, ,Stomach Ache,11,3,91,4,,,,,,,,,,,,,cherry,,stomach ache,m,1.00035066524,,,,,,,,,,2017_Oct_03_1044,59.9963045767,Exp13,001,038,
C,E,No Stomach Ache,11,4,92,3,,,,,,,,,,,,,strawberry,apple,no stomach ache,z,1.45036021929,,,,,,,,,,2017_Oct_03_1044,59.9963045767,Exp13,001,038,
G,J,Stomach Ache,11,5,93,6,,,,,,,,,,,,,mango,kiwi,stomach ache,m,1.80037663266,,,,,,,,,,2017_Oct_03_1044,59.9963045767,Exp13,001,038,
A, ,Stomach Ache,11,6,94,0,,,,,,,,,,,,,plum,,stomach ache,m,0.917009924306,,,,,,,,,,2017_Oct_03_1044,59.9963045767,Exp13,001,038,
F,I,Stomach Ache,11,7,95,5,,,,,,,,,,,,,cherry,pear,stomach ache,m,1.05033621169,,,,,,,,,,2017_Oct_03_1044,59.9963045767,Exp13,001,038,
D,C,Stomach Ache,,,,,0,0,0,0,,,,,,,,,banana,strawberry,stomach ache,,,m,2.18364360096,,,,,,,,2017_Oct_03_1044,59.9963045767,Exp13,001,038,
D,C,Stomach Ache,,,,,1,0,1,0,,,,,,,,,banana,strawberry,stomach ache,,,m,0.883656479651,,,,,,,,2017_Oct_03_1044,59.9963045767,Exp13,001,038,
D,C,Stomach Ache,,,,,2,0,2,0,,,,,,,,,banana,strawberry,stomach ache,,,m,2.20036179415,,,,,,,,2017_Oct_03_1044,59.9963045767,Exp13,001,038,
D,C,Stomach Ache,,,,,3,0,3,0,,,,,,,,,banana,strawberry,stomach ache,,,m,1.75034699065,,,,,,,,2017_Oct_03_1044,59.9963045767,Exp13,001,038,
D,C,Stomach Ache,,,,,4,0,4,0,,,,,,,,,banana,strawberry,stomach ache,,,m,1.5836753078,,,,,,,,2017_Oct_03_1044,59.9963045767,Exp13,001,038,
D,C,Stomach Ache,,,,,5,0,5,0,,,,,,,,,banana,strawberry,stomach ache,,,m,0.883798915544,,,,,,,,2017_Oct_03_1044,59.9963045767,Exp13,001,038,
,,,,,,,,,,,,,,,,,,,,,,,,,,space,12.7676919717,,,,,,2017_Oct_03_1044,59.9963045767,Exp13,001,038,
J, ,,,,,,,,,,0,0,0,9,,,,,kiwi,,,,,,,,,3,6.453,"[(None, 0.0), (u'3', 6.453)]",,,2017_Oct_03_1044,59.9963045767,Exp13,001,038,
G, ,,,,,,,,,,0,1,1,6,,,,,mango,,,,,,,,,7,3.537,"[(None, 0.0), (u'7', 3.536)]",,,2017_Oct_03_1044,59.9963045767,Exp13,001,038,
C, ,,,,,,,,,,0,2,2,2,,,,,strawberry,,,,,,,,,2,3.62,"[(None, 0.0), (u'2', 3.62)]",,,2017_Oct_03_1044,59.9963045767,Exp13,001,038,
I,C,,,,,,,,,,0,3,3,10,,,,,pear,strawberry,,,,,,,,5,2.32,"[(None, 0.0), (u'5', 2.32)]",,,2017_Oct_03_1044,59.9963045767,Exp13,001,038,
D, ,,,,,,,,,,0,4,4,3,,,,,banana,,,,,,,,,7,2.236,"[(None, 0.0), (u'7', 2.236)]",,,2017_Oct_03_1044,59.9963045767,Exp13,001,038,
I, ,,,,,,,,,,0,5,5,8,,,,,pear,,,,,,,,,8,1.77,"[(None, 0.0), (u'8', 1.77)]",,,2017_Oct_03_1044,59.9963045767,Exp13,001,038,
E, ,,,,,,,,,,0,6,6,4,,,,,apple,,,,,,,,,2,1.636,"[(None, 0.0), (u'2', 1.636)]",,,2017_Oct_03_1044,59.9963045767,Exp13,001,038,
B, ,,,,,,,,,,0,7,7,1,,,,,orange,,,,,,,,,7,2.337,"[(None, 0.0), (u'7', 2.336)]",,,2017_Oct_03_1044,59.9963045767,Exp13,001,038,
F, ,,,,,,,,,,0,8,8,5,,,,,cherry,,,,,,,,,7,1.52,"[(None, 0.0), (u'7', 1.52)]",,,2017_Oct_03_1044,59.9963045767,Exp13,001,038,
H, ,,,,,,,,,,0,9,9,7,,,,,peach,,,,,,,,,2,1.887,"[(None, 0.0), (u'2', 1.886)]",,,2017_Oct_03_1044,59.9963045767,Exp13,001,038,
D,H,,,,,,,,,,0,10,10,11,,,,,banana,peach,,,,,,,,5,2.036,"[(None, 0.0), (u'5', 2.036)]",,,2017_Oct_03_1044,59.9963045767,Exp13,001,038,
A, ,,,,,,,,,,0,11,11,0,,,,,plum,,,,,,,,,8,3.337,"[(None, 0.0), (u'8', 3.337)]",,,2017_Oct_03_1044,59.9963045767,Exp13,001,038,
E, ,,,,,,,,,,1,0,12,4,,,,,apple,,,,,,,,,2,1.337,"[(None, 0.0), (u'2', 1.337)]",,,2017_Oct_03_1044,59.9963045767,Exp13,001,038,
J, ,,,,,,,,,,1,1,13,9,,,,,kiwi,,,,,,,,,2,1.386,"[(None, 0.0), (u'2', 1.386)]",,,2017_Oct_03_1044,59.9963045767,Exp13,001,038,
I,C,,,,,,,,,,1,2,14,10,,,,,pear,strawberry,,,,,,,,5,1.503,"[(None, 0.0), (u'5', 1.503)]",,,2017_Oct_03_1044,59.9963045767,Exp13,001,038,
I, ,,,,,,,,,,1,3,15,8,,,,,pear,,,,,,,,,8,2.17,"[(None, 0.0), (u'8', 2.17)]",,,2017_Oct_03_1044,59.9963045767,Exp13,001,038,
D, ,,,,,,,,,,1,4,16,3,,,,,banana,,,,,,,,,8,1.17,"[(None, 0.0), (u'8', 1.17)]",,,2017_Oct_03_1044,59.9963045767,Exp13,001,038,
B, ,,,,,,,,,,1,5,17,1,,,,,orange,,,,,,,,,8,0.953,"[(None, 0.0), (u'8', 0.953)]",,,2017_Oct_03_1044,59.9963045767,Exp13,001,038,
H, ,,,,,,,,,,1,6,18,7,,,,,peach,,,,,,,,,2,1.37,"[(None, 0.0), (u'2', 1.37)]",,,2017_Oct_03_1044,59.9963045767,Exp13,001,038,
C, ,,,,,,,,,,1,7,19,2,,,,,strawberry,,,,,,,,,2,0.836,"[(None, 0.0), (u'2', 0.836)]",,,2017_Oct_03_1044,59.9963045767,Exp13,001,038,
G, ,,,,,,,,,,1,8,20,6,,,,,mango,,,,,,,,,8,2.036,"[(None, 0.0), (u'8', 2.036)]",,,2017_Oct_03_1044,59.9963045767,Exp13,001,038,
D,H,,,,,,,,,,1,9,21,11,,,,,banana,peach,,,,,,,,5,1.787,"[(None, 0.0), (u'5', 1.786)]",,,2017_Oct_03_1044,59.9963045767,Exp13,001,038,
A, ,,,,,,,,,,1,10,22,0,,,,,plum,,,,,,,,,8,1.653,"[(None, 0.0), (u'8', 1.653)]",,,2017_Oct_03_1044,59.9963045767,Exp13,001,038,
F, ,,,,,,,,,,1,11,23,5,,,,,cherry,,,,,,,,,8,1.003,"[(None, 0.0), (u'8', 1.003)]",,,2017_Oct_03_1044,59.9963045767,Exp13,001,038,
,,,,,,,,,,,,,,,,,,,,,,,,,,,,,,,space,11.4513754687,2017_Oct_03_1044,59.9963045767,Exp13,001,038,
