stim1,stim2,outcome,train_trials.thisRepN,train_trials.thisTrialN,train_trials.thisN,train_trials.thisIndex,train_trials2.thisRepN,train_trials2.thisTrialN,train_trials2.thisN,train_trials2.thisIndex,test_trials.thisRepN,test_trials.thisTrialN,test_trials.thisN,test_trials.thisIndex,start_exp.keys,start_exp.rt,start_exp2.keys,start_exp2.rt,stim.A,stim.B,pressed,key_ans.keys,key_ans.rt,key_answ.keys,key_answ.rt,start.keys,start.rt,rating.response,rating.rt,rating.history,exit_exp.keys,exit_exp.rt,date,frameRate,expName,session,participant,
,,,,,,,,,,,,,,,space,553.236410036,,,,,,,,,,,,,,,,,2017_Oct_03_0930,59.9819681868,Exp13,001,039,
,,,,,,,,,,,,,,,,,space,11.9662839323,,,,,,,,,,,,,,,2017_Oct_03_0930,59.9819681868,Exp13,001,039,
C,E,No Stomach Ache,0,0,0,3,,,,,,,,,,,,,peach,apple,stomach ache,m,12.5949347331,,,,,,,,,,2017_Oct_03_0930,59.9819681868,Exp13,001,039,
A,D,Stomach Ache,0,1,1,1,,,,,,,,,,,,,pear,banana,no stomach ache,z,5.61785225209,,,,,,,,,,2017_Oct_03_0930,59.9819681868,Exp13,001,039,
B,E,Stomach Ache,0,2,2,2,,,,,,,,,,,,,kiwi,apple,stomach ache,m,2.62135646096,,,,,,,,,,2017_Oct_03_0930,59.9819681868,Exp13,001,039,
F,I,Stomach Ache,0,3,3,5,,,,,,,,,,,,,orange,cherry,stomach ache,m,2.93151411711,,,,,,,,,,2017_Oct_03_0930,59.9819681868,Exp13,001,039,
F, ,Stomach Ache,0,4,4,4,,,,,,,,,,,,,orange,,stomach ache,m,2.01703879127,,,,,,,,,,2017_Oct_03_0930,59.9819681868,Exp13,001,039,
G,J,Stomach Ache,0,5,5,6,,,,,,,,,,,,,mango,strawberry,no stomach ache,z,2.53126473137,,,,,,,,,,2017_Oct_03_0930,59.9819681868,Exp13,001,039,
H,J,No Stomach Ache,0,6,6,7,,,,,,,,,,,,,plum,strawberry,stomach ache,m,1.86658073839,,,,,,,,,,2017_Oct_03_0930,59.9819681868,Exp13,001,039,
A, ,Stomach Ache,0,7,7,0,,,,,,,,,,,,,pear,,no stomach ache,z,1.93348652509,,,,,,,,,,2017_Oct_03_0930,59.9819681868,Exp13,001,039,
F, ,Stomach Ache,1,0,8,4,,,,,,,,,,,,,orange,,no stomach ache,z,4.10252636904,,,,,,,,,,2017_Oct_03_0930,59.9819681868,Exp13,001,039,
A,D,Stomach Ache,1,1,9,1,,,,,,,,,,,,,pear,banana,no stomach ache,z,2.1384451224,,,,,,,,,,2017_Oct_03_0930,59.9819681868,Exp13,001,039,
B,E,Stomach Ache,1,2,10,2,,,,,,,,,,,,,kiwi,apple,no stomach ache,z,2.86880232207,,,,,,,,,,2017_Oct_03_0930,59.9819681868,Exp13,001,039,
F,I,Stomach Ache,1,3,11,5,,,,,,,,,,,,,orange,cherry,stomach ache,m,1.88258992985,,,,,,,,,,2017_Oct_03_0930,59.9819681868,Exp13,001,039,
G,J,Stomach Ache,1,4,12,6,,,,,,,,,,,,,mango,strawberry,stomach ache,m,4.44767676864,,,,,,,,,,2017_Oct_03_0930,59.9819681868,Exp13,001,039,
C,E,No Stomach Ache,1,5,13,3,,,,,,,,,,,,,peach,apple,no stomach ache,z,4.04948763241,,,,,,,,,,2017_Oct_03_0930,59.9819681868,Exp13,001,039,
A, ,Stomach Ache,1,6,14,0,,,,,,,,,,,,,pear,,stomach ache,m,2.30563819612,,,,,,,,,,2017_Oct_03_0930,59.9819681868,Exp13,001,039,
H,J,No Stomach Ache,1,7,15,7,,,,,,,,,,,,,plum,strawberry,stomach ache,m,2.18248203536,,,,,,,,,,2017_Oct_03_0930,59.9819681868,Exp13,001,039,
A, ,Stomach Ache,2,0,16,0,,,,,,,,,,,,,pear,,stomach ache,m,2.50246778474,,,,,,,,,,2017_Oct_03_0930,59.9819681868,Exp13,001,039,
H,J,No Stomach Ache,2,1,17,7,,,,,,,,,,,,,plum,strawberry,stomach ache,m,1.45080406422,,,,,,,,,,2017_Oct_03_0930,59.9819681868,Exp13,001,039,
A,D,Stomach Ache,2,2,18,1,,,,,,,,,,,,,pear,banana,stomach ache,m,1.05040769279,,,,,,,,,,2017_Oct_03_0930,59.9819681868,Exp13,001,039,
F,I,Stomach Ache,2,3,19,5,,,,,,,,,,,,,orange,cherry,stomach ache,m,1.81538877188,,,,,,,,,,2017_Oct_03_0930,59.9819681868,Exp13,001,039,
F, ,Stomach Ache,2,4,20,4,,,,,,,,,,,,,orange,,stomach ache,m,2.95384894277,,,,,,,,,,2017_Oct_03_0930,59.9819681868,Exp13,001,039,
C,E,No Stomach Ache,2,5,21,3,,,,,,,,,,,,,peach,apple,no stomach ache,z,1.63399828027,,,,,,,,,,2017_Oct_03_0930,59.9819681868,Exp13,001,039,
G,J,Stomach Ache,2,6,22,6,,,,,,,,,,,,,mango,strawberry,stomach ache,m,2.73347959574,,,,,,,,,,2017_Oct_03_0930,59.9819681868,Exp13,001,039,
B,E,Stomach Ache,2,7,23,2,,,,,,,,,,,,,kiwi,apple,stomach ache,m,1.39511398564,,,,,,,,,,2017_Oct_03_0930,59.9819681868,Exp13,001,039,
B,E,Stomach Ache,3,0,24,2,,,,,,,,,,,,,kiwi,apple,stomach ache,m,0.90288585407,,,,,,,,,,2017_Oct_03_0930,59.9819681868,Exp13,001,039,
H,J,No Stomach Ache,3,1,25,7,,,,,,,,,,,,,plum,strawberry,no stomach ache,z,1.95128999191,,,,,,,,,,2017_Oct_03_0930,59.9819681868,Exp13,001,039,
A,D,Stomach Ache,3,2,26,1,,,,,,,,,,,,,pear,banana,stomach ache,m,1.04930145049,,,,,,,,,,2017_Oct_03_0930,59.9819681868,Exp13,001,039,
F, ,Stomach Ache,3,3,27,4,,,,,,,,,,,,,orange,,stomach ache,m,1.83325908222,,,,,,,,,,2017_Oct_03_0930,59.9819681868,Exp13,001,039,
A, ,Stomach Ache,3,4,28,0,,,,,,,,,,,,,pear,,stomach ache,m,2.20030824997,,,,,,,,,,2017_Oct_03_0930,59.9819681868,Exp13,001,039,
G,J,Stomach Ache,3,5,29,6,,,,,,,,,,,,,mango,strawberry,stomach ache,m,1.43357594142,,,,,,,,,,2017_Oct_03_0930,59.9819681868,Exp13,001,039,
C,E,No Stomach Ache,3,6,30,3,,,,,,,,,,,,,peach,apple,no stomach ache,z,1.18569157296,,,,,,,,,,2017_Oct_03_0930,59.9819681868,Exp13,001,039,
F,I,Stomach Ache,3,7,31,5,,,,,,,,,,,,,orange,cherry,stomach ache,m,1.2349293296,,,,,,,,,,2017_Oct_03_0930,59.9819681868,Exp13,001,039,
G,J,Stomach Ache,4,0,32,6,,,,,,,,,,,,,mango,strawberry,stomach ache,m,1.2146257062,,,,,,,,,,2017_Oct_03_0930,59.9819681868,Exp13,001,039,
F,I,Stomach Ache,4,1,33,5,,,,,,,,,,,,,orange,cherry,stomach ache,m,1.11635072326,,,,,,,,,,2017_Oct_03_0930,59.9819681868,Exp13,001,039,
F, ,Stomach Ache,4,2,34,4,,,,,,,,,,,,,orange,,stomach ache,m,0.650433380331,,,,,,,,,,2017_Oct_03_0930,59.9819681868,Exp13,001,039,
H,J,No Stomach Ache,4,3,35,7,,,,,,,,,,,,,plum,strawberry,stomach ache,m,1.61481909739,,,,,,,,,,2017_Oct_03_0930,59.9819681868,Exp13,001,039,
A, ,Stomach Ache,4,4,36,0,,,,,,,,,,,,,pear,,stomach ache,m,1.43832392915,,,,,,,,,,2017_Oct_03_0930,59.9819681868,Exp13,001,039,
B,E,Stomach Ache,4,5,37,2,,,,,,,,,,,,,kiwi,apple,stomach ache,m,2.24893251644,,,,,,,,,,2017_Oct_03_0930,59.9819681868,Exp13,001,039,
A,D,Stomach Ache,4,6,38,1,,,,,,,,,,,,,pear,banana,stomach ache,m,1.3162743607,,,,,,,,,,2017_Oct_03_0930,59.9819681868,Exp13,001,039,
C,E,No Stomach Ache,4,7,39,3,,,,,,,,,,,,,peach,apple,no stomach ache,z,1.70265984605,,,,,,,,,,2017_Oct_03_0930,59.9819681868,Exp13,001,039,
G,J,Stomach Ache,5,0,40,6,,,,,,,,,,,,,mango,strawberry,stomach ache,m,1.06698767876,,,,,,,,,,2017_Oct_03_0930,59.9819681868,Exp13,001,039,
F, ,Stomach Ache,5,1,41,4,,,,,,,,,,,,,orange,,stomach ache,m,0.771664728469,,,,,,,,,,2017_Oct_03_0930,59.9819681868,Exp13,001,039,
F,I,Stomach Ache,5,2,42,5,,,,,,,,,,,,,orange,cherry,stomach ache,m,1.10548428114,,,,,,,,,,2017_Oct_03_0930,59.9819681868,Exp13,001,039,
A, ,Stomach Ache,5,3,43,0,,,,,,,,,,,,,pear,,stomach ache,m,0.8837668653,,,,,,,,,,2017_Oct_03_0930,59.9819681868,Exp13,001,039,
A,D,Stomach Ache,5,4,44,1,,,,,,,,,,,,,pear,banana,stomach ache,m,1.60011632869,,,,,,,,,,2017_Oct_03_0930,59.9819681868,Exp13,001,039,
H,J,No Stomach Ache,5,5,45,7,,,,,,,,,,,,,plum,strawberry,no stomach ache,z,1.96492676437,,,,,,,,,,2017_Oct_03_0930,59.9819681868,Exp13,001,039,
B,E,Stomach Ache,5,6,46,2,,,,,,,,,,,,,kiwi,apple,stomach ache,m,0.953155660303,,,,,,,,,,2017_Oct_03_0930,59.9819681868,Exp13,001,039,
C,E,No Stomach Ache,5,7,47,3,,,,,,,,,,,,,peach,apple,stomach ache,m,3.25056125788,,,,,,,,,,2017_Oct_03_0930,59.9819681868,Exp13,001,039,
H,J,No Stomach Ache,6,0,48,7,,,,,,,,,,,,,plum,strawberry,stomach ache,m,0.999023595068,,,,,,,,,,2017_Oct_03_0930,59.9819681868,Exp13,001,039,
A, ,Stomach Ache,6,1,49,0,,,,,,,,,,,,,pear,,stomach ache,m,0.919397946622,,,,,,,,,,2017_Oct_03_0930,59.9819681868,Exp13,001,039,
G,J,Stomach Ache,6,2,50,6,,,,,,,,,,,,,mango,strawberry,stomach ache,m,1.46302732429,,,,,,,,,,2017_Oct_03_0930,59.9819681868,Exp13,001,039,
A,D,Stomach Ache,6,3,51,1,,,,,,,,,,,,,pear,banana,no stomach ache,z,2.4824609324,,,,,,,,,,2017_Oct_03_0930,59.9819681868,Exp13,001,039,
B,E,Stomach Ache,6,4,52,2,,,,,,,,,,,,,kiwi,apple,stomach ache,m,1.82058576599,,,,,,,,,,2017_Oct_03_0930,59.9819681868,Exp13,001,039,
F,I,Stomach Ache,6,5,53,5,,,,,,,,,,,,,orange,cherry,stomach ache,m,0.83297386003,,,,,,,,,,2017_Oct_03_0930,59.9819681868,Exp13,001,039,
C,E,No Stomach Ache,6,6,54,3,,,,,,,,,,,,,peach,apple,no stomach ache,z,1.49844492634,,,,,,,,,,2017_Oct_03_0930,59.9819681868,Exp13,001,039,
F, ,Stomach Ache,6,7,55,4,,,,,,,,,,,,,orange,,stomach ache,m,0.71690765908,,,,,,,,,,2017_Oct_03_0930,59.9819681868,Exp13,001,039,
C,E,No Stomach Ache,7,0,56,3,,,,,,,,,,,,,peach,apple,no stomach ache,z,2.54822758003,,,,,,,,,,2017_Oct_03_0930,59.9819681868,Exp13,001,039,
B,E,Stomach Ache,7,1,57,2,,,,,,,,,,,,,kiwi,apple,stomach ache,m,0.934042270936,,,,,,,,,,2017_Oct_03_0930,59.9819681868,Exp13,001,039,
A, ,Stomach Ache,7,2,58,0,,,,,,,,,,,,,pear,,stomach ache,m,0.752489045146,,,,,,,,,,2017_Oct_03_0930,59.9819681868,Exp13,001,039,
H,J,No Stomach Ache,7,3,59,7,,,,,,,,,,,,,plum,strawberry,no stomach ache,z,6.65311831894,,,,,,,,,,2017_Oct_03_0930,59.9819681868,Exp13,001,039,
F,I,Stomach Ache,7,4,60,5,,,,,,,,,,,,,orange,cherry,stomach ache,m,2.85012184066,,,,,,,,,,2017_Oct_03_0930,59.9819681868,Exp13,001,039,
F, ,Stomach Ache,7,5,61,4,,,,,,,,,,,,,orange,,stomach ache,m,1.10019559599,,,,,,,,,,2017_Oct_03_0930,59.9819681868,Exp13,001,039,
A,D,Stomach Ache,7,6,62,1,,,,,,,,,,,,,pear,banana,stomach ache,m,1.66619339609,,,,,,,,,,2017_Oct_03_0930,59.9819681868,Exp13,001,039,
G,J,Stomach Ache,7,7,63,6,,,,,,,,,,,,,mango,strawberry,stomach ache,m,1.13373493095,,,,,,,,,,2017_Oct_03_0930,59.9819681868,Exp13,001,039,
A, ,Stomach Ache,8,0,64,0,,,,,,,,,,,,,pear,,stomach ache,m,1.23832609894,,,,,,,,,,2017_Oct_03_0930,59.9819681868,Exp13,001,039,
C,E,No Stomach Ache,8,1,65,3,,,,,,,,,,,,,peach,apple,no stomach ache,z,0.970027517818,,,,,,,,,,2017_Oct_03_0930,59.9819681868,Exp13,001,039,
F, ,Stomach Ache,8,2,66,4,,,,,,,,,,,,,orange,,stomach ache,m,0.75275781902,,,,,,,,,,2017_Oct_03_0930,59.9819681868,Exp13,001,039,
F,I,Stomach Ache,8,3,67,5,,,,,,,,,,,,,orange,cherry,stomach ache,m,1.53351221263,,,,,,,,,,2017_Oct_03_0930,59.9819681868,Exp13,001,039,
H,J,No Stomach Ache,8,4,68,7,,,,,,,,,,,,,plum,strawberry,no stomach ache,z,1.74849033449,,,,,,,,,,2017_Oct_03_0930,59.9819681868,Exp13,001,039,
G,J,Stomach Ache,8,5,69,6,,,,,,,,,,,,,mango,strawberry,stomach ache,m,1.16941465746,,,,,,,,,,2017_Oct_03_0930,59.9819681868,Exp13,001,039,
B,E,Stomach Ache,8,6,70,2,,,,,,,,,,,,,kiwi,apple,stomach ache,m,0.982058646623,,,,,,,,,,2017_Oct_03_0930,59.9819681868,Exp13,001,039,
A,D,Stomach Ache,8,7,71,1,,,,,,,,,,,,,pear,banana,stomach ache,m,1.14678341063,,,,,,,,,,2017_Oct_03_0930,59.9819681868,Exp13,001,039,
C,E,No Stomach Ache,9,0,72,3,,,,,,,,,,,,,peach,apple,no stomach ache,z,0.815580553201,,,,,,,,,,2017_Oct_03_0930,59.9819681868,Exp13,001,039,
F, ,Stomach Ache,9,1,73,4,,,,,,,,,,,,,orange,,stomach ache,m,1.78550763085,,,,,,,,,,2017_Oct_03_0930,59.9819681868,Exp13,001,039,
H,J,No Stomach Ache,9,2,74,7,,,,,,,,,,,,,plum,strawberry,no stomach ache,z,3.03169291472,,,,,,,,,,2017_Oct_03_0930,59.9819681868,Exp13,001,039,
A,D,Stomach Ache,9,3,75,1,,,,,,,,,,,,,pear,banana,stomach ache,m,1.53525854257,,,,,,,,,,2017_Oct_03_0930,59.9819681868,Exp13,001,039,
A, ,Stomach Ache,9,4,76,0,,,,,,,,,,,,,pear,,stomach ache,m,0.734249520814,,,,,,,,,,2017_Oct_03_0930,59.9819681868,Exp13,001,039,
B,E,Stomach Ache,9,5,77,2,,,,,,,,,,,,,kiwi,apple,stomach ache,m,1.60373497638,,,,,,,,,,2017_Oct_03_0930,59.9819681868,Exp13,001,039,
F,I,Stomach Ache,9,6,78,5,,,,,,,,,,,,,orange,cherry,stomach ache,m,0.821189457201,,,,,,,,,,2017_Oct_03_0930,59.9819681868,Exp13,001,039,
G,J,Stomach Ache,9,7,79,6,,,,,,,,,,,,,mango,strawberry,stomach ache,m,2.2363347928,,,,,,,,,,2017_Oct_03_0930,59.9819681868,Exp13,001,039,
B,E,Stomach Ache,10,0,80,2,,,,,,,,,,,,,kiwi,apple,stomach ache,m,0.771197173977,,,,,,,,,,2017_Oct_03_0930,59.9819681868,Exp13,001,039,
C,E,No Stomach Ache,10,1,81,3,,,,,,,,,,,,,peach,apple,no stomach ache,z,1.00530513359,,,,,,,,,,2017_Oct_03_0930,59.9819681868,Exp13,001,039,
A,D,Stomach Ache,10,2,82,1,,,,,,,,,,,,,pear,banana,stomach ache,m,0.97182809253,,,,,,,,,,2017_Oct_03_0930,59.9819681868,Exp13,001,039,
A, ,Stomach Ache,10,3,83,0,,,,,,,,,,,,,pear,,stomach ache,m,0.750269211247,,,,,,,,,,2017_Oct_03_0930,59.9819681868,Exp13,001,039,
H,J,No Stomach Ache,10,4,84,7,,,,,,,,,,,,,plum,strawberry,stomach ache,m,2.0821027073,,,,,,,,,,2017_Oct_03_0930,59.9819681868,Exp13,001,039,
F,I,Stomach Ache,10,5,85,5,,,,,,,,,,,,,orange,cherry,stomach ache,m,0.618361802422,,,,,,,,,,2017_Oct_03_0930,59.9819681868,Exp13,001,039,
G,J,Stomach Ache,10,6,86,6,,,,,,,,,,,,,mango,strawberry,stomach ache,m,1.16754058993,,,,,,,,,,2017_Oct_03_0930,59.9819681868,Exp13,001,039,
F, ,Stomach Ache,10,7,87,4,,,,,,,,,,,,,orange,,stomach ache,m,0.7216220501,,,,,,,,,,2017_Oct_03_0930,59.9819681868,Exp13,001,039,
G,J,Stomach Ache,11,0,88,6,,,,,,,,,,,,,mango,strawberry,stomach ache,m,1.91938429791,,,,,,,,,,2017_Oct_03_0930,59.9819681868,Exp13,001,039,
A, ,Stomach Ache,11,1,89,0,,,,,,,,,,,,,pear,,stomach ache,m,0.97009401134,,,,,,,,,,2017_Oct_03_0930,59.9819681868,Exp13,001,039,
C,E,No Stomach Ache,11,2,90,3,,,,,,,,,,,,,peach,apple,stomach ache,m,0.596097319969,,,,,,,,,,2017_Oct_03_0930,59.9819681868,Exp13,001,039,
F,I,Stomach Ache,11,3,91,5,,,,,,,,,,,,,orange,cherry,stomach ache,m,1.11522698269,,,,,,,,,,2017_Oct_03_0930,59.9819681868,Exp13,001,039,
F, ,Stomach Ache,11,4,92,4,,,,,,,,,,,,,orange,,stomach ache,m,0.567450858653,,,,,,,,,,2017_Oct_03_0930,59.9819681868,Exp13,001,039,
A,D,Stomach Ache,11,5,93,1,,,,,,,,,,,,,pear,banana,stomach ache,m,1.4497212696,,,,,,,,,,2017_Oct_03_0930,59.9819681868,Exp13,001,039,
B,E,Stomach Ache,11,6,94,2,,,,,,,,,,,,,kiwi,apple,stomach ache,m,1.05454883969,,,,,,,,,,2017_Oct_03_0930,59.9819681868,Exp13,001,039,
H,J,No Stomach Ache,11,7,95,7,,,,,,,,,,,,,plum,strawberry,no stomach ache,z,1.32100275042,,,,,,,,,,2017_Oct_03_0930,59.9819681868,Exp13,001,039,
D,C,Stomach Ache,,,,,0,0,0,0,,,,,,,,,banana,peach,stomach ache,,,m,1.16705308738,,,,,,,,2017_Oct_03_0930,59.9819681868,Exp13,001,039,
D,C,Stomach Ache,,,,,1,0,1,0,,,,,,,,,banana,peach,stomach ache,,,m,1.01949205244,,,,,,,,2017_Oct_03_0930,59.9819681868,Exp13,001,039,
D,C,Stomach Ache,,,,,2,0,2,0,,,,,,,,,banana,peach,stomach ache,,,m,2.20019521099,,,,,,,,2017_Oct_03_0930,59.9819681868,Exp13,001,039,
D,C,Stomach Ache,,,,,3,0,3,0,,,,,,,,,banana,peach,stomach ache,,,m,0.752799115027,,,,,,,,2017_Oct_03_0930,59.9819681868,Exp13,001,039,
D,C,Stomach Ache,,,,,4,0,4,0,,,,,,,,,banana,peach,stomach ache,,,m,1.2861713412,,,,,,,,2017_Oct_03_0930,59.9819681868,Exp13,001,039,
D,C,Stomach Ache,,,,,5,0,5,0,,,,,,,,,banana,peach,stomach ache,,,m,0.488597935007,,,,,,,,2017_Oct_03_0930,59.9819681868,Exp13,001,039,
,,,,,,,,,,,,,,,,,,,,,,,,,,space,9.29967372678,,,,,,2017_Oct_03_0930,59.9819681868,Exp13,001,039,
D, ,,,,,,,,,,0,0,0,3,,,,,banana,,,,,,,,,9,9.786,"[(None, 0.0), (u'9', 9.786)]",,,2017_Oct_03_0930,59.9819681868,Exp13,001,039,
F, ,,,,,,,,,,0,1,1,5,,,,,orange,,,,,,,,,9,1.103,"[(None, 0.0), (u'9', 1.103)]",,,2017_Oct_03_0930,59.9819681868,Exp13,001,039,
C, ,,,,,,,,,,0,2,2,2,,,,,peach,,,,,,,,,1,2.705,"[(None, 0.0), (u'1', 2.705)]",,,2017_Oct_03_0930,59.9819681868,Exp13,001,039,
A, ,,,,,,,,,,0,3,3,0,,,,,pear,,,,,,,,,7,1.804,"[(None, 0.0), (u'7', 1.804)]",,,2017_Oct_03_0930,59.9819681868,Exp13,001,039,
G, ,,,,,,,,,,0,4,4,6,,,,,mango,,,,,,,,,7,1.27,"[(None, 0.0), (u'7', 1.27)]",,,2017_Oct_03_0930,59.9819681868,Exp13,001,039,
I, ,,,,,,,,,,0,5,5,8,,,,,cherry,,,,,,,,,2,1.927,"[(None, 0.0), (u'2', 1.927)]",,,2017_Oct_03_0930,59.9819681868,Exp13,001,039,
H, ,,,,,,,,,,0,6,6,7,,,,,plum,,,,,,,,,2,1.405,"[(None, 0.0), (u'2', 1.405)]",,,2017_Oct_03_0930,59.9819681868,Exp13,001,039,
I,C,,,,,,,,,,0,7,7,10,,,,,cherry,peach,,,,,,,,2,3.303,"[(None, 0.0), (u'2', 3.303)]",,,2017_Oct_03_0930,59.9819681868,Exp13,001,039,
B, ,,,,,,,,,,0,8,8,1,,,,,kiwi,,,,,,,,,8,1.636,"[(None, 0.0), (u'8', 1.636)]",,,2017_Oct_03_0930,59.9819681868,Exp13,001,039,
D,H,,,,,,,,,,0,9,9,11,,,,,banana,plum,,,,,,,,6,4.703,"[(None, 0.0), (u'6', 4.703)]",,,2017_Oct_03_0930,59.9819681868,Exp13,001,039,
J, ,,,,,,,,,,0,10,10,9,,,,,strawberry,,,,,,,,,8,4.571,"[(None, 0.0), (u'8', 4.571)]",,,2017_Oct_03_0930,59.9819681868,Exp13,001,039,
E, ,,,,,,,,,,0,11,11,4,,,,,apple,,,,,,,,,5,2.439,"[(None, 0.0), (u'5', 2.439)]",,,2017_Oct_03_0930,59.9819681868,Exp13,001,039,
G, ,,,,,,,,,,1,0,12,6,,,,,mango,,,,,,,,,7,1.838,"[(None, 0.0), (u'7', 1.838)]",,,2017_Oct_03_0930,59.9819681868,Exp13,001,039,
H, ,,,,,,,,,,1,1,13,7,,,,,plum,,,,,,,,,1,1.403,"[(None, 0.0), (u'1', 1.403)]",,,2017_Oct_03_0930,59.9819681868,Exp13,001,039,
B, ,,,,,,,,,,1,2,14,1,,,,,kiwi,,,,,,,,,7,1.376,"[(None, 0.0), (u'7', 1.375)]",,,2017_Oct_03_0930,59.9819681868,Exp13,001,039,
E, ,,,,,,,,,,1,3,15,4,,,,,apple,,,,,,,,,1,1.172,"[(None, 0.0), (u'1', 1.172)]",,,2017_Oct_03_0930,59.9819681868,Exp13,001,039,
D, ,,,,,,,,,,1,4,16,3,,,,,banana,,,,,,,,,8,1.876,"[(None, 0.0), (u'8', 1.876)]",,,2017_Oct_03_0930,59.9819681868,Exp13,001,039,
A, ,,,,,,,,,,1,5,17,0,,,,,pear,,,,,,,,,8,1.671,"[(None, 0.0), (u'8', 1.671)]",,,2017_Oct_03_0930,59.9819681868,Exp13,001,039,
J, ,,,,,,,,,,1,6,18,9,,,,,strawberry,,,,,,,,,8,1.237,"[(None, 0.0), (u'8', 1.237)]",,,2017_Oct_03_0930,59.9819681868,Exp13,001,039,
I,C,,,,,,,,,,1,7,19,10,,,,,cherry,peach,,,,,,,,3,5.471,"[(None, 0.0), (u'3', 5.471)]",,,2017_Oct_03_0930,59.9819681868,Exp13,001,039,
I, ,,,,,,,,,,1,8,20,8,,,,,cherry,,,,,,,,,5,1.825,"[(None, 0.0), (u'5', 1.825)]",,,2017_Oct_03_0930,59.9819681868,Exp13,001,039,
D,H,,,,,,,,,,1,9,21,11,,,,,banana,plum,,,,,,,,6,3.069,"[(None, 0.0), (u'6', 3.069)]",,,2017_Oct_03_0930,59.9819681868,Exp13,001,039,
C, ,,,,,,,,,,1,10,22,2,,,,,peach,,,,,,,,,1,1.909,"[(None, 0.0), (u'1', 1.909)]",,,2017_Oct_03_0930,59.9819681868,Exp13,001,039,
F, ,,,,,,,,,,1,11,23,5,,,,,orange,,,,,,,,,10,1.586,"[(None, 0.0), (u'10', 1.586)]",,,2017_Oct_03_0930,59.9819681868,Exp13,001,039,
,,,,,,,,,,,,,,,,,,,,,,,,,,,,,,,space,1.53337922553,2017_Oct_03_0930,59.9819681868,Exp13,001,039,
