stim1,stim2,outcome,train_trials.thisRepN,train_trials.thisTrialN,train_trials.thisN,train_trials.thisIndex,train_trials2.thisRepN,train_trials2.thisTrialN,train_trials2.thisN,train_trials2.thisIndex,test_trials.thisRepN,test_trials.thisTrialN,test_trials.thisN,test_trials.thisIndex,start_exp.keys,start_exp.rt,start_exp2.keys,start_exp2.rt,stim.A,stim.B,pressed,key_ans.keys,key_ans.rt,key_answ.keys,key_answ.rt,start.keys,start.rt,rating.response,rating.rt,rating.history,exit_exp.keys,exit_exp.rt,date,frameRate,expName,session,participant,
,,,,,,,,,,,,,,,space,590.583830692,,,,,,,,,,,,,,,,,2017_Oct_03_1111,59.9930295112,Exp13,001,040,
,,,,,,,,,,,,,,,,,space,5.13369935041,,,,,,,,,,,,,,,2017_Oct_03_1111,59.9930295112,Exp13,001,040,
G,J,Stomach Ache,0,0,0,6,,,,,,,,,,,,,orange,apple,stomach ache,m,8.20092103875,,,,,,,,,,2017_Oct_03_1111,59.9930295112,Exp13,001,040,
F, ,Stomach Ache,0,1,1,4,,,,,,,,,,,,,banana,,no stomach ache,z,1.30016805331,,,,,,,,,,2017_Oct_03_1111,59.9930295112,Exp13,001,040,
A,D,Stomach Ache,0,2,2,1,,,,,,,,,,,,,kiwi,strawberry,no stomach ache,z,1.46704516583,,,,,,,,,,2017_Oct_03_1111,59.9930295112,Exp13,001,040,
F,I,Stomach Ache,0,3,3,5,,,,,,,,,,,,,banana,peach,stomach ache,m,1.36702507781,,,,,,,,,,2017_Oct_03_1111,59.9930295112,Exp13,001,040,
H,J,No Stomach Ache,0,4,4,7,,,,,,,,,,,,,cherry,apple,stomach ache,m,1.68370064528,,,,,,,,,,2017_Oct_03_1111,59.9930295112,Exp13,001,040,
C,E,No Stomach Ache,0,5,5,3,,,,,,,,,,,,,mango,plum,no stomach ache,z,1.55016717844,,,,,,,,,,2017_Oct_03_1111,59.9930295112,Exp13,001,040,
B,E,Stomach Ache,0,6,6,2,,,,,,,,,,,,,pear,plum,stomach ache,m,1.81717811764,,,,,,,,,,2017_Oct_03_1111,59.9930295112,Exp13,001,040,
A, ,Stomach Ache,0,7,7,0,,,,,,,,,,,,,kiwi,,stomach ache,m,0.95034237107,,,,,,,,,,2017_Oct_03_1111,59.9930295112,Exp13,001,040,
G,J,Stomach Ache,1,0,8,6,,,,,,,,,,,,,orange,apple,stomach ache,m,1.43363572669,,,,,,,,,,2017_Oct_03_1111,59.9930295112,Exp13,001,040,
B,E,Stomach Ache,1,1,9,2,,,,,,,,,,,,,pear,plum,stomach ache,m,0.833755274827,,,,,,,,,,2017_Oct_03_1111,59.9930295112,Exp13,001,040,
H,J,No Stomach Ache,1,2,10,7,,,,,,,,,,,,,cherry,apple,no stomach ache,z,2.00052284822,,,,,,,,,,2017_Oct_03_1111,59.9930295112,Exp13,001,040,
A, ,Stomach Ache,1,3,11,0,,,,,,,,,,,,,kiwi,,stomach ache,m,6.20052557788,,,,,,,,,,2017_Oct_03_1111,59.9930295112,Exp13,001,040,
F, ,Stomach Ache,1,4,12,4,,,,,,,,,,,,,banana,,stomach ache,m,1.08360391489,,,,,,,,,,2017_Oct_03_1111,59.9930295112,Exp13,001,040,
C,E,No Stomach Ache,1,5,13,3,,,,,,,,,,,,,mango,plum,no stomach ache,z,0.900346675655,,,,,,,,,,2017_Oct_03_1111,59.9930295112,Exp13,001,040,
F,I,Stomach Ache,1,6,14,5,,,,,,,,,,,,,banana,peach,stomach ache,m,2.06710899947,,,,,,,,,,2017_Oct_03_1111,59.9930295112,Exp13,001,040,
A,D,Stomach Ache,1,7,15,1,,,,,,,,,,,,,kiwi,strawberry,stomach ache,m,1.11678062705,,,,,,,,,,2017_Oct_03_1111,59.9930295112,Exp13,001,040,
A, ,Stomach Ache,2,0,16,0,,,,,,,,,,,,,kiwi,,stomach ache,m,0.983732562105,,,,,,,,,,2017_Oct_03_1111,59.9930295112,Exp13,001,040,
A,D,Stomach Ache,2,1,17,1,,,,,,,,,,,,,kiwi,strawberry,stomach ache,m,0.566944515798,,,,,,,,,,2017_Oct_03_1111,59.9930295112,Exp13,001,040,
F, ,Stomach Ache,2,2,18,4,,,,,,,,,,,,,banana,,stomach ache,m,0.717057939561,,,,,,,,,,2017_Oct_03_1111,59.9930295112,Exp13,001,040,
B,E,Stomach Ache,2,3,19,2,,,,,,,,,,,,,pear,plum,stomach ache,m,0.666952005064,,,,,,,,,,2017_Oct_03_1111,59.9930295112,Exp13,001,040,
F,I,Stomach Ache,2,4,20,5,,,,,,,,,,,,,banana,peach,stomach ache,m,0.566944865801,,,,,,,,,,2017_Oct_03_1111,59.9930295112,Exp13,001,040,
G,J,Stomach Ache,2,5,21,6,,,,,,,,,,,,,orange,apple,stomach ache,m,1.10047294316,,,,,,,,,,2017_Oct_03_1111,59.9930295112,Exp13,001,040,
H,J,No Stomach Ache,2,6,22,7,,,,,,,,,,,,,cherry,apple,no stomach ache,z,2.55032361293,,,,,,,,,,2017_Oct_03_1111,59.9930295112,Exp13,001,040,
C,E,No Stomach Ache,2,7,23,3,,,,,,,,,,,,,mango,plum,no stomach ache,z,0.783681187197,,,,,,,,,,2017_Oct_03_1111,59.9930295112,Exp13,001,040,
F,I,Stomach Ache,3,0,24,5,,,,,,,,,,,,,banana,peach,stomach ache,m,0.567066303745,,,,,,,,,,2017_Oct_03_1111,59.9930295112,Exp13,001,040,
H,J,No Stomach Ache,3,1,25,7,,,,,,,,,,,,,cherry,apple,no stomach ache,z,1.03369991039,,,,,,,,,,2017_Oct_03_1111,59.9930295112,Exp13,001,040,
G,J,Stomach Ache,3,2,26,6,,,,,,,,,,,,,orange,apple,no stomach ache,z,0.7503606393,,,,,,,,,,2017_Oct_03_1111,59.9930295112,Exp13,001,040,
A,D,Stomach Ache,3,3,27,1,,,,,,,,,,,,,kiwi,strawberry,no stomach ache,z,1.05022247299,,,,,,,,,,2017_Oct_03_1111,59.9930295112,Exp13,001,040,
C,E,No Stomach Ache,3,4,28,3,,,,,,,,,,,,,mango,plum,no stomach ache,z,1.41706171917,,,,,,,,,,2017_Oct_03_1111,59.9930295112,Exp13,001,040,
B,E,Stomach Ache,3,5,29,2,,,,,,,,,,,,,pear,plum,stomach ache,m,0.96704866545,,,,,,,,,,2017_Oct_03_1111,59.9930295112,Exp13,001,040,
A, ,Stomach Ache,3,6,30,0,,,,,,,,,,,,,kiwi,,stomach ache,m,0.733721888158,,,,,,,,,,2017_Oct_03_1111,59.9930295112,Exp13,001,040,
F, ,Stomach Ache,3,7,31,4,,,,,,,,,,,,,banana,,stomach ache,m,0.550354409846,,,,,,,,,,2017_Oct_03_1111,59.9930295112,Exp13,001,040,
H,J,No Stomach Ache,4,0,32,7,,,,,,,,,,,,,cherry,apple,no stomach ache,z,1.26708863152,,,,,,,,,,2017_Oct_03_1111,59.9930295112,Exp13,001,040,
F, ,Stomach Ache,4,1,33,4,,,,,,,,,,,,,banana,,stomach ache,m,0.750365538755,,,,,,,,,,2017_Oct_03_1111,59.9930295112,Exp13,001,040,
F,I,Stomach Ache,4,2,34,5,,,,,,,,,,,,,banana,peach,stomach ache,m,0.667039146414,,,,,,,,,,2017_Oct_03_1111,59.9930295112,Exp13,001,040,
B,E,Stomach Ache,4,3,35,2,,,,,,,,,,,,,pear,plum,stomach ache,m,1.11702000332,,,,,,,,,,2017_Oct_03_1111,59.9930295112,Exp13,001,040,
A, ,Stomach Ache,4,4,36,0,,,,,,,,,,,,,kiwi,,stomach ache,m,0.766982592002,,,,,,,,,,2017_Oct_03_1111,59.9930295112,Exp13,001,040,
G,J,Stomach Ache,4,5,37,6,,,,,,,,,,,,,orange,apple,stomach ache,m,0.583721853152,,,,,,,,,,2017_Oct_03_1111,59.9930295112,Exp13,001,040,
C,E,No Stomach Ache,4,6,38,3,,,,,,,,,,,,,mango,plum,no stomach ache,z,1.50040490989,,,,,,,,,,2017_Oct_03_1111,59.9930295112,Exp13,001,040,
A,D,Stomach Ache,4,7,39,1,,,,,,,,,,,,,kiwi,strawberry,stomach ache,m,1.20038489182,,,,,,,,,,2017_Oct_03_1111,59.9930295112,Exp13,001,040,
C,E,No Stomach Ache,5,0,40,3,,,,,,,,,,,,,mango,plum,no stomach ache,z,0.967084711941,,,,,,,,,,2017_Oct_03_1111,59.9930295112,Exp13,001,040,
G,J,Stomach Ache,5,1,41,6,,,,,,,,,,,,,orange,apple,stomach ache,m,1.267043486,,,,,,,,,,2017_Oct_03_1111,59.9930295112,Exp13,001,040,
F, ,Stomach Ache,5,2,42,4,,,,,,,,,,,,,banana,,stomach ache,m,0.68362400285,,,,,,,,,,2017_Oct_03_1111,59.9930295112,Exp13,001,040,
F,I,Stomach Ache,5,3,43,5,,,,,,,,,,,,,banana,peach,stomach ache,m,0.983710514323,,,,,,,,,,2017_Oct_03_1111,59.9930295112,Exp13,001,040,
A, ,Stomach Ache,5,4,44,0,,,,,,,,,,,,,kiwi,,stomach ache,m,0.566759734123,,,,,,,,,,2017_Oct_03_1111,59.9930295112,Exp13,001,040,
B,E,Stomach Ache,5,5,45,2,,,,,,,,,,,,,pear,plum,stomach ache,m,1.03364146611,,,,,,,,,,2017_Oct_03_1111,59.9930295112,Exp13,001,040,
A,D,Stomach Ache,5,6,46,1,,,,,,,,,,,,,kiwi,strawberry,stomach ache,m,1.73372048832,,,,,,,,,,2017_Oct_03_1111,59.9930295112,Exp13,001,040,
H,J,No Stomach Ache,5,7,47,7,,,,,,,,,,,,,cherry,apple,no stomach ache,z,0.916809044254,,,,,,,,,,2017_Oct_03_1111,59.9930295112,Exp13,001,040,
F,I,Stomach Ache,6,0,48,5,,,,,,,,,,,,,banana,peach,stomach ache,m,0.567034806823,,,,,,,,,,2017_Oct_03_1111,59.9930295112,Exp13,001,040,
G,J,Stomach Ache,6,1,49,6,,,,,,,,,,,,,orange,apple,stomach ache,m,2.06715064537,,,,,,,,,,2017_Oct_03_1111,59.9930295112,Exp13,001,040,
A, ,Stomach Ache,6,2,50,0,,,,,,,,,,,,,kiwi,,stomach ache,m,0.533671213198,,,,,,,,,,2017_Oct_03_1111,59.9930295112,Exp13,001,040,
C,E,No Stomach Ache,6,3,51,3,,,,,,,,,,,,,mango,plum,no stomach ache,z,0.650374147866,,,,,,,,,,2017_Oct_03_1111,59.9930295112,Exp13,001,040,
F, ,Stomach Ache,6,4,52,4,,,,,,,,,,,,,banana,,stomach ache,m,0.600211868994,,,,,,,,,,2017_Oct_03_1111,59.9930295112,Exp13,001,040,
H,J,No Stomach Ache,6,5,53,7,,,,,,,,,,,,,cherry,apple,no stomach ache,z,1.03374190617,,,,,,,,,,2017_Oct_03_1111,59.9930295112,Exp13,001,040,
A,D,Stomach Ache,6,6,54,1,,,,,,,,,,,,,kiwi,strawberry,stomach ache,m,0.650280707167,,,,,,,,,,2017_Oct_03_1111,59.9930295112,Exp13,001,040,
B,E,Stomach Ache,6,7,55,2,,,,,,,,,,,,,pear,plum,stomach ache,m,1.75034874043,,,,,,,,,,2017_Oct_03_1111,59.9930295112,Exp13,001,040,
F, ,Stomach Ache,7,0,56,4,,,,,,,,,,,,,banana,,stomach ache,m,1.33368213213,,,,,,,,,,2017_Oct_03_1111,59.9930295112,Exp13,001,040,
B,E,Stomach Ache,7,1,57,2,,,,,,,,,,,,,pear,plum,stomach ache,m,1.45036791853,,,,,,,,,,2017_Oct_03_1111,59.9930295112,Exp13,001,040,
C,E,No Stomach Ache,7,2,58,3,,,,,,,,,,,,,mango,plum,no stomach ache,z,0.61698675662,,,,,,,,,,2017_Oct_03_1111,59.9930295112,Exp13,001,040,
A,D,Stomach Ache,7,3,59,1,,,,,,,,,,,,,kiwi,strawberry,stomach ache,m,0.90033057722,,,,,,,,,,2017_Oct_03_1111,59.9930295112,Exp13,001,040,
H,J,No Stomach Ache,7,4,60,7,,,,,,,,,,,,,cherry,apple,no stomach ache,z,1.46701366891,,,,,,,,,,2017_Oct_03_1111,59.9930295112,Exp13,001,040,
A, ,Stomach Ache,7,5,61,0,,,,,,,,,,,,,kiwi,,stomach ache,m,1.83352744742,,,,,,,,,,2017_Oct_03_1111,59.9930295112,Exp13,001,040,
G,J,Stomach Ache,7,6,62,6,,,,,,,,,,,,,orange,apple,stomach ache,m,1.85035308002,,,,,,,,,,2017_Oct_03_1111,59.9930295112,Exp13,001,040,
F,I,Stomach Ache,7,7,63,5,,,,,,,,,,,,,banana,peach,stomach ache,m,1.80031958834,,,,,,,,,,2017_Oct_03_1111,59.9930295112,Exp13,001,040,
A,D,Stomach Ache,8,0,64,1,,,,,,,,,,,,,kiwi,strawberry,stomach ache,m,0.533652665035,,,,,,,,,,2017_Oct_03_1111,59.9930295112,Exp13,001,040,
C,E,No Stomach Ache,8,1,65,3,,,,,,,,,,,,,mango,plum,no stomach ache,z,0.383610984194,,,,,,,,,,2017_Oct_03_1111,59.9930295112,Exp13,001,040,
H,J,No Stomach Ache,8,2,66,7,,,,,,,,,,,,,cherry,apple,stomach ache,m,0.600170923048,,,,,,,,,,2017_Oct_03_1111,59.9930295112,Exp13,001,040,
G,J,Stomach Ache,8,3,67,6,,,,,,,,,,,,,orange,apple,stomach ache,m,1.36702962732,,,,,,,,,,2017_Oct_03_1111,59.9930295112,Exp13,001,040,
F,I,Stomach Ache,8,4,68,5,,,,,,,,,,,,,banana,peach,stomach ache,m,0.700205359666,,,,,,,,,,2017_Oct_03_1111,59.9930295112,Exp13,001,040,
B,E,Stomach Ache,8,5,69,2,,,,,,,,,,,,,pear,plum,stomach ache,m,0.800367183576,,,,,,,,,,2017_Oct_03_1111,59.9930295112,Exp13,001,040,
F, ,Stomach Ache,8,6,70,4,,,,,,,,,,,,,banana,,stomach ache,m,0.566967263527,,,,,,,,,,2017_Oct_03_1111,59.9930295112,Exp13,001,040,
A, ,Stomach Ache,8,7,71,0,,,,,,,,,,,,,kiwi,,stomach ache,m,0.833581692073,,,,,,,,,,2017_Oct_03_1111,59.9930295112,Exp13,001,040,
F,I,Stomach Ache,9,0,72,5,,,,,,,,,,,,,banana,peach,stomach ache,m,0.883705824788,,,,,,,,,,2017_Oct_03_1111,59.9930295112,Exp13,001,040,
F, ,Stomach Ache,9,1,73,4,,,,,,,,,,,,,banana,,stomach ache,m,0.533699210384,,,,,,,,,,2017_Oct_03_1111,59.9930295112,Exp13,001,040,
B,E,Stomach Ache,9,2,74,2,,,,,,,,,,,,,pear,plum,stomach ache,m,0.850350980181,,,,,,,,,,2017_Oct_03_1111,59.9930295112,Exp13,001,040,
A,D,Stomach Ache,9,3,75,1,,,,,,,,,,,,,kiwi,strawberry,stomach ache,m,0.517003064975,,,,,,,,,,2017_Oct_03_1111,59.9930295112,Exp13,001,040,
C,E,No Stomach Ache,9,4,76,3,,,,,,,,,,,,,mango,plum,no stomach ache,z,1.03369081125,,,,,,,,,,2017_Oct_03_1111,59.9930295112,Exp13,001,040,
G,J,Stomach Ache,9,5,77,6,,,,,,,,,,,,,orange,apple,stomach ache,m,0.983855749888,,,,,,,,,,2017_Oct_03_1111,59.9930295112,Exp13,001,040,
H,J,No Stomach Ache,9,6,78,7,,,,,,,,,,,,,cherry,apple,no stomach ache,z,0.950497055717,,,,,,,,,,2017_Oct_03_1111,59.9930295112,Exp13,001,040,
A, ,Stomach Ache,9,7,79,0,,,,,,,,,,,,,kiwi,,stomach ache,m,0.466960474208,,,,,,,,,,2017_Oct_03_1111,59.9930295112,Exp13,001,040,
G,J,Stomach Ache,10,0,80,6,,,,,,,,,,,,,orange,apple,stomach ache,m,1.10032175813,,,,,,,,,,2017_Oct_03_1111,59.9930295112,Exp13,001,040,
F, ,Stomach Ache,10,1,81,4,,,,,,,,,,,,,banana,,stomach ache,m,1.46721244924,,,,,,,,,,2017_Oct_03_1111,59.9930295112,Exp13,001,040,
A, ,Stomach Ache,10,2,82,0,,,,,,,,,,,,,kiwi,,stomach ache,m,0.716903604858,,,,,,,,,,2017_Oct_03_1111,59.9930295112,Exp13,001,040,
C,E,No Stomach Ache,10,3,83,3,,,,,,,,,,,,,mango,plum,no stomach ache,z,0.700305099774,,,,,,,,,,2017_Oct_03_1111,59.9930295112,Exp13,001,040,
B,E,Stomach Ache,10,4,84,2,,,,,,,,,,,,,pear,plum,stomach ache,m,0.850298135483,,,,,,,,,,2017_Oct_03_1111,59.9930295112,Exp13,001,040,
H,J,No Stomach Ache,10,5,85,7,,,,,,,,,,,,,cherry,apple,no stomach ache,z,0.583575217694,,,,,,,,,,2017_Oct_03_1111,59.9930295112,Exp13,001,040,
F,I,Stomach Ache,10,6,86,5,,,,,,,,,,,,,banana,peach,stomach ache,m,0.650332851976,,,,,,,,,,2017_Oct_03_1111,59.9930295112,Exp13,001,040,
A,D,Stomach Ache,10,7,87,1,,,,,,,,,,,,,kiwi,strawberry,stomach ache,m,1.2836797873,,,,,,,,,,2017_Oct_03_1111,59.9930295112,Exp13,001,040,
A,D,Stomach Ache,11,0,88,1,,,,,,,,,,,,,kiwi,strawberry,stomach ache,m,0.600585631968,,,,,,,,,,2017_Oct_03_1111,59.9930295112,Exp13,001,040,
B,E,Stomach Ache,11,1,89,2,,,,,,,,,,,,,pear,plum,stomach ache,m,1.00022432778,,,,,,,,,,2017_Oct_03_1111,59.9930295112,Exp13,001,040,
C,E,No Stomach Ache,11,2,90,3,,,,,,,,,,,,,mango,plum,no stomach ache,z,0.866922887973,,,,,,,,,,2017_Oct_03_1111,59.9930295112,Exp13,001,040,
H,J,No Stomach Ache,11,3,91,7,,,,,,,,,,,,,cherry,apple,no stomach ache,z,1.83364713559,,,,,,,,,,2017_Oct_03_1111,59.9930295112,Exp13,001,040,
A, ,Stomach Ache,11,4,92,0,,,,,,,,,,,,,kiwi,,stomach ache,m,0.450328722422,,,,,,,,,,2017_Oct_03_1111,59.9930295112,Exp13,001,040,
F, ,Stomach Ache,11,5,93,4,,,,,,,,,,,,,banana,,stomach ache,m,0.516967718489,,,,,,,,,,2017_Oct_03_1111,59.9930295112,Exp13,001,040,
F,I,Stomach Ache,11,6,94,5,,,,,,,,,,,,,banana,peach,stomach ache,m,0.550180127146,,,,,,,,,,2017_Oct_03_1111,59.9930295112,Exp13,001,040,
G,J,Stomach Ache,11,7,95,6,,,,,,,,,,,,,orange,apple,stomach ache,m,2.75052862265,,,,,,,,,,2017_Oct_03_1111,59.9930295112,Exp13,001,040,
D,C,Stomach Ache,,,,,0,0,0,0,,,,,,,,,strawberry,mango,no stomach ache,,,z,7.1171704884,,,,,,,,2017_Oct_03_1111,59.9930295112,Exp13,001,040,
D,C,Stomach Ache,,,,,1,0,1,0,,,,,,,,,strawberry,mango,stomach ache,,,m,0.733510859078,,,,,,,,2017_Oct_03_1111,59.9930295112,Exp13,001,040,
D,C,Stomach Ache,,,,,2,0,2,0,,,,,,,,,strawberry,mango,stomach ache,,,m,0.683494515659,,,,,,,,2017_Oct_03_1111,59.9930295112,Exp13,001,040,
D,C,Stomach Ache,,,,,3,0,3,0,,,,,,,,,strawberry,mango,stomach ache,,,m,0.567050555255,,,,,,,,2017_Oct_03_1111,59.9930295112,Exp13,001,040,
D,C,Stomach Ache,,,,,4,0,4,0,,,,,,,,,strawberry,mango,stomach ache,,,m,0.617036451702,,,,,,,,2017_Oct_03_1111,59.9930295112,Exp13,001,040,
D,C,Stomach Ache,,,,,5,0,5,0,,,,,,,,,strawberry,mango,stomach ache,,,m,0.583754399908,,,,,,,,2017_Oct_03_1111,59.9930295112,Exp13,001,040,
,,,,,,,,,,,,,,,,,,,,,,,,,,space,0.550400255306,,,,,,2017_Oct_03_1111,59.9930295112,Exp13,001,040,
B, ,,,,,,,,,,0,0,0,1,,,,,pear,,,,,,,,,8,9.536,"[(None, 0.0), (u'8', 9.536)]",,,2017_Oct_03_1111,59.9930295112,Exp13,001,040,
I,C,,,,,,,,,,0,1,1,10,,,,,peach,mango,,,,,,,,3,7.154,"[(None, 0.0), (u'3', 7.154)]",,,2017_Oct_03_1111,59.9930295112,Exp13,001,040,
I, ,,,,,,,,,,0,2,2,8,,,,,peach,,,,,,,,,5,2.753,"[(None, 0.0), (u'5', 2.753)]",,,2017_Oct_03_1111,59.9930295112,Exp13,001,040,
E, ,,,,,,,,,,0,3,3,4,,,,,plum,,,,,,,,,2,2.02,"[(None, 0.0), (u'2', 2.02)]",,,2017_Oct_03_1111,59.9930295112,Exp13,001,040,
G, ,,,,,,,,,,0,4,4,6,,,,,orange,,,,,,,,,8,2.27,"[(None, 0.0), (u'8', 2.27)]",,,2017_Oct_03_1111,59.9930295112,Exp13,001,040,
A, ,,,,,,,,,,0,5,5,0,,,,,kiwi,,,,,,,,,10,1.003,"[(None, 0.0), (u'10', 1.003)]",,,2017_Oct_03_1111,59.9930295112,Exp13,001,040,
J, ,,,,,,,,,,0,6,6,9,,,,,apple,,,,,,,,,2,3.37,"[(None, 0.0), (u'2', 3.37)]",,,2017_Oct_03_1111,59.9930295112,Exp13,001,040,
C, ,,,,,,,,,,0,7,7,2,,,,,mango,,,,,,,,,2,0.953,"[(None, 0.0), (u'2', 0.953)]",,,2017_Oct_03_1111,59.9930295112,Exp13,001,040,
H, ,,,,,,,,,,0,8,8,7,,,,,cherry,,,,,,,,,2,0.703,"[(None, 0.0), (u'2', 0.703)]",,,2017_Oct_03_1111,59.9930295112,Exp13,001,040,
F, ,,,,,,,,,,0,9,9,5,,,,,banana,,,,,,,,,10,1.303,"[(None, 0.0), (u'10', 1.303)]",,,2017_Oct_03_1111,59.9930295112,Exp13,001,040,
D,H,,,,,,,,,,0,10,10,11,,,,,strawberry,cherry,,,,,,,,7,3.203,"[(None, 0.0), (u'7', 3.203)]",,,2017_Oct_03_1111,59.9930295112,Exp13,001,040,
D, ,,,,,,,,,,0,11,11,3,,,,,strawberry,,,,,,,,,9,1.753,"[(None, 0.0), (u'9', 1.753)]",,,2017_Oct_03_1111,59.9930295112,Exp13,001,040,
B, ,,,,,,,,,,1,0,12,1,,,,,pear,,,,,,,,,7,2.52,"[(None, 0.0), (u'7', 2.52)]",,,2017_Oct_03_1111,59.9930295112,Exp13,001,040,
F, ,,,,,,,,,,1,1,13,5,,,,,banana,,,,,,,,,10,0.986,"[(None, 0.0), (u'10', 0.986)]",,,2017_Oct_03_1111,59.9930295112,Exp13,001,040,
D, ,,,,,,,,,,1,2,14,3,,,,,strawberry,,,,,,,,,8,0.92,"[(None, 0.0), (u'8', 0.92)]",,,2017_Oct_03_1111,59.9930295112,Exp13,001,040,
A, ,,,,,,,,,,1,3,15,0,,,,,kiwi,,,,,,,,,9,1.12,"[(None, 0.0), (u'9', 1.12)]",,,2017_Oct_03_1111,59.9930295112,Exp13,001,040,
E, ,,,,,,,,,,1,4,16,4,,,,,plum,,,,,,,,,2,1.37,"[(None, 0.0), (u'2', 1.37)]",,,2017_Oct_03_1111,59.9930295112,Exp13,001,040,
D,H,,,,,,,,,,1,5,17,11,,,,,strawberry,cherry,,,,,,,,7,4.47,"[(None, 0.0), (u'7', 4.47)]",,,2017_Oct_03_1111,59.9930295112,Exp13,001,040,
C, ,,,,,,,,,,1,6,18,2,,,,,mango,,,,,,,,,1,1.736,"[(None, 0.0), (u'1', 1.736)]",,,2017_Oct_03_1111,59.9930295112,Exp13,001,040,
J, ,,,,,,,,,,1,7,19,9,,,,,apple,,,,,,,,,3,4.203,"[(None, 0.0), (u'3', 4.203)]",,,2017_Oct_03_1111,59.9930295112,Exp13,001,040,
G, ,,,,,,,,,,1,8,20,6,,,,,orange,,,,,,,,,8,3.153,"[(None, 0.0), (u'8', 3.153)]",,,2017_Oct_03_1111,59.9930295112,Exp13,001,040,
H, ,,,,,,,,,,1,9,21,7,,,,,cherry,,,,,,,,,2,1.486,"[(None, 0.0), (u'2', 1.486)]",,,2017_Oct_03_1111,59.9930295112,Exp13,001,040,
I, ,,,,,,,,,,1,10,22,8,,,,,peach,,,,,,,,,5,2.653,"[(None, 0.0), (u'5', 2.653)]",,,2017_Oct_03_1111,59.9930295112,Exp13,001,040,
I,C,,,,,,,,,,1,11,23,10,,,,,peach,mango,,,,,,,,5,1.836,"[(None, 0.0), (u'5', 1.836)]",,,2017_Oct_03_1111,59.9930295112,Exp13,001,040,
,,,,,,,,,,,,,,,,,,,,,,,,,,,,,,,space,2.40099621128,2017_Oct_03_1111,59.9930295112,Exp13,001,040,
